split_blocking_group_id,herb_id,exclusion_status,exclusion_reason,future_unsupervised_use_allowed
HBG_005628e0e7c1,H0056,CONTEXT_ONLY_EXCLUDED_FROM_FORMAL_SPLIT,No benchmark-positive herb in the blocking group,False
HBG_00b7bc63c9b2,H0233,CONTEXT_ONLY_EXCLUDED_FROM_FORMAL_SPLIT,No benchmark-positive herb in the blocking group,False
HBG_00e1946398f7,H0227,CONTEXT_ONLY_EXCLUDED_FROM_FORMAL_SPLIT,No benchmark-positive herb in the blocking group,False
HBG_013c8034d077,H0057,CONTEXT_ONLY_EXCLUDED_FROM_FORMAL_SPLIT,No benchmark-positive herb in the blocking group,False
HBG_014b20d392a8,H0482,CONTEXT_ONLY_EXCLUDED_FROM_FORMAL_SPLIT,No benchmark-positive herb in the blocking group,False
HBG_01974337c0b6,H0291,CONTEXT_ONLY_EXCLUDED_FROM_FORMAL_SPLIT,No benchmark-positive herb in the blocking group,False
HBG_01a172d77d34,H0351,CONTEXT_ONLY_EXCLUDED_FROM_FORMAL_SPLIT,No benchmark-positive herb in the blocking group,False
HBG_01a40ac6bac4,H0198,CONTEXT_ONLY_EXCLUDED_FROM_FORMAL_SPLIT,No benchmark-positive herb in the blocking group,False
HBG_01b5eececfe9,H0247,CONTEXT_ONLY_EXCLUDED_FROM_FORMAL_SPLIT,No benchmark-positive herb in the blocking group,False
HBG_0226177b6285,H0333,CONTEXT_ONLY_EXCLUDED_FROM_FORMAL_SPLIT,No benchmark-positive herb in the blocking group,False
HBG_02b0c6b80aab,H0339,CONTEXT_ONLY_EXCLUDED_FROM_FORMAL_SPLIT,No benchmark-positive herb in the blocking group,False
HBG_02f6e3c66dff,H0471,CONTEXT_ONLY_EXCLUDED_FROM_FORMAL_SPLIT,No benchmark-positive herb in the blocking group,False
HBG_0337cf72ccba,H0370,CONTEXT_ONLY_EXCLUDED_FROM_FORMAL_SPLIT,No benchmark-positive herb in the blocking group,False
HBG_03c79ad1832e,H0452,CONTEXT_ONLY_EXCLUDED_FROM_FORMAL_SPLIT,No benchmark-positive herb in the blocking group,False
HBG_03d1fa53466f,H0379,CONTEXT_ONLY_EXCLUDED_FROM_FORMAL_SPLIT,No benchmark-positive herb in the blocking group,False
HBG_040ab2801ceb,H0345,CONTEXT_ONLY_EXCLUDED_FROM_FORMAL_SPLIT,No benchmark-positive herb in the blocking group,False
HBG_040d5c2eb105,H0130,CONTEXT_ONLY_EXCLUDED_FROM_FORMAL_SPLIT,No benchmark-positive herb in the blocking group,False
HBG_04c124fe2872,H0125,CONTEXT_ONLY_EXCLUDED_FROM_FORMAL_SPLIT,No benchmark-positive herb in the blocking group,False
HBG_0530df36afaf,H0086,CONTEXT_ONLY_EXCLUDED_FROM_FORMAL_SPLIT,No benchmark-positive herb in the blocking group,False
HBG_05638e08eab1,H0082,CONTEXT_ONLY_EXCLUDED_FROM_FORMAL_SPLIT,No benchmark-positive herb in the blocking group,False
HBG_0592e812a8ef,H0431,CONTEXT_ONLY_EXCLUDED_FROM_FORMAL_SPLIT,No benchmark-positive herb in the blocking group,False
HBG_05c355e99122,H0336,CONTEXT_ONLY_EXCLUDED_FROM_FORMAL_SPLIT,No benchmark-positive herb in the blocking group,False
HBG_05d279bc2a51,H0140,CONTEXT_ONLY_EXCLUDED_FROM_FORMAL_SPLIT,No benchmark-positive herb in the blocking group,False
HBG_06fcbce280af,H0319,CONTEXT_ONLY_EXCLUDED_FROM_FORMAL_SPLIT,No benchmark-positive herb in the blocking group,False
HBG_07030dbe09ab,H0432,CONTEXT_ONLY_EXCLUDED_FROM_FORMAL_SPLIT,No benchmark-positive herb in the blocking group,False
HBG_079e3e8041d7,H0204,CONTEXT_ONLY_EXCLUDED_FROM_FORMAL_SPLIT,No benchmark-positive herb in the blocking group,False
HBG_07b0c21c7913,H0568,CONTEXT_ONLY_EXCLUDED_FROM_FORMAL_SPLIT,No benchmark-positive herb in the blocking group,False
HBG_081e3e678ec4,H0569,CONTEXT_ONLY_EXCLUDED_FROM_FORMAL_SPLIT,No benchmark-positive herb in the blocking group,False
HBG_0828edcebfd3,H0085,CONTEXT_ONLY_EXCLUDED_FROM_FORMAL_SPLIT,No benchmark-positive herb in the blocking group,False
HBG_08937bb0fadb,H0183,CONTEXT_ONLY_EXCLUDED_FROM_FORMAL_SPLIT,No benchmark-positive herb in the blocking group,False
HBG_08eccae4b698,H0512,CONTEXT_ONLY_EXCLUDED_FROM_FORMAL_SPLIT,No benchmark-positive herb in the blocking group,False
HBG_08ef0a19f4af,H0179,CONTEXT_ONLY_EXCLUDED_FROM_FORMAL_SPLIT,No benchmark-positive herb in the blocking group,False
HBG_092d6bd8b0c6,H0448,CONTEXT_ONLY_EXCLUDED_FROM_FORMAL_SPLIT,No benchmark-positive herb in the blocking group,False
HBG_09387d1f9b83,H0484,CONTEXT_ONLY_EXCLUDED_FROM_FORMAL_SPLIT,No benchmark-positive herb in the blocking group,False
HBG_094050e2750c,H0473,CONTEXT_ONLY_EXCLUDED_FROM_FORMAL_SPLIT,No benchmark-positive herb in the blocking group,False
HBG_09ca0f434d77,H0537,CONTEXT_ONLY_EXCLUDED_FROM_FORMAL_SPLIT,No benchmark-positive herb in the blocking group,False
HBG_09d240b0d799,H0006,CONTEXT_ONLY_EXCLUDED_FROM_FORMAL_SPLIT,No benchmark-positive herb in the blocking group,False
HBG_09ea31ca8958,H0013,CONTEXT_ONLY_EXCLUDED_FROM_FORMAL_SPLIT,No benchmark-positive herb in the blocking group,False
HBG_0a33d5099e23,H0011,CONTEXT_ONLY_EXCLUDED_FROM_FORMAL_SPLIT,No benchmark-positive herb in the blocking group,False
HBG_0a5090eb5c4b,H0525,CONTEXT_ONLY_EXCLUDED_FROM_FORMAL_SPLIT,No benchmark-positive herb in the blocking group,False
HBG_0ad3bf48bf53,H0190,CONTEXT_ONLY_EXCLUDED_FROM_FORMAL_SPLIT,No benchmark-positive herb in the blocking group,False
HBG_0b29c5ef152f,H0052,CONTEXT_ONLY_EXCLUDED_FROM_FORMAL_SPLIT,No benchmark-positive herb in the blocking group,False
HBG_0b4d30887393,H0295,CONTEXT_ONLY_EXCLUDED_FROM_FORMAL_SPLIT,No benchmark-positive herb in the blocking group,False
HBG_0bc5edc2c38a,H0422,CONTEXT_ONLY_EXCLUDED_FROM_FORMAL_SPLIT,No benchmark-positive herb in the blocking group,False
HBG_0c1a772b814e,H0049,CONTEXT_ONLY_EXCLUDED_FROM_FORMAL_SPLIT,No benchmark-positive herb in the blocking group,False
HBG_0c407566f8d3,H0356,CONTEXT_ONLY_EXCLUDED_FROM_FORMAL_SPLIT,No benchmark-positive herb in the blocking group,False
HBG_0d0b3964d24d,H0515,CONTEXT_ONLY_EXCLUDED_FROM_FORMAL_SPLIT,No benchmark-positive herb in the blocking group,False
HBG_0e02cca3a84c,H0218,CONTEXT_ONLY_EXCLUDED_FROM_FORMAL_SPLIT,No benchmark-positive herb in the blocking group,False
HBG_0e10bda9fc3e,H0136,CONTEXT_ONLY_EXCLUDED_FROM_FORMAL_SPLIT,No benchmark-positive herb in the blocking group,False
HBG_0f7692e6ff25,H0080,CONTEXT_ONLY_EXCLUDED_FROM_FORMAL_SPLIT,No benchmark-positive herb in the blocking group,False
HBG_102f866d9510,H0362,CONTEXT_ONLY_EXCLUDED_FROM_FORMAL_SPLIT,No benchmark-positive herb in the blocking group,False
HBG_11be7b052bde,H0372,CONTEXT_ONLY_EXCLUDED_FROM_FORMAL_SPLIT,No benchmark-positive herb in the blocking group,False
HBG_12f5b18a1706,H0376,CONTEXT_ONLY_EXCLUDED_FROM_FORMAL_SPLIT,No benchmark-positive herb in the blocking group,False
HBG_134da396d8d5,H0071,CONTEXT_ONLY_EXCLUDED_FROM_FORMAL_SPLIT,No benchmark-positive herb in the blocking group,False
HBG_13fc924be3e1,H0045,CONTEXT_ONLY_EXCLUDED_FROM_FORMAL_SPLIT,No benchmark-positive herb in the blocking group,False
HBG_145cbe84d77d,H0317,CONTEXT_ONLY_EXCLUDED_FROM_FORMAL_SPLIT,No benchmark-positive herb in the blocking group,False
HBG_14b29dc5cab4,H0533,CONTEXT_ONLY_EXCLUDED_FROM_FORMAL_SPLIT,No benchmark-positive herb in the blocking group,False
HBG_14deb49af05a,H0115,CONTEXT_ONLY_EXCLUDED_FROM_FORMAL_SPLIT,No benchmark-positive herb in the blocking group,False
HBG_1527ed3e5cf7,H0406,CONTEXT_ONLY_EXCLUDED_FROM_FORMAL_SPLIT,No benchmark-positive herb in the blocking group,False
HBG_1565a9dfb95a,H0321,CONTEXT_ONLY_EXCLUDED_FROM_FORMAL_SPLIT,No benchmark-positive herb in the blocking group,False
HBG_163f3d4f3449,H0255,CONTEXT_ONLY_EXCLUDED_FROM_FORMAL_SPLIT,No benchmark-positive herb in the blocking group,False
HBG_16be65383c64,H0297,CONTEXT_ONLY_EXCLUDED_FROM_FORMAL_SPLIT,No benchmark-positive herb in the blocking group,False
HBG_16c77ada2c46,H0288,CONTEXT_ONLY_EXCLUDED_FROM_FORMAL_SPLIT,No benchmark-positive herb in the blocking group,False
HBG_16e872d84c4d,H0445,CONTEXT_ONLY_EXCLUDED_FROM_FORMAL_SPLIT,No benchmark-positive herb in the blocking group,False
HBG_17085bc9d05c,H0156,CONTEXT_ONLY_EXCLUDED_FROM_FORMAL_SPLIT,No benchmark-positive herb in the blocking group,False
HBG_18fa74276cb5,H0876,CONTEXT_ONLY_EXCLUDED_FROM_FORMAL_SPLIT,No benchmark-positive herb in the blocking group,False
HBG_19014f2b6721,H0178,CONTEXT_ONLY_EXCLUDED_FROM_FORMAL_SPLIT,No benchmark-positive herb in the blocking group,False
HBG_19043ee1548b,H0199,CONTEXT_ONLY_EXCLUDED_FROM_FORMAL_SPLIT,No benchmark-positive herb in the blocking group,False
HBG_199a887e157d,H0518,CONTEXT_ONLY_EXCLUDED_FROM_FORMAL_SPLIT,No benchmark-positive herb in the blocking group,False
HBG_19ff9cedb22a,H0503,CONTEXT_ONLY_EXCLUDED_FROM_FORMAL_SPLIT,No benchmark-positive herb in the blocking group,False
HBG_1aa82c7db728,H0044,CONTEXT_ONLY_EXCLUDED_FROM_FORMAL_SPLIT,No benchmark-positive herb in the blocking group,False
HBG_1ab4c80fee92,H0147,CONTEXT_ONLY_EXCLUDED_FROM_FORMAL_SPLIT,No benchmark-positive herb in the blocking group,False
HBG_1abc2c8d0407,H0058,CONTEXT_ONLY_EXCLUDED_FROM_FORMAL_SPLIT,No benchmark-positive herb in the blocking group,False
HBG_1c55930ace59,H0073,CONTEXT_ONLY_EXCLUDED_FROM_FORMAL_SPLIT,No benchmark-positive herb in the blocking group,False
HBG_1ce5fd0f7ac7,H0263,CONTEXT_ONLY_EXCLUDED_FROM_FORMAL_SPLIT,No benchmark-positive herb in the blocking group,False
HBG_1d5decc1aaca,H0098,CONTEXT_ONLY_EXCLUDED_FROM_FORMAL_SPLIT,No benchmark-positive herb in the blocking group,False
HBG_1ddc7a859844,H0170,CONTEXT_ONLY_EXCLUDED_FROM_FORMAL_SPLIT,No benchmark-positive herb in the blocking group,False
HBG_1e5dd67e7d47,H0280,CONTEXT_ONLY_EXCLUDED_FROM_FORMAL_SPLIT,No benchmark-positive herb in the blocking group,False
HBG_1e7a78a59ac0,H0028,CONTEXT_ONLY_EXCLUDED_FROM_FORMAL_SPLIT,No benchmark-positive herb in the blocking group,False
HBG_1efe23e9796e,H0265,CONTEXT_ONLY_EXCLUDED_FROM_FORMAL_SPLIT,No benchmark-positive herb in the blocking group,False
HBG_1f742c6c4504,H0419,CONTEXT_ONLY_EXCLUDED_FROM_FORMAL_SPLIT,No benchmark-positive herb in the blocking group,False
HBG_206b31263bac,H0375,CONTEXT_ONLY_EXCLUDED_FROM_FORMAL_SPLIT,No benchmark-positive herb in the blocking group,False
HBG_209da42b4511,H0230,CONTEXT_ONLY_EXCLUDED_FROM_FORMAL_SPLIT,No benchmark-positive herb in the blocking group,False
HBG_20e0deba1ee8,H0411,CONTEXT_ONLY_EXCLUDED_FROM_FORMAL_SPLIT,No benchmark-positive herb in the blocking group,False
HBG_214a2b0e4ee2,H0487,CONTEXT_ONLY_EXCLUDED_FROM_FORMAL_SPLIT,No benchmark-positive herb in the blocking group,False
HBG_21782fd22a93,H0094,CONTEXT_ONLY_EXCLUDED_FROM_FORMAL_SPLIT,No benchmark-positive herb in the blocking group,False
HBG_2309cdae6107,H0200,CONTEXT_ONLY_EXCLUDED_FROM_FORMAL_SPLIT,No benchmark-positive herb in the blocking group,False
HBG_242d509d4888,H0113,CONTEXT_ONLY_EXCLUDED_FROM_FORMAL_SPLIT,No benchmark-positive herb in the blocking group,False
HBG_25bed7adce8f,H0547,CONTEXT_ONLY_EXCLUDED_FROM_FORMAL_SPLIT,No benchmark-positive herb in the blocking group,False
HBG_25da2b02ff3e,H0427,CONTEXT_ONLY_EXCLUDED_FROM_FORMAL_SPLIT,No benchmark-positive herb in the blocking group,False
HBG_2607af7df66c,H0187,CONTEXT_ONLY_EXCLUDED_FROM_FORMAL_SPLIT,No benchmark-positive herb in the blocking group,False
HBG_26b0c172a29c,H0238,CONTEXT_ONLY_EXCLUDED_FROM_FORMAL_SPLIT,No benchmark-positive herb in the blocking group,False
HBG_2721b304cb93,H0096,CONTEXT_ONLY_EXCLUDED_FROM_FORMAL_SPLIT,No benchmark-positive herb in the blocking group,False
HBG_27822b90ea02,H0105,CONTEXT_ONLY_EXCLUDED_FROM_FORMAL_SPLIT,No benchmark-positive herb in the blocking group,False
HBG_28661fb98359,H0167,CONTEXT_ONLY_EXCLUDED_FROM_FORMAL_SPLIT,No benchmark-positive herb in the blocking group,False
HBG_288e15a18005,H0497,CONTEXT_ONLY_EXCLUDED_FROM_FORMAL_SPLIT,No benchmark-positive herb in the blocking group,False
HBG_2906bdd99bcb,H0084,CONTEXT_ONLY_EXCLUDED_FROM_FORMAL_SPLIT,No benchmark-positive herb in the blocking group,False
HBG_2997b7d21ebb,H0322,CONTEXT_ONLY_EXCLUDED_FROM_FORMAL_SPLIT,No benchmark-positive herb in the blocking group,False
HBG_29d2b80aba5b,H0526,CONTEXT_ONLY_EXCLUDED_FROM_FORMAL_SPLIT,No benchmark-positive herb in the blocking group,False
HBG_29d3e4101991,H0296,CONTEXT_ONLY_EXCLUDED_FROM_FORMAL_SPLIT,No benchmark-positive herb in the blocking group,False
HBG_2b0daa529576,H0059,CONTEXT_ONLY_EXCLUDED_FROM_FORMAL_SPLIT,No benchmark-positive herb in the blocking group,False
HBG_2b828a106771,H0557,CONTEXT_ONLY_EXCLUDED_FROM_FORMAL_SPLIT,No benchmark-positive herb in the blocking group,False
HBG_2bd21d965cc3,H0281,CONTEXT_ONLY_EXCLUDED_FROM_FORMAL_SPLIT,No benchmark-positive herb in the blocking group,False
HBG_2be67737c1dd,H0491,CONTEXT_ONLY_EXCLUDED_FROM_FORMAL_SPLIT,No benchmark-positive herb in the blocking group,False
HBG_2bee0e5fc310,H0277,CONTEXT_ONLY_EXCLUDED_FROM_FORMAL_SPLIT,No benchmark-positive herb in the blocking group,False
HBG_2e62b1ce6e5f,H0301,CONTEXT_ONLY_EXCLUDED_FROM_FORMAL_SPLIT,No benchmark-positive herb in the blocking group,False
HBG_2edd65079091,H0155,CONTEXT_ONLY_EXCLUDED_FROM_FORMAL_SPLIT,No benchmark-positive herb in the blocking group,False
HBG_3124325fc5d7,H0038,CONTEXT_ONLY_EXCLUDED_FROM_FORMAL_SPLIT,No benchmark-positive herb in the blocking group,False
HBG_31be0748f848,H0173,CONTEXT_ONLY_EXCLUDED_FROM_FORMAL_SPLIT,No benchmark-positive herb in the blocking group,False
HBG_31e01e152e9c,H0433,CONTEXT_ONLY_EXCLUDED_FROM_FORMAL_SPLIT,No benchmark-positive herb in the blocking group,False
HBG_31e6caadeccb,H0385,CONTEXT_ONLY_EXCLUDED_FROM_FORMAL_SPLIT,No benchmark-positive herb in the blocking group,False
HBG_3211c58460ae,H0282,CONTEXT_ONLY_EXCLUDED_FROM_FORMAL_SPLIT,No benchmark-positive herb in the blocking group,False
HBG_3229740c3e1c,H0436,CONTEXT_ONLY_EXCLUDED_FROM_FORMAL_SPLIT,No benchmark-positive herb in the blocking group,False
HBG_32687a7f7193,H0124,CONTEXT_ONLY_EXCLUDED_FROM_FORMAL_SPLIT,No benchmark-positive herb in the blocking group,False
HBG_3272252af6a7,H0548,CONTEXT_ONLY_EXCLUDED_FROM_FORMAL_SPLIT,No benchmark-positive herb in the blocking group,False
HBG_32801bbcd4a3,H0383,CONTEXT_ONLY_EXCLUDED_FROM_FORMAL_SPLIT,No benchmark-positive herb in the blocking group,False
HBG_33124f72760c,H0513,CONTEXT_ONLY_EXCLUDED_FROM_FORMAL_SPLIT,No benchmark-positive herb in the blocking group,False
HBG_332ffc56d3f3,H0437,CONTEXT_ONLY_EXCLUDED_FROM_FORMAL_SPLIT,No benchmark-positive herb in the blocking group,False
HBG_33cfc130abfd,H0048,CONTEXT_ONLY_EXCLUDED_FROM_FORMAL_SPLIT,No benchmark-positive herb in the blocking group,False
HBG_3465f2194eb2,H0335,CONTEXT_ONLY_EXCLUDED_FROM_FORMAL_SPLIT,No benchmark-positive herb in the blocking group,False
HBG_34f6085f650f,H0114,CONTEXT_ONLY_EXCLUDED_FROM_FORMAL_SPLIT,No benchmark-positive herb in the blocking group,False
HBG_34fa7d9b11fb,H0571,CONTEXT_ONLY_EXCLUDED_FROM_FORMAL_SPLIT,No benchmark-positive herb in the blocking group,False
HBG_35ffc36a4986,H0544,CONTEXT_ONLY_EXCLUDED_FROM_FORMAL_SPLIT,No benchmark-positive herb in the blocking group,False
HBG_372c6bc45d29,H0443,CONTEXT_ONLY_EXCLUDED_FROM_FORMAL_SPLIT,No benchmark-positive herb in the blocking group,False
HBG_3895046302e1,H0161,CONTEXT_ONLY_EXCLUDED_FROM_FORMAL_SPLIT,No benchmark-positive herb in the blocking group,False
HBG_389f3a2a2bee,H0566,CONTEXT_ONLY_EXCLUDED_FROM_FORMAL_SPLIT,No benchmark-positive herb in the blocking group,False
HBG_3988ecc3471b,H0357,CONTEXT_ONLY_EXCLUDED_FROM_FORMAL_SPLIT,No benchmark-positive herb in the blocking group,False
HBG_3a6131f78e9d,H0152,CONTEXT_ONLY_EXCLUDED_FROM_FORMAL_SPLIT,No benchmark-positive herb in the blocking group,False
HBG_3a7fcf7bb270,H0395,CONTEXT_ONLY_EXCLUDED_FROM_FORMAL_SPLIT,No benchmark-positive herb in the blocking group,False
HBG_3ae8e4e6377e,H0388,CONTEXT_ONLY_EXCLUDED_FROM_FORMAL_SPLIT,No benchmark-positive herb in the blocking group,False
HBG_3b6489613bba,H0329,CONTEXT_ONLY_EXCLUDED_FROM_FORMAL_SPLIT,No benchmark-positive herb in the blocking group,False
HBG_3bbcd1186275,H0061,CONTEXT_ONLY_EXCLUDED_FROM_FORMAL_SPLIT,No benchmark-positive herb in the blocking group,False
HBG_3c0f1ae19e37,H0244,CONTEXT_ONLY_EXCLUDED_FROM_FORMAL_SPLIT,No benchmark-positive herb in the blocking group,False
HBG_3c1da4339656,H0299,CONTEXT_ONLY_EXCLUDED_FROM_FORMAL_SPLIT,No benchmark-positive herb in the blocking group,False
HBG_3c74bb83f1cb,H0389,CONTEXT_ONLY_EXCLUDED_FROM_FORMAL_SPLIT,No benchmark-positive herb in the blocking group,False
HBG_3c8e24ce9ac8,H0326,CONTEXT_ONLY_EXCLUDED_FROM_FORMAL_SPLIT,No benchmark-positive herb in the blocking group,False
HBG_3e4039eccfd4,H0553,CONTEXT_ONLY_EXCLUDED_FROM_FORMAL_SPLIT,No benchmark-positive herb in the blocking group,False
HBG_3e55ef64a56b,H0504,CONTEXT_ONLY_EXCLUDED_FROM_FORMAL_SPLIT,No benchmark-positive herb in the blocking group,False
HBG_3e9e70f014b5,H0025,CONTEXT_ONLY_EXCLUDED_FROM_FORMAL_SPLIT,No benchmark-positive herb in the blocking group,False
HBG_3edba5160e58,H0097,CONTEXT_ONLY_EXCLUDED_FROM_FORMAL_SPLIT,No benchmark-positive herb in the blocking group,False
HBG_3f54413b1364,H0072,CONTEXT_ONLY_EXCLUDED_FROM_FORMAL_SPLIT,No benchmark-positive herb in the blocking group,False
HBG_3fc25e135cd5,H0348,CONTEXT_ONLY_EXCLUDED_FROM_FORMAL_SPLIT,No benchmark-positive herb in the blocking group,False
HBG_407d7a777fb2,H0449,CONTEXT_ONLY_EXCLUDED_FROM_FORMAL_SPLIT,No benchmark-positive herb in the blocking group,False
HBG_40e11207ddf1,H0474,CONTEXT_ONLY_EXCLUDED_FROM_FORMAL_SPLIT,No benchmark-positive herb in the blocking group,False
HBG_41264269783d,H0527,CONTEXT_ONLY_EXCLUDED_FROM_FORMAL_SPLIT,No benchmark-positive herb in the blocking group,False
HBG_415bc1cab7b0,H0050,CONTEXT_ONLY_EXCLUDED_FROM_FORMAL_SPLIT,No benchmark-positive herb in the blocking group,False
HBG_419503b33a51,H0153,CONTEXT_ONLY_EXCLUDED_FROM_FORMAL_SPLIT,No benchmark-positive herb in the blocking group,False
HBG_41c6de794179,H0337,CONTEXT_ONLY_EXCLUDED_FROM_FORMAL_SPLIT,No benchmark-positive herb in the blocking group,False
HBG_41ff31516a48,H0407,CONTEXT_ONLY_EXCLUDED_FROM_FORMAL_SPLIT,No benchmark-positive herb in the blocking group,False
HBG_420563d963a0,H0192,CONTEXT_ONLY_EXCLUDED_FROM_FORMAL_SPLIT,No benchmark-positive herb in the blocking group,False
HBG_420c94e2b3f6,H0012,CONTEXT_ONLY_EXCLUDED_FROM_FORMAL_SPLIT,No benchmark-positive herb in the blocking group,False
HBG_42ab0e175cbf,H0485,CONTEXT_ONLY_EXCLUDED_FROM_FORMAL_SPLIT,No benchmark-positive herb in the blocking group,False
HBG_431a455112ad,H0377,CONTEXT_ONLY_EXCLUDED_FROM_FORMAL_SPLIT,No benchmark-positive herb in the blocking group,False
HBG_43d4b185c587,H0139,CONTEXT_ONLY_EXCLUDED_FROM_FORMAL_SPLIT,No benchmark-positive herb in the blocking group,False
HBG_4463e70e3ec1,H0268,CONTEXT_ONLY_EXCLUDED_FROM_FORMAL_SPLIT,No benchmark-positive herb in the blocking group,False
HBG_451375b97916,H0030,CONTEXT_ONLY_EXCLUDED_FROM_FORMAL_SPLIT,No benchmark-positive herb in the blocking group,False
HBG_4548ac75d7b4,H0575,CONTEXT_ONLY_EXCLUDED_FROM_FORMAL_SPLIT,No benchmark-positive herb in the blocking group,False
HBG_46932cc89bdd,H0102,CONTEXT_ONLY_EXCLUDED_FROM_FORMAL_SPLIT,No benchmark-positive herb in the blocking group,False
HBG_46c024366d23,H0386,CONTEXT_ONLY_EXCLUDED_FROM_FORMAL_SPLIT,No benchmark-positive herb in the blocking group,False
HBG_46d8e0a3476a,H0416,CONTEXT_ONLY_EXCLUDED_FROM_FORMAL_SPLIT,No benchmark-positive herb in the blocking group,False
HBG_473893237809,H0077,CONTEXT_ONLY_EXCLUDED_FROM_FORMAL_SPLIT,No benchmark-positive herb in the blocking group,False
HBG_4767320870ea,H0087,CONTEXT_ONLY_EXCLUDED_FROM_FORMAL_SPLIT,No benchmark-positive herb in the blocking group,False
HBG_48ded1d3302f,H0033,CONTEXT_ONLY_EXCLUDED_FROM_FORMAL_SPLIT,No benchmark-positive herb in the blocking group,False
HBG_48e2c9cf7a3d,H0521,CONTEXT_ONLY_EXCLUDED_FROM_FORMAL_SPLIT,No benchmark-positive herb in the blocking group,False
HBG_4908e4e80fd2,H0041,CONTEXT_ONLY_EXCLUDED_FROM_FORMAL_SPLIT,No benchmark-positive herb in the blocking group,False
HBG_4916c664edfc,H0185,CONTEXT_ONLY_EXCLUDED_FROM_FORMAL_SPLIT,No benchmark-positive herb in the blocking group,False
HBG_49396bc4a23a,H0240,CONTEXT_ONLY_EXCLUDED_FROM_FORMAL_SPLIT,No benchmark-positive herb in the blocking group,False
HBG_4b1c72edc5dc,H0032,CONTEXT_ONLY_EXCLUDED_FROM_FORMAL_SPLIT,No benchmark-positive herb in the blocking group,False
HBG_4b2044b419d9,H0361,CONTEXT_ONLY_EXCLUDED_FROM_FORMAL_SPLIT,No benchmark-positive herb in the blocking group,False
HBG_4b20af09e6b6,H0453,CONTEXT_ONLY_EXCLUDED_FROM_FORMAL_SPLIT,No benchmark-positive herb in the blocking group,False
HBG_4b6264affd6a,H0222,CONTEXT_ONLY_EXCLUDED_FROM_FORMAL_SPLIT,No benchmark-positive herb in the blocking group,False
HBG_4c56ff943698,H0159,CONTEXT_ONLY_EXCLUDED_FROM_FORMAL_SPLIT,No benchmark-positive herb in the blocking group,False
HBG_4c72d8df2496,H0287,CONTEXT_ONLY_EXCLUDED_FROM_FORMAL_SPLIT,No benchmark-positive herb in the blocking group,False
HBG_4cfdd54d2c7a,H0135,CONTEXT_ONLY_EXCLUDED_FROM_FORMAL_SPLIT,No benchmark-positive herb in the blocking group,False
HBG_4db937417cb6,H0562,CONTEXT_ONLY_EXCLUDED_FROM_FORMAL_SPLIT,No benchmark-positive herb in the blocking group,False
HBG_4de16f4a9be2,H0306,CONTEXT_ONLY_EXCLUDED_FROM_FORMAL_SPLIT,No benchmark-positive herb in the blocking group,False
HBG_4e066a9410ca,H0225,CONTEXT_ONLY_EXCLUDED_FROM_FORMAL_SPLIT,No benchmark-positive herb in the blocking group,False
HBG_4e2b0b716c0f,H0088,CONTEXT_ONLY_EXCLUDED_FROM_FORMAL_SPLIT,No benchmark-positive herb in the blocking group,False
HBG_4ef581b59b1a,H0279,CONTEXT_ONLY_EXCLUDED_FROM_FORMAL_SPLIT,No benchmark-positive herb in the blocking group,False
HBG_4f237b4b2c0b,H0542,CONTEXT_ONLY_EXCLUDED_FROM_FORMAL_SPLIT,No benchmark-positive herb in the blocking group,False
HBG_4fd233106f07,H0412,CONTEXT_ONLY_EXCLUDED_FROM_FORMAL_SPLIT,No benchmark-positive herb in the blocking group,False
HBG_4feb6e715361,H0144,CONTEXT_ONLY_EXCLUDED_FROM_FORMAL_SPLIT,No benchmark-positive herb in the blocking group,False
HBG_50622f91509c,H0215,CONTEXT_ONLY_EXCLUDED_FROM_FORMAL_SPLIT,No benchmark-positive herb in the blocking group,False
HBG_50f90142bd0c,H0438,CONTEXT_ONLY_EXCLUDED_FROM_FORMAL_SPLIT,No benchmark-positive herb in the blocking group,False
HBG_511bba71b2a4,H0131,CONTEXT_ONLY_EXCLUDED_FROM_FORMAL_SPLIT,No benchmark-positive herb in the blocking group,False
HBG_511d59f0d56f,H0246,CONTEXT_ONLY_EXCLUDED_FROM_FORMAL_SPLIT,No benchmark-positive herb in the blocking group,False
HBG_512f498377a2,H0157,CONTEXT_ONLY_EXCLUDED_FROM_FORMAL_SPLIT,No benchmark-positive herb in the blocking group,False
HBG_5192e6ae665b,H0341,CONTEXT_ONLY_EXCLUDED_FROM_FORMAL_SPLIT,No benchmark-positive herb in the blocking group,False
HBG_51d75d8d605c,H0429,CONTEXT_ONLY_EXCLUDED_FROM_FORMAL_SPLIT,No benchmark-positive herb in the blocking group,False
HBG_51e8da35a2f4,H0439,CONTEXT_ONLY_EXCLUDED_FROM_FORMAL_SPLIT,No benchmark-positive herb in the blocking group,False
HBG_53425b025aa7,H0463,CONTEXT_ONLY_EXCLUDED_FROM_FORMAL_SPLIT,No benchmark-positive herb in the blocking group,False
HBG_563f0b50dc29,H0334,CONTEXT_ONLY_EXCLUDED_FROM_FORMAL_SPLIT,No benchmark-positive herb in the blocking group,False
HBG_580a9571d1e9,H0470,CONTEXT_ONLY_EXCLUDED_FROM_FORMAL_SPLIT,No benchmark-positive herb in the blocking group,False
HBG_581aa9fd9acc,H0259,CONTEXT_ONLY_EXCLUDED_FROM_FORMAL_SPLIT,No benchmark-positive herb in the blocking group,False
HBG_58bc45f877d8,H0508,CONTEXT_ONLY_EXCLUDED_FROM_FORMAL_SPLIT,No benchmark-positive herb in the blocking group,False
HBG_5a9ffce16ed0,H0100,CONTEXT_ONLY_EXCLUDED_FROM_FORMAL_SPLIT,No benchmark-positive herb in the blocking group,False
HBG_5c516e8e020c,H0128,CONTEXT_ONLY_EXCLUDED_FROM_FORMAL_SPLIT,No benchmark-positive herb in the blocking group,False
HBG_5c75b82e3164,H1145,CONTEXT_ONLY_EXCLUDED_FROM_FORMAL_SPLIT,No benchmark-positive herb in the blocking group,False
HBG_5c8eab18e7bf,H0305,CONTEXT_ONLY_EXCLUDED_FROM_FORMAL_SPLIT,No benchmark-positive herb in the blocking group,False
HBG_5da2f0fa4378,H0076,CONTEXT_ONLY_EXCLUDED_FROM_FORMAL_SPLIT,No benchmark-positive herb in the blocking group,False
HBG_5de5754c3f1f,H0302,CONTEXT_ONLY_EXCLUDED_FROM_FORMAL_SPLIT,No benchmark-positive herb in the blocking group,False
HBG_5df6ebecfee4,H0015,CONTEXT_ONLY_EXCLUDED_FROM_FORMAL_SPLIT,No benchmark-positive herb in the blocking group,False
HBG_5e730c7c7c6e,H0172,CONTEXT_ONLY_EXCLUDED_FROM_FORMAL_SPLIT,No benchmark-positive herb in the blocking group,False
HBG_5e8d987276f1,H0565,CONTEXT_ONLY_EXCLUDED_FROM_FORMAL_SPLIT,No benchmark-positive herb in the blocking group,False
HBG_5f4a74286192,H0417,CONTEXT_ONLY_EXCLUDED_FROM_FORMAL_SPLIT,No benchmark-positive herb in the blocking group,False
HBG_6033a296141f,H0001,CONTEXT_ONLY_EXCLUDED_FROM_FORMAL_SPLIT,No benchmark-positive herb in the blocking group,False
HBG_60476bb8a197,H0054,CONTEXT_ONLY_EXCLUDED_FROM_FORMAL_SPLIT,No benchmark-positive herb in the blocking group,False
HBG_609c304b4596,H0019,CONTEXT_ONLY_EXCLUDED_FROM_FORMAL_SPLIT,No benchmark-positive herb in the blocking group,False
HBG_6105aa2f1f64,H1146,CONTEXT_ONLY_EXCLUDED_FROM_FORMAL_SPLIT,No benchmark-positive herb in the blocking group,False
HBG_6105dd9d0445,H0133,CONTEXT_ONLY_EXCLUDED_FROM_FORMAL_SPLIT,No benchmark-positive herb in the blocking group,False
HBG_613a268e62ec,H0363,CONTEXT_ONLY_EXCLUDED_FROM_FORMAL_SPLIT,No benchmark-positive herb in the blocking group,False
HBG_6175dbb326c1,H0309,CONTEXT_ONLY_EXCLUDED_FROM_FORMAL_SPLIT,No benchmark-positive herb in the blocking group,False
HBG_61864423a13a,H0210,CONTEXT_ONLY_EXCLUDED_FROM_FORMAL_SPLIT,No benchmark-positive herb in the blocking group,False
HBG_61bf94746666,H0176,CONTEXT_ONLY_EXCLUDED_FROM_FORMAL_SPLIT,No benchmark-positive herb in the blocking group,False
HBG_62c8b2fe3a9f,H0489,CONTEXT_ONLY_EXCLUDED_FROM_FORMAL_SPLIT,No benchmark-positive herb in the blocking group,False
HBG_633d2a0f9abe,H0524,CONTEXT_ONLY_EXCLUDED_FROM_FORMAL_SPLIT,No benchmark-positive herb in the blocking group,False
HBG_6405fac782c5,H0206,CONTEXT_ONLY_EXCLUDED_FROM_FORMAL_SPLIT,No benchmark-positive herb in the blocking group,False
HBG_64e8fef04ed7,H0530,CONTEXT_ONLY_EXCLUDED_FROM_FORMAL_SPLIT,No benchmark-positive herb in the blocking group,False
HBG_6553e94e6439,H0197,CONTEXT_ONLY_EXCLUDED_FROM_FORMAL_SPLIT,No benchmark-positive herb in the blocking group,False
HBG_655621d6c839,H0318,CONTEXT_ONLY_EXCLUDED_FROM_FORMAL_SPLIT,No benchmark-positive herb in the blocking group,False
HBG_6685424d4261,H0184,CONTEXT_ONLY_EXCLUDED_FROM_FORMAL_SPLIT,No benchmark-positive herb in the blocking group,False
HBG_66980c98ddf8,H0500,CONTEXT_ONLY_EXCLUDED_FROM_FORMAL_SPLIT,No benchmark-positive herb in the blocking group,False
HBG_6721d9b5f187,H0261,CONTEXT_ONLY_EXCLUDED_FROM_FORMAL_SPLIT,No benchmark-positive herb in the blocking group,False
HBG_6823de565549,H0209,CONTEXT_ONLY_EXCLUDED_FROM_FORMAL_SPLIT,No benchmark-positive herb in the blocking group,False
HBG_68f659cd4991,H0055,CONTEXT_ONLY_EXCLUDED_FROM_FORMAL_SPLIT,No benchmark-positive herb in the blocking group,False
HBG_6a17c790c715,H0495,CONTEXT_ONLY_EXCLUDED_FROM_FORMAL_SPLIT,No benchmark-positive herb in the blocking group,False
HBG_6a3f70a039af,H0023,CONTEXT_ONLY_EXCLUDED_FROM_FORMAL_SPLIT,No benchmark-positive herb in the blocking group,False
HBG_6b263d4971e5,H0289,CONTEXT_ONLY_EXCLUDED_FROM_FORMAL_SPLIT,No benchmark-positive herb in the blocking group,False
HBG_6c9251aeeed7,H0310,CONTEXT_ONLY_EXCLUDED_FROM_FORMAL_SPLIT,No benchmark-positive herb in the blocking group,False
HBG_6cd1c353b429,H0415,CONTEXT_ONLY_EXCLUDED_FROM_FORMAL_SPLIT,No benchmark-positive herb in the blocking group,False
HBG_6cd56a48988c,H0446,CONTEXT_ONLY_EXCLUDED_FROM_FORMAL_SPLIT,No benchmark-positive herb in the blocking group,False
HBG_6ce35231c8e2,H0040,CONTEXT_ONLY_EXCLUDED_FROM_FORMAL_SPLIT,No benchmark-positive herb in the blocking group,False
HBG_6e45041dcc74,H0021,CONTEXT_ONLY_EXCLUDED_FROM_FORMAL_SPLIT,No benchmark-positive herb in the blocking group,False
HBG_6e9cb680bece,H0126,CONTEXT_ONLY_EXCLUDED_FROM_FORMAL_SPLIT,No benchmark-positive herb in the blocking group,False
HBG_705aa08eafd2,H0203,CONTEXT_ONLY_EXCLUDED_FROM_FORMAL_SPLIT,No benchmark-positive herb in the blocking group,False
HBG_70ffc16b529b,H0016,CONTEXT_ONLY_EXCLUDED_FROM_FORMAL_SPLIT,No benchmark-positive herb in the blocking group,False
HBG_7117d7453c1d,H0323,CONTEXT_ONLY_EXCLUDED_FROM_FORMAL_SPLIT,No benchmark-positive herb in the blocking group,False
HBG_71ca8b3954af,H0093,CONTEXT_ONLY_EXCLUDED_FROM_FORMAL_SPLIT,No benchmark-positive herb in the blocking group,False
HBG_7209d401c96a,H0342,CONTEXT_ONLY_EXCLUDED_FROM_FORMAL_SPLIT,No benchmark-positive herb in the blocking group,False
HBG_725de1740352,H0371,CONTEXT_ONLY_EXCLUDED_FROM_FORMAL_SPLIT,No benchmark-positive herb in the blocking group,False
HBG_728d734c1e21,H0454,CONTEXT_ONLY_EXCLUDED_FROM_FORMAL_SPLIT,No benchmark-positive herb in the blocking group,False
HBG_72c7f4d88cf6,H0352,CONTEXT_ONLY_EXCLUDED_FROM_FORMAL_SPLIT,No benchmark-positive herb in the blocking group,False
HBG_72d05b44c2e1,H0219,CONTEXT_ONLY_EXCLUDED_FROM_FORMAL_SPLIT,No benchmark-positive herb in the blocking group,False
HBG_737645a52b5d,H0365,CONTEXT_ONLY_EXCLUDED_FROM_FORMAL_SPLIT,No benchmark-positive herb in the blocking group,False
HBG_739c53630b6c,H0347,CONTEXT_ONLY_EXCLUDED_FROM_FORMAL_SPLIT,No benchmark-positive herb in the blocking group,False
HBG_73a6e8381336,H0007,CONTEXT_ONLY_EXCLUDED_FROM_FORMAL_SPLIT,No benchmark-positive herb in the blocking group,False
HBG_73bf5b5be2ab,H0349,CONTEXT_ONLY_EXCLUDED_FROM_FORMAL_SPLIT,No benchmark-positive herb in the blocking group,False
HBG_743fd079145b,H0393,CONTEXT_ONLY_EXCLUDED_FROM_FORMAL_SPLIT,No benchmark-positive herb in the blocking group,False
HBG_7461a6e7847e,H0294,CONTEXT_ONLY_EXCLUDED_FROM_FORMAL_SPLIT,No benchmark-positive herb in the blocking group,False
HBG_74669cbbc77f,H0099,CONTEXT_ONLY_EXCLUDED_FROM_FORMAL_SPLIT,No benchmark-positive herb in the blocking group,False
HBG_74d8207082ee,H0514,CONTEXT_ONLY_EXCLUDED_FROM_FORMAL_SPLIT,No benchmark-positive herb in the blocking group,False
HBG_7527298cea64,H0034,CONTEXT_ONLY_EXCLUDED_FROM_FORMAL_SPLIT,No benchmark-positive herb in the blocking group,False
HBG_75bb877d0098,H0493,CONTEXT_ONLY_EXCLUDED_FROM_FORMAL_SPLIT,No benchmark-positive herb in the blocking group,False
HBG_76ab73e9d098,H0320,CONTEXT_ONLY_EXCLUDED_FROM_FORMAL_SPLIT,No benchmark-positive herb in the blocking group,False
HBG_7764976a37fb,H0400,CONTEXT_ONLY_EXCLUDED_FROM_FORMAL_SPLIT,No benchmark-positive herb in the blocking group,False
HBG_77707dcb9dc1,H0486,CONTEXT_ONLY_EXCLUDED_FROM_FORMAL_SPLIT,No benchmark-positive herb in the blocking group,False
HBG_77af7795e49a,H0354,CONTEXT_ONLY_EXCLUDED_FROM_FORMAL_SPLIT,No benchmark-positive herb in the blocking group,False
HBG_77c456492ed0,H0180,CONTEXT_ONLY_EXCLUDED_FROM_FORMAL_SPLIT,No benchmark-positive herb in the blocking group,False
HBG_77c8e78060fe,H0237,CONTEXT_ONLY_EXCLUDED_FROM_FORMAL_SPLIT,No benchmark-positive herb in the blocking group,False
HBG_785b5dac4f43,H0150,CONTEXT_ONLY_EXCLUDED_FROM_FORMAL_SPLIT,No benchmark-positive herb in the blocking group,False
HBG_7943b9185efe,H0312,CONTEXT_ONLY_EXCLUDED_FROM_FORMAL_SPLIT,No benchmark-positive herb in the blocking group,False
HBG_79559a8f80f5,H0174,CONTEXT_ONLY_EXCLUDED_FROM_FORMAL_SPLIT,No benchmark-positive herb in the blocking group,False
HBG_7aa668a52fc9,H0060,CONTEXT_ONLY_EXCLUDED_FROM_FORMAL_SPLIT,No benchmark-positive herb in the blocking group,False
HBG_7af48edb2110,H0516,CONTEXT_ONLY_EXCLUDED_FROM_FORMAL_SPLIT,No benchmark-positive herb in the blocking group,False
HBG_7af5cb1f6b2d,H0162,CONTEXT_ONLY_EXCLUDED_FROM_FORMAL_SPLIT,No benchmark-positive herb in the blocking group,False
HBG_7bc9d33885e4,H0543,CONTEXT_ONLY_EXCLUDED_FROM_FORMAL_SPLIT,No benchmark-positive herb in the blocking group,False
HBG_7c4030de8198,H0564,CONTEXT_ONLY_EXCLUDED_FROM_FORMAL_SPLIT,No benchmark-positive herb in the blocking group,False
HBG_7c40421878f6,H0141,CONTEXT_ONLY_EXCLUDED_FROM_FORMAL_SPLIT,No benchmark-positive herb in the blocking group,False
HBG_7cb31eb6e6dd,H0384,CONTEXT_ONLY_EXCLUDED_FROM_FORMAL_SPLIT,No benchmark-positive herb in the blocking group,False
HBG_7d4ec12d686b,H0069,CONTEXT_ONLY_EXCLUDED_FROM_FORMAL_SPLIT,No benchmark-positive herb in the blocking group,False
HBG_7d5b8ca46aae,H0189,CONTEXT_ONLY_EXCLUDED_FROM_FORMAL_SPLIT,No benchmark-positive herb in the blocking group,False
HBG_7d7fab4baf49,H0424,CONTEXT_ONLY_EXCLUDED_FROM_FORMAL_SPLIT,No benchmark-positive herb in the blocking group,False
HBG_7e124b30f014,H0369,CONTEXT_ONLY_EXCLUDED_FROM_FORMAL_SPLIT,No benchmark-positive herb in the blocking group,False
HBG_7e6ffff9bcdc,H0083,CONTEXT_ONLY_EXCLUDED_FROM_FORMAL_SPLIT,No benchmark-positive herb in the blocking group,False
HBG_7eda6e11e566,H0211,CONTEXT_ONLY_EXCLUDED_FROM_FORMAL_SPLIT,No benchmark-positive herb in the blocking group,False
HBG_7fd94bf78162,H0272,CONTEXT_ONLY_EXCLUDED_FROM_FORMAL_SPLIT,No benchmark-positive herb in the blocking group,False
HBG_8035806c0c6b,H0528,CONTEXT_ONLY_EXCLUDED_FROM_FORMAL_SPLIT,No benchmark-positive herb in the blocking group,False
HBG_80c3c15bf679,H0466,CONTEXT_ONLY_EXCLUDED_FROM_FORMAL_SPLIT,No benchmark-positive herb in the blocking group,False
HBG_816cee921353,H0026,CONTEXT_ONLY_EXCLUDED_FROM_FORMAL_SPLIT,No benchmark-positive herb in the blocking group,False
HBG_8206fc145eb5,H0532,CONTEXT_ONLY_EXCLUDED_FROM_FORMAL_SPLIT,No benchmark-positive herb in the blocking group,False
HBG_823153db7e34,H0426,CONTEXT_ONLY_EXCLUDED_FROM_FORMAL_SPLIT,No benchmark-positive herb in the blocking group,False
HBG_828211664a4e,H0111,CONTEXT_ONLY_EXCLUDED_FROM_FORMAL_SPLIT,No benchmark-positive herb in the blocking group,False
HBG_82cc07821380,H0468,CONTEXT_ONLY_EXCLUDED_FROM_FORMAL_SPLIT,No benchmark-positive herb in the blocking group,False
HBG_842c0e3c415e,H0459,CONTEXT_ONLY_EXCLUDED_FROM_FORMAL_SPLIT,No benchmark-positive herb in the blocking group,False
HBG_844c23e65fb2,H0551,CONTEXT_ONLY_EXCLUDED_FROM_FORMAL_SPLIT,No benchmark-positive herb in the blocking group,False
HBG_849dec518c11,H0391,CONTEXT_ONLY_EXCLUDED_FROM_FORMAL_SPLIT,No benchmark-positive herb in the blocking group,False
HBG_84f25d00d778,H0374,CONTEXT_ONLY_EXCLUDED_FROM_FORMAL_SPLIT,No benchmark-positive herb in the blocking group,False
HBG_85859628bdf9,H0517,CONTEXT_ONLY_EXCLUDED_FROM_FORMAL_SPLIT,No benchmark-positive herb in the blocking group,False
HBG_86329f498db3,H0404,CONTEXT_ONLY_EXCLUDED_FROM_FORMAL_SPLIT,No benchmark-positive herb in the blocking group,False
HBG_8675e75ba87d,H0068,CONTEXT_ONLY_EXCLUDED_FROM_FORMAL_SPLIT,No benchmark-positive herb in the blocking group,False
HBG_8711842e3f4e,H0578,CONTEXT_ONLY_EXCLUDED_FROM_FORMAL_SPLIT,No benchmark-positive herb in the blocking group,False
HBG_87b38640a310,H0327,CONTEXT_ONLY_EXCLUDED_FROM_FORMAL_SPLIT,No benchmark-positive herb in the blocking group,False
HBG_88084b3b7533,H0552,CONTEXT_ONLY_EXCLUDED_FROM_FORMAL_SPLIT,No benchmark-positive herb in the blocking group,False
HBG_884101640b7c,H0232,CONTEXT_ONLY_EXCLUDED_FROM_FORMAL_SPLIT,No benchmark-positive herb in the blocking group,False
HBG_88c1ce97c1fd,H0107,CONTEXT_ONLY_EXCLUDED_FROM_FORMAL_SPLIT,No benchmark-positive herb in the blocking group,False
HBG_8a2a893cbeb7,H0239,CONTEXT_ONLY_EXCLUDED_FROM_FORMAL_SPLIT,No benchmark-positive herb in the blocking group,False
HBG_8a464c1150b8,H0008,CONTEXT_ONLY_EXCLUDED_FROM_FORMAL_SPLIT,No benchmark-positive herb in the blocking group,False
HBG_8aaec4e37329,H0394,CONTEXT_ONLY_EXCLUDED_FROM_FORMAL_SPLIT,No benchmark-positive herb in the blocking group,False
HBG_8afdbcffe25d,H0245,CONTEXT_ONLY_EXCLUDED_FROM_FORMAL_SPLIT,No benchmark-positive herb in the blocking group,False
HBG_8b3ba105a70a,H0243,CONTEXT_ONLY_EXCLUDED_FROM_FORMAL_SPLIT,No benchmark-positive herb in the blocking group,False
HBG_8c9c78e7e442,H0328,CONTEXT_ONLY_EXCLUDED_FROM_FORMAL_SPLIT,No benchmark-positive herb in the blocking group,False
HBG_8ca2861e6468,H0241,CONTEXT_ONLY_EXCLUDED_FROM_FORMAL_SPLIT,No benchmark-positive herb in the blocking group,False
HBG_8ca2b71438a2,H0223,CONTEXT_ONLY_EXCLUDED_FROM_FORMAL_SPLIT,No benchmark-positive herb in the blocking group,False
HBG_8d51e4930e0d,H0017,CONTEXT_ONLY_EXCLUDED_FROM_FORMAL_SPLIT,No benchmark-positive herb in the blocking group,False
HBG_8d5d9ba827aa,H0451,CONTEXT_ONLY_EXCLUDED_FROM_FORMAL_SPLIT,No benchmark-positive herb in the blocking group,False
HBG_8e6d7af57d47,H0236,CONTEXT_ONLY_EXCLUDED_FROM_FORMAL_SPLIT,No benchmark-positive herb in the blocking group,False
HBG_8ea0937ca3c6,H0035,CONTEXT_ONLY_EXCLUDED_FROM_FORMAL_SPLIT,No benchmark-positive herb in the blocking group,False
HBG_8f1a3c1a28a0,H0039,CONTEXT_ONLY_EXCLUDED_FROM_FORMAL_SPLIT,No benchmark-positive herb in the blocking group,False
HBG_900ce8f7b622,H0257,CONTEXT_ONLY_EXCLUDED_FROM_FORMAL_SPLIT,No benchmark-positive herb in the blocking group,False
HBG_909570e05923,H0401,CONTEXT_ONLY_EXCLUDED_FROM_FORMAL_SPLIT,No benchmark-positive herb in the blocking group,False
HBG_90d3a22f0110,H0193,CONTEXT_ONLY_EXCLUDED_FROM_FORMAL_SPLIT,No benchmark-positive herb in the blocking group,False
HBG_920c24a48119,H0262,CONTEXT_ONLY_EXCLUDED_FROM_FORMAL_SPLIT,No benchmark-positive herb in the blocking group,False
HBG_92557418b1f2,H0413,CONTEXT_ONLY_EXCLUDED_FROM_FORMAL_SPLIT,No benchmark-positive herb in the blocking group,False
HBG_92d3c4803cda,H0423,CONTEXT_ONLY_EXCLUDED_FROM_FORMAL_SPLIT,No benchmark-positive herb in the blocking group,False
HBG_9361e82c8d15,H0440,CONTEXT_ONLY_EXCLUDED_FROM_FORMAL_SPLIT,No benchmark-positive herb in the blocking group,False
HBG_939836d767b6,H0481,CONTEXT_ONLY_EXCLUDED_FROM_FORMAL_SPLIT,No benchmark-positive herb in the blocking group,False
HBG_940f34a54c52,H0520,CONTEXT_ONLY_EXCLUDED_FROM_FORMAL_SPLIT,No benchmark-positive herb in the blocking group,False
HBG_942f3bf3e55e,H0346,CONTEXT_ONLY_EXCLUDED_FROM_FORMAL_SPLIT,No benchmark-positive herb in the blocking group,False
HBG_94302f97a0a6,H0359,CONTEXT_ONLY_EXCLUDED_FROM_FORMAL_SPLIT,No benchmark-positive herb in the blocking group,False
HBG_94692bcf2af9,H0123,CONTEXT_ONLY_EXCLUDED_FROM_FORMAL_SPLIT,No benchmark-positive herb in the blocking group,False
HBG_95d97bde754e,H0036,CONTEXT_ONLY_EXCLUDED_FROM_FORMAL_SPLIT,No benchmark-positive herb in the blocking group,False
HBG_971307da6658,H0020,CONTEXT_ONLY_EXCLUDED_FROM_FORMAL_SPLIT,No benchmark-positive herb in the blocking group,False
HBG_98a9f3cee748,H0285,CONTEXT_ONLY_EXCLUDED_FROM_FORMAL_SPLIT,No benchmark-positive herb in the blocking group,False
HBG_98d42316ab29,H0507,CONTEXT_ONLY_EXCLUDED_FROM_FORMAL_SPLIT,No benchmark-positive herb in the blocking group,False
HBG_99f2a38441f2,H0182,CONTEXT_ONLY_EXCLUDED_FROM_FORMAL_SPLIT,No benchmark-positive herb in the blocking group,False
HBG_9a10ee7741bc,H0455,CONTEXT_ONLY_EXCLUDED_FROM_FORMAL_SPLIT,No benchmark-positive herb in the blocking group,False
HBG_9a1b93f73472,H0137,CONTEXT_ONLY_EXCLUDED_FROM_FORMAL_SPLIT,No benchmark-positive herb in the blocking group,False
HBG_9ab0d42c7d83,H0290,CONTEXT_ONLY_EXCLUDED_FROM_FORMAL_SPLIT,No benchmark-positive herb in the blocking group,False
HBG_9ad3b39a3b55,H0492,CONTEXT_ONLY_EXCLUDED_FROM_FORMAL_SPLIT,No benchmark-positive herb in the blocking group,False
HBG_9adaa9d1af73,H0331,CONTEXT_ONLY_EXCLUDED_FROM_FORMAL_SPLIT,No benchmark-positive herb in the blocking group,False
HBG_9b0f40d8135d,H0090,CONTEXT_ONLY_EXCLUDED_FROM_FORMAL_SPLIT,No benchmark-positive herb in the blocking group,False
HBG_9b3954115105,H0270,CONTEXT_ONLY_EXCLUDED_FROM_FORMAL_SPLIT,No benchmark-positive herb in the blocking group,False
HBG_9bd26bdb9646,H0324,CONTEXT_ONLY_EXCLUDED_FROM_FORMAL_SPLIT,No benchmark-positive herb in the blocking group,False
HBG_9c1f1cdb89ad,H0457,CONTEXT_ONLY_EXCLUDED_FROM_FORMAL_SPLIT,No benchmark-positive herb in the blocking group,False
HBG_9d1a8b53cbe8,H0168,CONTEXT_ONLY_EXCLUDED_FROM_FORMAL_SPLIT,No benchmark-positive herb in the blocking group,False
HBG_9d5b1b00dbaf,H0535,CONTEXT_ONLY_EXCLUDED_FROM_FORMAL_SPLIT,No benchmark-positive herb in the blocking group,False
HBG_9d61c55e1537,H0476,CONTEXT_ONLY_EXCLUDED_FROM_FORMAL_SPLIT,No benchmark-positive herb in the blocking group,False
HBG_9e096939c148,H0009,CONTEXT_ONLY_EXCLUDED_FROM_FORMAL_SPLIT,No benchmark-positive herb in the blocking group,False
HBG_9ee4fc4396c5,H0367,CONTEXT_ONLY_EXCLUDED_FROM_FORMAL_SPLIT,No benchmark-positive herb in the blocking group,False
HBG_9f1a27cb03ff,H0479,CONTEXT_ONLY_EXCLUDED_FROM_FORMAL_SPLIT,No benchmark-positive herb in the blocking group,False
HBG_9f26e07c97cf,H0253,CONTEXT_ONLY_EXCLUDED_FROM_FORMAL_SPLIT,No benchmark-positive herb in the blocking group,False
HBG_9f8cb2888692,H0117,CONTEXT_ONLY_EXCLUDED_FROM_FORMAL_SPLIT,No benchmark-positive herb in the blocking group,False
HBG_9fb1f5f48cda,H0381,CONTEXT_ONLY_EXCLUDED_FROM_FORMAL_SPLIT,No benchmark-positive herb in the blocking group,False
HBG_9fdf0d9304a9,H0554,CONTEXT_ONLY_EXCLUDED_FROM_FORMAL_SPLIT,No benchmark-positive herb in the blocking group,False
HBG_a0fc5f841749,H0458,CONTEXT_ONLY_EXCLUDED_FROM_FORMAL_SPLIT,No benchmark-positive herb in the blocking group,False
HBG_a14e49dc1be2,H0165,CONTEXT_ONLY_EXCLUDED_FROM_FORMAL_SPLIT,No benchmark-positive herb in the blocking group,False
HBG_a1bb5bdc7c01,H0364,CONTEXT_ONLY_EXCLUDED_FROM_FORMAL_SPLIT,No benchmark-positive herb in the blocking group,False
HBG_a293c605eef1,H0005,CONTEXT_ONLY_EXCLUDED_FROM_FORMAL_SPLIT,No benchmark-positive herb in the blocking group,False
HBG_a2e72632f694,H0213,CONTEXT_ONLY_EXCLUDED_FROM_FORMAL_SPLIT,No benchmark-positive herb in the blocking group,False
HBG_a31373d8b238,H0043,CONTEXT_ONLY_EXCLUDED_FROM_FORMAL_SPLIT,No benchmark-positive herb in the blocking group,False
HBG_a3274ea4d2ac,H0042,CONTEXT_ONLY_EXCLUDED_FROM_FORMAL_SPLIT,No benchmark-positive herb in the blocking group,False
HBG_a381ad3c58f1,H0300,CONTEXT_ONLY_EXCLUDED_FROM_FORMAL_SPLIT,No benchmark-positive herb in the blocking group,False
HBG_a40375597c64,H0350,CONTEXT_ONLY_EXCLUDED_FROM_FORMAL_SPLIT,No benchmark-positive herb in the blocking group,False
HBG_a4281583c570,H0278,CONTEXT_ONLY_EXCLUDED_FROM_FORMAL_SPLIT,No benchmark-positive herb in the blocking group,False
HBG_a486b6470890,H0338,CONTEXT_ONLY_EXCLUDED_FROM_FORMAL_SPLIT,No benchmark-positive herb in the blocking group,False
HBG_a4a9a348956c,H0556,CONTEXT_ONLY_EXCLUDED_FROM_FORMAL_SPLIT,No benchmark-positive herb in the blocking group,False
HBG_a4ba50bb638f,H0472,CONTEXT_ONLY_EXCLUDED_FROM_FORMAL_SPLIT,No benchmark-positive herb in the blocking group,False
HBG_a5cc93c3ffc4,H0260,CONTEXT_ONLY_EXCLUDED_FROM_FORMAL_SPLIT,No benchmark-positive herb in the blocking group,False
HBG_a61f2937d841,H0308,CONTEXT_ONLY_EXCLUDED_FROM_FORMAL_SPLIT,No benchmark-positive herb in the blocking group,False
HBG_a6dfed9e0b3f,H0267,CONTEXT_ONLY_EXCLUDED_FROM_FORMAL_SPLIT,No benchmark-positive herb in the blocking group,False
HBG_a751ce8e8ceb,H0160,CONTEXT_ONLY_EXCLUDED_FROM_FORMAL_SPLIT,No benchmark-positive herb in the blocking group,False
HBG_a780b4fb239b,H0228,CONTEXT_ONLY_EXCLUDED_FROM_FORMAL_SPLIT,No benchmark-positive herb in the blocking group,False
HBG_a7a6a3a0d545,H0522,CONTEXT_ONLY_EXCLUDED_FROM_FORMAL_SPLIT,No benchmark-positive herb in the blocking group,False
HBG_a85b8bcdccf5,H0420,CONTEXT_ONLY_EXCLUDED_FROM_FORMAL_SPLIT,No benchmark-positive herb in the blocking group,False
HBG_a8880224b0de,H0065,CONTEXT_ONLY_EXCLUDED_FROM_FORMAL_SPLIT,No benchmark-positive herb in the blocking group,False
HBG_a8a46d7c7b96,H0169,CONTEXT_ONLY_EXCLUDED_FROM_FORMAL_SPLIT,No benchmark-positive herb in the blocking group,False
HBG_a8bebef8a883,H0373,CONTEXT_ONLY_EXCLUDED_FROM_FORMAL_SPLIT,No benchmark-positive herb in the blocking group,False
HBG_a8eeafbdba48,H0053,CONTEXT_ONLY_EXCLUDED_FROM_FORMAL_SPLIT,No benchmark-positive herb in the blocking group,False
HBG_a8f64801f028,H0366,CONTEXT_ONLY_EXCLUDED_FROM_FORMAL_SPLIT,No benchmark-positive herb in the blocking group,False
HBG_a91e1fec7687,H0396,CONTEXT_ONLY_EXCLUDED_FROM_FORMAL_SPLIT,No benchmark-positive herb in the blocking group,False
HBG_aaf603a01cbb,H0003,CONTEXT_ONLY_EXCLUDED_FROM_FORMAL_SPLIT,No benchmark-positive herb in the blocking group,False
HBG_ab3f45c15e77,H0127,CONTEXT_ONLY_EXCLUDED_FROM_FORMAL_SPLIT,No benchmark-positive herb in the blocking group,False
HBG_ac75075aad13,H0079,CONTEXT_ONLY_EXCLUDED_FROM_FORMAL_SPLIT,No benchmark-positive herb in the blocking group,False
HBG_ac9290ea5120,H0142,CONTEXT_ONLY_EXCLUDED_FROM_FORMAL_SPLIT,No benchmark-positive herb in the blocking group,False
HBG_acd14e75e933,H0109,CONTEXT_ONLY_EXCLUDED_FROM_FORMAL_SPLIT,No benchmark-positive herb in the blocking group,False
HBG_ad156a310c1b,H0177,CONTEXT_ONLY_EXCLUDED_FROM_FORMAL_SPLIT,No benchmark-positive herb in the blocking group,False
HBG_ad35adcde207,H0378,CONTEXT_ONLY_EXCLUDED_FROM_FORMAL_SPLIT,No benchmark-positive herb in the blocking group,False
HBG_ad3d69b56aaf,H0421,CONTEXT_ONLY_EXCLUDED_FROM_FORMAL_SPLIT,No benchmark-positive herb in the blocking group,False
HBG_ad615e372662,H0145,CONTEXT_ONLY_EXCLUDED_FROM_FORMAL_SPLIT,No benchmark-positive herb in the blocking group,False
HBG_adca28b27935,H0325,CONTEXT_ONLY_EXCLUDED_FROM_FORMAL_SPLIT,No benchmark-positive herb in the blocking group,False
HBG_ae9fec52efd0,H0070,CONTEXT_ONLY_EXCLUDED_FROM_FORMAL_SPLIT,No benchmark-positive herb in the blocking group,False
HBG_af4f7e6acedd,H0231,CONTEXT_ONLY_EXCLUDED_FROM_FORMAL_SPLIT,No benchmark-positive herb in the blocking group,False
HBG_af5ef696bb03,H0523,CONTEXT_ONLY_EXCLUDED_FROM_FORMAL_SPLIT,No benchmark-positive herb in the blocking group,False
HBG_aff57715880c,H0425,CONTEXT_ONLY_EXCLUDED_FROM_FORMAL_SPLIT,No benchmark-positive herb in the blocking group,False
HBG_b036d8e6afc7,H0132,CONTEXT_ONLY_EXCLUDED_FROM_FORMAL_SPLIT,No benchmark-positive herb in the blocking group,False
HBG_b0389b60c7cc,H0418,CONTEXT_ONLY_EXCLUDED_FROM_FORMAL_SPLIT,No benchmark-positive herb in the blocking group,False
HBG_b04dc0035444,H0574,CONTEXT_ONLY_EXCLUDED_FROM_FORMAL_SPLIT,No benchmark-positive herb in the blocking group,False
HBG_b0678a9f0bdc,H0234,CONTEXT_ONLY_EXCLUDED_FROM_FORMAL_SPLIT,No benchmark-positive herb in the blocking group,False
HBG_b0c50c688ada,H0478,CONTEXT_ONLY_EXCLUDED_FROM_FORMAL_SPLIT,No benchmark-positive herb in the blocking group,False
HBG_b0d9f45df402,H0220,CONTEXT_ONLY_EXCLUDED_FROM_FORMAL_SPLIT,No benchmark-positive herb in the blocking group,False
HBG_b0f6e44b98b2,H0112,CONTEXT_ONLY_EXCLUDED_FROM_FORMAL_SPLIT,No benchmark-positive herb in the blocking group,False
HBG_b1c4b983f881,H0201,CONTEXT_ONLY_EXCLUDED_FROM_FORMAL_SPLIT,No benchmark-positive herb in the blocking group,False
HBG_b25e7c832a06,H0154,CONTEXT_ONLY_EXCLUDED_FROM_FORMAL_SPLIT,No benchmark-positive herb in the blocking group,False
HBG_b26c6f0227ce,H0235,CONTEXT_ONLY_EXCLUDED_FROM_FORMAL_SPLIT,No benchmark-positive herb in the blocking group,False
HBG_b26ccec44311,H0188,CONTEXT_ONLY_EXCLUDED_FROM_FORMAL_SPLIT,No benchmark-positive herb in the blocking group,False
HBG_b2ddf3539832,H0496,CONTEXT_ONLY_EXCLUDED_FROM_FORMAL_SPLIT,No benchmark-positive herb in the blocking group,False
HBG_b2ef075ca5b1,H0095,CONTEXT_ONLY_EXCLUDED_FROM_FORMAL_SPLIT,No benchmark-positive herb in the blocking group,False
HBG_b40ff5a8d10f,H0164,CONTEXT_ONLY_EXCLUDED_FROM_FORMAL_SPLIT,No benchmark-positive herb in the blocking group,False
HBG_b461cb2f02b4,H0014,CONTEXT_ONLY_EXCLUDED_FROM_FORMAL_SPLIT,No benchmark-positive herb in the blocking group,False
HBG_b481f9e19d80,H0146,CONTEXT_ONLY_EXCLUDED_FROM_FORMAL_SPLIT,No benchmark-positive herb in the blocking group,False
HBG_b49b85cd269c,H0344,CONTEXT_ONLY_EXCLUDED_FROM_FORMAL_SPLIT,No benchmark-positive herb in the blocking group,False
HBG_b54a275b51ec,H0550,CONTEXT_ONLY_EXCLUDED_FROM_FORMAL_SPLIT,No benchmark-positive herb in the blocking group,False
HBG_b620f75510c9,H0465,CONTEXT_ONLY_EXCLUDED_FROM_FORMAL_SPLIT,No benchmark-positive herb in the blocking group,False
HBG_b70d0203c5c5,H0104,CONTEXT_ONLY_EXCLUDED_FROM_FORMAL_SPLIT,No benchmark-positive herb in the blocking group,False
HBG_b70df8604dde,H0250,CONTEXT_ONLY_EXCLUDED_FROM_FORMAL_SPLIT,No benchmark-positive herb in the blocking group,False
HBG_b8e8026327a6,H0469,CONTEXT_ONLY_EXCLUDED_FROM_FORMAL_SPLIT,No benchmark-positive herb in the blocking group,False
HBG_b8f07f9b5361,H0450,CONTEXT_ONLY_EXCLUDED_FROM_FORMAL_SPLIT,No benchmark-positive herb in the blocking group,False
HBG_ba059f1e6a5c,H0171,CONTEXT_ONLY_EXCLUDED_FROM_FORMAL_SPLIT,No benchmark-positive herb in the blocking group,False
HBG_bb14f11f09b3,H0570,CONTEXT_ONLY_EXCLUDED_FROM_FORMAL_SPLIT,No benchmark-positive herb in the blocking group,False
HBG_bb2532c4f1b2,H0545,CONTEXT_ONLY_EXCLUDED_FROM_FORMAL_SPLIT,No benchmark-positive herb in the blocking group,False
HBG_bb40b3396517,H0456,CONTEXT_ONLY_EXCLUDED_FROM_FORMAL_SPLIT,No benchmark-positive herb in the blocking group,False
HBG_bb9dab509f9b,H0186,CONTEXT_ONLY_EXCLUDED_FROM_FORMAL_SPLIT,No benchmark-positive herb in the blocking group,False
HBG_bba4ca5eed61,H0442,CONTEXT_ONLY_EXCLUDED_FROM_FORMAL_SPLIT,No benchmark-positive herb in the blocking group,False
HBG_bc008e66288b,H0942,CONTEXT_ONLY_EXCLUDED_FROM_FORMAL_SPLIT,No benchmark-positive herb in the blocking group,False
HBG_bc6d8e1f19f4,H0163,CONTEXT_ONLY_EXCLUDED_FROM_FORMAL_SPLIT,No benchmark-positive herb in the blocking group,False
HBG_bc9564d1d603,H0546,CONTEXT_ONLY_EXCLUDED_FROM_FORMAL_SPLIT,No benchmark-positive herb in the blocking group,False
HBG_bccb8369fc2f,H0355,CONTEXT_ONLY_EXCLUDED_FROM_FORMAL_SPLIT,No benchmark-positive herb in the blocking group,False
HBG_bcd5390bc381,H0398,CONTEXT_ONLY_EXCLUDED_FROM_FORMAL_SPLIT,No benchmark-positive herb in the blocking group,False
HBG_bcd59887a69a,H0311,CONTEXT_ONLY_EXCLUDED_FROM_FORMAL_SPLIT,No benchmark-positive herb in the blocking group,False
HBG_bcdc9fa15163,H0477,CONTEXT_ONLY_EXCLUDED_FROM_FORMAL_SPLIT,No benchmark-positive herb in the blocking group,False
HBG_bd318eebad02,H0283,CONTEXT_ONLY_EXCLUDED_FROM_FORMAL_SPLIT,No benchmark-positive herb in the blocking group,False
HBG_bd4b25967b4b,H0402,CONTEXT_ONLY_EXCLUDED_FROM_FORMAL_SPLIT,No benchmark-positive herb in the blocking group,False
HBG_bdf4876614af,H0340,CONTEXT_ONLY_EXCLUDED_FROM_FORMAL_SPLIT,No benchmark-positive herb in the blocking group,False
HBG_bf3a5b2d1008,H0217,CONTEXT_ONLY_EXCLUDED_FROM_FORMAL_SPLIT,No benchmark-positive herb in the blocking group,False
HBG_bf81ee4a0c18,H0269,CONTEXT_ONLY_EXCLUDED_FROM_FORMAL_SPLIT,No benchmark-positive herb in the blocking group,False
HBG_bf8b5230c2ef,H0047,CONTEXT_ONLY_EXCLUDED_FROM_FORMAL_SPLIT,No benchmark-positive herb in the blocking group,False
HBG_bfb33f323b1c,H0284,CONTEXT_ONLY_EXCLUDED_FROM_FORMAL_SPLIT,No benchmark-positive herb in the blocking group,False
HBG_bff3511f2607,H0444,CONTEXT_ONLY_EXCLUDED_FROM_FORMAL_SPLIT,No benchmark-positive herb in the blocking group,False
HBG_c0339c840228,H0202,CONTEXT_ONLY_EXCLUDED_FROM_FORMAL_SPLIT,No benchmark-positive herb in the blocking group,False
HBG_c095131f4657,H0110,CONTEXT_ONLY_EXCLUDED_FROM_FORMAL_SPLIT,No benchmark-positive herb in the blocking group,False
HBG_c0aee8e1706c,H0027,CONTEXT_ONLY_EXCLUDED_FROM_FORMAL_SPLIT,No benchmark-positive herb in the blocking group,False
HBG_c0e51621d209,H0081,CONTEXT_ONLY_EXCLUDED_FROM_FORMAL_SPLIT,No benchmark-positive herb in the blocking group,False
HBG_c16f4496c543,H0194,CONTEXT_ONLY_EXCLUDED_FROM_FORMAL_SPLIT,No benchmark-positive herb in the blocking group,False
HBG_c1ed9c7c10c6,H0461,CONTEXT_ONLY_EXCLUDED_FROM_FORMAL_SPLIT,No benchmark-positive herb in the blocking group,False
HBG_c22f9f43eb1c,H0511,CONTEXT_ONLY_EXCLUDED_FROM_FORMAL_SPLIT,No benchmark-positive herb in the blocking group,False
HBG_c236e9c8d6d8,H0307,CONTEXT_ONLY_EXCLUDED_FROM_FORMAL_SPLIT,No benchmark-positive herb in the blocking group,False
HBG_c28e2aebc877,H0037,CONTEXT_ONLY_EXCLUDED_FROM_FORMAL_SPLIT,No benchmark-positive herb in the blocking group,False
HBG_c294b861c230,H0576,CONTEXT_ONLY_EXCLUDED_FROM_FORMAL_SPLIT,No benchmark-positive herb in the blocking group,False
HBG_c2e4205519f8,H0531,CONTEXT_ONLY_EXCLUDED_FROM_FORMAL_SPLIT,No benchmark-positive herb in the blocking group,False
HBG_c3261028a132,H0541,CONTEXT_ONLY_EXCLUDED_FROM_FORMAL_SPLIT,No benchmark-positive herb in the blocking group,False
HBG_c366c2e774ea,H0221,CONTEXT_ONLY_EXCLUDED_FROM_FORMAL_SPLIT,No benchmark-positive herb in the blocking group,False
HBG_c36dd378b306,H0264,CONTEXT_ONLY_EXCLUDED_FROM_FORMAL_SPLIT,No benchmark-positive herb in the blocking group,False
HBG_c475dcd83415,H0330,CONTEXT_ONLY_EXCLUDED_FROM_FORMAL_SPLIT,No benchmark-positive herb in the blocking group,False
HBG_c5a7530d271c,H0101,CONTEXT_ONLY_EXCLUDED_FROM_FORMAL_SPLIT,No benchmark-positive herb in the blocking group,False
HBG_c5a8ee5a5a11,H0560,CONTEXT_ONLY_EXCLUDED_FROM_FORMAL_SPLIT,No benchmark-positive herb in the blocking group,False
HBG_c5ce84655028,H0501,CONTEXT_ONLY_EXCLUDED_FROM_FORMAL_SPLIT,No benchmark-positive herb in the blocking group,False
HBG_c61d4fb07bdc,H0414,CONTEXT_ONLY_EXCLUDED_FROM_FORMAL_SPLIT,No benchmark-positive herb in the blocking group,False
HBG_c621ae793c3d,H0022,CONTEXT_ONLY_EXCLUDED_FROM_FORMAL_SPLIT,No benchmark-positive herb in the blocking group,False
HBG_c69bacbbeb14,H0276,CONTEXT_ONLY_EXCLUDED_FROM_FORMAL_SPLIT,No benchmark-positive herb in the blocking group,False
HBG_c6ce20955e35,H0579,CONTEXT_ONLY_EXCLUDED_FROM_FORMAL_SPLIT,No benchmark-positive herb in the blocking group,False
HBG_c6eb1610999f,H0067,CONTEXT_ONLY_EXCLUDED_FROM_FORMAL_SPLIT,No benchmark-positive herb in the blocking group,False
HBG_c71cee121365,H0529,CONTEXT_ONLY_EXCLUDED_FROM_FORMAL_SPLIT,No benchmark-positive herb in the blocking group,False
HBG_c747127375d9,H0332,CONTEXT_ONLY_EXCLUDED_FROM_FORMAL_SPLIT,No benchmark-positive herb in the blocking group,False
HBG_c7526dd1e10f,H0118,CONTEXT_ONLY_EXCLUDED_FROM_FORMAL_SPLIT,No benchmark-positive herb in the blocking group,False
HBG_c80c6c782d4d,H0254,CONTEXT_ONLY_EXCLUDED_FROM_FORMAL_SPLIT,No benchmark-positive herb in the blocking group,False
HBG_c8d5d23cb744,H0561,CONTEXT_ONLY_EXCLUDED_FROM_FORMAL_SPLIT,No benchmark-positive herb in the blocking group,False
HBG_c97a1c5e436e,H0538,CONTEXT_ONLY_EXCLUDED_FROM_FORMAL_SPLIT,No benchmark-positive herb in the blocking group,False
HBG_c9877303a06b,H0502,CONTEXT_ONLY_EXCLUDED_FROM_FORMAL_SPLIT,No benchmark-positive herb in the blocking group,False
HBG_ca5a856d831c,H0536,CONTEXT_ONLY_EXCLUDED_FROM_FORMAL_SPLIT,No benchmark-positive herb in the blocking group,False
HBG_cba1e9beee90,H0382,CONTEXT_ONLY_EXCLUDED_FROM_FORMAL_SPLIT,No benchmark-positive herb in the blocking group,False
HBG_cd8b18a06035,H0387,CONTEXT_ONLY_EXCLUDED_FROM_FORMAL_SPLIT,No benchmark-positive herb in the blocking group,False
HBG_cd99dd844695,H0271,CONTEXT_ONLY_EXCLUDED_FROM_FORMAL_SPLIT,No benchmark-positive herb in the blocking group,False
HBG_ce071ac58d54,H0510,CONTEXT_ONLY_EXCLUDED_FROM_FORMAL_SPLIT,No benchmark-positive herb in the blocking group,False
HBG_ce178ca9305f,H0555,CONTEXT_ONLY_EXCLUDED_FROM_FORMAL_SPLIT,No benchmark-positive herb in the blocking group,False
HBG_ce5a5fca397d,H0249,CONTEXT_ONLY_EXCLUDED_FROM_FORMAL_SPLIT,No benchmark-positive herb in the blocking group,False
HBG_cefa4c4089da,H0175,CONTEXT_ONLY_EXCLUDED_FROM_FORMAL_SPLIT,No benchmark-positive herb in the blocking group,False
HBG_cf876a733bad,H0475,CONTEXT_ONLY_EXCLUDED_FROM_FORMAL_SPLIT,No benchmark-positive herb in the blocking group,False
HBG_d0375c911ce0,H0010,CONTEXT_ONLY_EXCLUDED_FROM_FORMAL_SPLIT,No benchmark-positive herb in the blocking group,False
HBG_d075aded01f1,H0273,CONTEXT_ONLY_EXCLUDED_FROM_FORMAL_SPLIT,No benchmark-positive herb in the blocking group,False
HBG_d0d367b7e3ea,H0074,CONTEXT_ONLY_EXCLUDED_FROM_FORMAL_SPLIT,No benchmark-positive herb in the blocking group,False
HBG_d0e0b94b6933,H0158,CONTEXT_ONLY_EXCLUDED_FROM_FORMAL_SPLIT,No benchmark-positive herb in the blocking group,False
HBG_d17d4a773a7a,H0208,CONTEXT_ONLY_EXCLUDED_FROM_FORMAL_SPLIT,No benchmark-positive herb in the blocking group,False
HBG_d1fb95bc1560,H0275,CONTEXT_ONLY_EXCLUDED_FROM_FORMAL_SPLIT,No benchmark-positive herb in the blocking group,False
HBG_d1fe53c4029c,H0434,CONTEXT_ONLY_EXCLUDED_FROM_FORMAL_SPLIT,No benchmark-positive herb in the blocking group,False
HBG_d240e4462c44,H0274,CONTEXT_ONLY_EXCLUDED_FROM_FORMAL_SPLIT,No benchmark-positive herb in the blocking group,False
HBG_d251820dd6eb,H0103,CONTEXT_ONLY_EXCLUDED_FROM_FORMAL_SPLIT,No benchmark-positive herb in the blocking group,False
HBG_d268971c3427,H0360,CONTEXT_ONLY_EXCLUDED_FROM_FORMAL_SPLIT,No benchmark-positive herb in the blocking group,False
HBG_d27eeec00002,H0108,CONTEXT_ONLY_EXCLUDED_FROM_FORMAL_SPLIT,No benchmark-positive herb in the blocking group,False
HBG_d2a8bfb99e70,H0405,CONTEXT_ONLY_EXCLUDED_FROM_FORMAL_SPLIT,No benchmark-positive herb in the blocking group,False
HBG_d2dc72c4ebd0,H0214,CONTEXT_ONLY_EXCLUDED_FROM_FORMAL_SPLIT,No benchmark-positive herb in the blocking group,False
HBG_d34569f0d353,H0435,CONTEXT_ONLY_EXCLUDED_FROM_FORMAL_SPLIT,No benchmark-positive herb in the blocking group,False
HBG_d366eacaa79b,H0143,CONTEXT_ONLY_EXCLUDED_FROM_FORMAL_SPLIT,No benchmark-positive herb in the blocking group,False
HBG_d3daefd07e0c,H0129,CONTEXT_ONLY_EXCLUDED_FROM_FORMAL_SPLIT,No benchmark-positive herb in the blocking group,False
HBG_d3e18ca25c15,H0483,CONTEXT_ONLY_EXCLUDED_FROM_FORMAL_SPLIT,No benchmark-positive herb in the blocking group,False
HBG_d468ee6f56d8,H0116,CONTEXT_ONLY_EXCLUDED_FROM_FORMAL_SPLIT,No benchmark-positive herb in the blocking group,False
HBG_d4ef955c829a,H0559,CONTEXT_ONLY_EXCLUDED_FROM_FORMAL_SPLIT,No benchmark-positive herb in the blocking group,False
HBG_d5198175a674,H0018,CONTEXT_ONLY_EXCLUDED_FROM_FORMAL_SPLIT,No benchmark-positive herb in the blocking group,False
HBG_d54070b673a2,H0092,CONTEXT_ONLY_EXCLUDED_FROM_FORMAL_SPLIT,No benchmark-positive herb in the blocking group,False
HBG_d5e4138b9246,H0031,CONTEXT_ONLY_EXCLUDED_FROM_FORMAL_SPLIT,No benchmark-positive herb in the blocking group,False
HBG_d6835b166ae4,H0314,CONTEXT_ONLY_EXCLUDED_FROM_FORMAL_SPLIT,No benchmark-positive herb in the blocking group,False
HBG_d75df6c4a386,H0024,CONTEXT_ONLY_EXCLUDED_FROM_FORMAL_SPLIT,No benchmark-positive herb in the blocking group,False
HBG_d85912756249,H0430,CONTEXT_ONLY_EXCLUDED_FROM_FORMAL_SPLIT,No benchmark-positive herb in the blocking group,False
HBG_d97b1f9cd7b0,H0292,CONTEXT_ONLY_EXCLUDED_FROM_FORMAL_SPLIT,No benchmark-positive herb in the blocking group,False
HBG_da7b8a4ecec8,H0358,CONTEXT_ONLY_EXCLUDED_FROM_FORMAL_SPLIT,No benchmark-positive herb in the blocking group,False
HBG_da878cdb26fe,H0122,CONTEXT_ONLY_EXCLUDED_FROM_FORMAL_SPLIT,No benchmark-positive herb in the blocking group,False
HBG_da8da9310f57,H0298,CONTEXT_ONLY_EXCLUDED_FROM_FORMAL_SPLIT,No benchmark-positive herb in the blocking group,False
HBG_db056a0f1b07,H0494,CONTEXT_ONLY_EXCLUDED_FROM_FORMAL_SPLIT,No benchmark-positive herb in the blocking group,False
HBG_dd5219cae731,H0567,CONTEXT_ONLY_EXCLUDED_FROM_FORMAL_SPLIT,No benchmark-positive herb in the blocking group,False
HBG_ddd14028b6a6,H0119,CONTEXT_ONLY_EXCLUDED_FROM_FORMAL_SPLIT,No benchmark-positive herb in the blocking group,False
HBG_df0c3983c233,H0286,CONTEXT_ONLY_EXCLUDED_FROM_FORMAL_SPLIT,No benchmark-positive herb in the blocking group,False
HBG_df482f4f6e2e,H0488,CONTEXT_ONLY_EXCLUDED_FROM_FORMAL_SPLIT,No benchmark-positive herb in the blocking group,False
HBG_df7822531bbe,H0534,CONTEXT_ONLY_EXCLUDED_FROM_FORMAL_SPLIT,No benchmark-positive herb in the blocking group,False
HBG_e0002583e40e,H0563,CONTEXT_ONLY_EXCLUDED_FROM_FORMAL_SPLIT,No benchmark-positive herb in the blocking group,False
HBG_e0d6e55ad5bf,H0195,CONTEXT_ONLY_EXCLUDED_FROM_FORMAL_SPLIT,No benchmark-positive herb in the blocking group,False
HBG_e14a4d648c53,H0577,CONTEXT_ONLY_EXCLUDED_FROM_FORMAL_SPLIT,No benchmark-positive herb in the blocking group,False
HBG_e20aadaea247,H0207,CONTEXT_ONLY_EXCLUDED_FROM_FORMAL_SPLIT,No benchmark-positive herb in the blocking group,False
HBG_e2cd1b53937d,H0498,CONTEXT_ONLY_EXCLUDED_FROM_FORMAL_SPLIT,No benchmark-positive herb in the blocking group,False
HBG_e30901576d76,H0447,CONTEXT_ONLY_EXCLUDED_FROM_FORMAL_SPLIT,No benchmark-positive herb in the blocking group,False
HBG_e4a99b40a797,H0540,CONTEXT_ONLY_EXCLUDED_FROM_FORMAL_SPLIT,No benchmark-positive herb in the blocking group,False
HBG_e4dfb575fbdc,H0242,CONTEXT_ONLY_EXCLUDED_FROM_FORMAL_SPLIT,No benchmark-positive herb in the blocking group,False
HBG_e4e1de1db9ff,H0149,CONTEXT_ONLY_EXCLUDED_FROM_FORMAL_SPLIT,No benchmark-positive herb in the blocking group,False
HBG_e4e3fa2c37f0,H0392,CONTEXT_ONLY_EXCLUDED_FROM_FORMAL_SPLIT,No benchmark-positive herb in the blocking group,False
HBG_e542d87db819,H0226,CONTEXT_ONLY_EXCLUDED_FROM_FORMAL_SPLIT,No benchmark-positive herb in the blocking group,False
HBG_e5cd3a5f157d,H0572,CONTEXT_ONLY_EXCLUDED_FROM_FORMAL_SPLIT,No benchmark-positive herb in the blocking group,False
HBG_e6918ebb81ee,H0181,CONTEXT_ONLY_EXCLUDED_FROM_FORMAL_SPLIT,No benchmark-positive herb in the blocking group,False
HBG_e6b5c54a7bd3,H0064,CONTEXT_ONLY_EXCLUDED_FROM_FORMAL_SPLIT,No benchmark-positive herb in the blocking group,False
HBG_e6cbc7d37253,H0509,CONTEXT_ONLY_EXCLUDED_FROM_FORMAL_SPLIT,No benchmark-positive herb in the blocking group,False
HBG_e73ec81b4d5e,H0480,CONTEXT_ONLY_EXCLUDED_FROM_FORMAL_SPLIT,No benchmark-positive herb in the blocking group,False
HBG_e84f12bdb03b,H0120,CONTEXT_ONLY_EXCLUDED_FROM_FORMAL_SPLIT,No benchmark-positive herb in the blocking group,False
HBG_e85051cb2ae6,H0519,CONTEXT_ONLY_EXCLUDED_FROM_FORMAL_SPLIT,No benchmark-positive herb in the blocking group,False
HBG_e8713f65724b,H0558,CONTEXT_ONLY_EXCLUDED_FROM_FORMAL_SPLIT,No benchmark-positive herb in the blocking group,False
HBG_e882399dd95e,H0403,CONTEXT_ONLY_EXCLUDED_FROM_FORMAL_SPLIT,No benchmark-positive herb in the blocking group,False
HBG_e98b81a2ca4a,H0166,CONTEXT_ONLY_EXCLUDED_FROM_FORMAL_SPLIT,No benchmark-positive herb in the blocking group,False
HBG_e9c50fe6718d,H0051,CONTEXT_ONLY_EXCLUDED_FROM_FORMAL_SPLIT,No benchmark-positive herb in the blocking group,False
HBG_e9f226072a24,H0467,CONTEXT_ONLY_EXCLUDED_FROM_FORMAL_SPLIT,No benchmark-positive herb in the blocking group,False
HBG_ea3f697c44e9,H0063,CONTEXT_ONLY_EXCLUDED_FROM_FORMAL_SPLIT,No benchmark-positive herb in the blocking group,False
HBG_ea9e07cb8c75,H0224,CONTEXT_ONLY_EXCLUDED_FROM_FORMAL_SPLIT,No benchmark-positive herb in the blocking group,False
HBG_eb1c72f24d30,H0304,CONTEXT_ONLY_EXCLUDED_FROM_FORMAL_SPLIT,No benchmark-positive herb in the blocking group,False
HBG_eb5d5cd7bb24,H0408,CONTEXT_ONLY_EXCLUDED_FROM_FORMAL_SPLIT,No benchmark-positive herb in the blocking group,False
HBG_eb5ee4fffb9f,H0066,CONTEXT_ONLY_EXCLUDED_FROM_FORMAL_SPLIT,No benchmark-positive herb in the blocking group,False
HBG_eb65279b0570,H0315,CONTEXT_ONLY_EXCLUDED_FROM_FORMAL_SPLIT,No benchmark-positive herb in the blocking group,False
HBG_ecb63d3918a2,H0462,CONTEXT_ONLY_EXCLUDED_FROM_FORMAL_SPLIT,No benchmark-positive herb in the blocking group,False
HBG_ed09b82af626,H0229,CONTEXT_ONLY_EXCLUDED_FROM_FORMAL_SPLIT,No benchmark-positive herb in the blocking group,False
HBG_ed4b55ceb16c,H0089,CONTEXT_ONLY_EXCLUDED_FROM_FORMAL_SPLIT,No benchmark-positive herb in the blocking group,False
HBG_ed6f7e49e92f,H0134,CONTEXT_ONLY_EXCLUDED_FROM_FORMAL_SPLIT,No benchmark-positive herb in the blocking group,False
HBG_ee6dc6e190af,H0410,CONTEXT_ONLY_EXCLUDED_FROM_FORMAL_SPLIT,No benchmark-positive herb in the blocking group,False
HBG_eeacfade17e8,H0690,CONTEXT_ONLY_EXCLUDED_FROM_FORMAL_SPLIT,No benchmark-positive herb in the blocking group,False
HBG_efaa69ade0fa,H0212,CONTEXT_ONLY_EXCLUDED_FROM_FORMAL_SPLIT,No benchmark-positive herb in the blocking group,False
HBG_f00c546fdaef,H0091,CONTEXT_ONLY_EXCLUDED_FROM_FORMAL_SPLIT,No benchmark-positive herb in the blocking group,False
HBG_f0239922bdad,H0148,CONTEXT_ONLY_EXCLUDED_FROM_FORMAL_SPLIT,No benchmark-positive herb in the blocking group,False
HBG_f036083179c7,H0441,CONTEXT_ONLY_EXCLUDED_FROM_FORMAL_SPLIT,No benchmark-positive herb in the blocking group,False
HBG_f0c540dd172a,H0539,CONTEXT_ONLY_EXCLUDED_FROM_FORMAL_SPLIT,No benchmark-positive herb in the blocking group,False
HBG_f20b8c485d6b,H0397,CONTEXT_ONLY_EXCLUDED_FROM_FORMAL_SPLIT,No benchmark-positive herb in the blocking group,False
HBG_f23bba8b852a,H0399,CONTEXT_ONLY_EXCLUDED_FROM_FORMAL_SPLIT,No benchmark-positive herb in the blocking group,False
HBG_f26a50092aab,H0499,CONTEXT_ONLY_EXCLUDED_FROM_FORMAL_SPLIT,No benchmark-positive herb in the blocking group,False
HBG_f3165ab95bee,H0258,CONTEXT_ONLY_EXCLUDED_FROM_FORMAL_SPLIT,No benchmark-positive herb in the blocking group,False
HBG_f40f1a788222,H0151,CONTEXT_ONLY_EXCLUDED_FROM_FORMAL_SPLIT,No benchmark-positive herb in the blocking group,False
HBG_f4bf38e339de,H0075,CONTEXT_ONLY_EXCLUDED_FROM_FORMAL_SPLIT,No benchmark-positive herb in the blocking group,False
HBG_f4d16e1d45b9,H0248,CONTEXT_ONLY_EXCLUDED_FROM_FORMAL_SPLIT,No benchmark-positive herb in the blocking group,False
HBG_f57e849cee44,H0029,CONTEXT_ONLY_EXCLUDED_FROM_FORMAL_SPLIT,No benchmark-positive herb in the blocking group,False
HBG_f5e94faafa1b,H0313,CONTEXT_ONLY_EXCLUDED_FROM_FORMAL_SPLIT,No benchmark-positive herb in the blocking group,False
HBG_f656f12978f8,H0409,CONTEXT_ONLY_EXCLUDED_FROM_FORMAL_SPLIT,No benchmark-positive herb in the blocking group,False
HBG_f67555fc162e,H0303,CONTEXT_ONLY_EXCLUDED_FROM_FORMAL_SPLIT,No benchmark-positive herb in the blocking group,False
HBG_f6c7bb006334,H0368,CONTEXT_ONLY_EXCLUDED_FROM_FORMAL_SPLIT,No benchmark-positive herb in the blocking group,False
HBG_f6dbab37ada3,H0490,CONTEXT_ONLY_EXCLUDED_FROM_FORMAL_SPLIT,No benchmark-positive herb in the blocking group,False
HBG_f74c7553e800,H0252,CONTEXT_ONLY_EXCLUDED_FROM_FORMAL_SPLIT,No benchmark-positive herb in the blocking group,False
HBG_f765878bb205,H0216,CONTEXT_ONLY_EXCLUDED_FROM_FORMAL_SPLIT,No benchmark-positive herb in the blocking group,False
HBG_f77bd9e0b6ab,H0078,CONTEXT_ONLY_EXCLUDED_FROM_FORMAL_SPLIT,No benchmark-positive herb in the blocking group,False
HBG_f7e1154b55f8,H0505,CONTEXT_ONLY_EXCLUDED_FROM_FORMAL_SPLIT,No benchmark-positive herb in the blocking group,False
HBG_f8788fb7b175,H0390,CONTEXT_ONLY_EXCLUDED_FROM_FORMAL_SPLIT,No benchmark-positive herb in the blocking group,False
HBG_f88093f8a65a,H0506,CONTEXT_ONLY_EXCLUDED_FROM_FORMAL_SPLIT,No benchmark-positive herb in the blocking group,False
HBG_f8d71c3e4fba,H0251,CONTEXT_ONLY_EXCLUDED_FROM_FORMAL_SPLIT,No benchmark-positive herb in the blocking group,False
HBG_f8f7cffcb7b7,H0256,CONTEXT_ONLY_EXCLUDED_FROM_FORMAL_SPLIT,No benchmark-positive herb in the blocking group,False
HBG_f9d436be5eb6,H0196,CONTEXT_ONLY_EXCLUDED_FROM_FORMAL_SPLIT,No benchmark-positive herb in the blocking group,False
HBG_f9fb53beab0f,H0343,CONTEXT_ONLY_EXCLUDED_FROM_FORMAL_SPLIT,No benchmark-positive herb in the blocking group,False
HBG_fa330c6da92b,H0046,CONTEXT_ONLY_EXCLUDED_FROM_FORMAL_SPLIT,No benchmark-positive herb in the blocking group,False
HBG_fa68a3596d7f,H0549,CONTEXT_ONLY_EXCLUDED_FROM_FORMAL_SPLIT,No benchmark-positive herb in the blocking group,False
HBG_fac46ccd943f,H0464,CONTEXT_ONLY_EXCLUDED_FROM_FORMAL_SPLIT,No benchmark-positive herb in the blocking group,False
HBG_fb66ebdaeeb7,H0004,CONTEXT_ONLY_EXCLUDED_FROM_FORMAL_SPLIT,No benchmark-positive herb in the blocking group,False
HBG_fbf5f1124e8a,H0293,CONTEXT_ONLY_EXCLUDED_FROM_FORMAL_SPLIT,No benchmark-positive herb in the blocking group,False
HBG_fc34a4e05d4f,H0266,CONTEXT_ONLY_EXCLUDED_FROM_FORMAL_SPLIT,No benchmark-positive herb in the blocking group,False
HBG_fdf3358da778,H0428,CONTEXT_ONLY_EXCLUDED_FROM_FORMAL_SPLIT,No benchmark-positive herb in the blocking group,False
HBG_fe988ef286ae,H0573,CONTEXT_ONLY_EXCLUDED_FROM_FORMAL_SPLIT,No benchmark-positive herb in the blocking group,False
HBG_feaadf1ce0c5,H0205,CONTEXT_ONLY_EXCLUDED_FROM_FORMAL_SPLIT,No benchmark-positive herb in the blocking group,False
HBG_ff015d2d8efd,H0380,CONTEXT_ONLY_EXCLUDED_FROM_FORMAL_SPLIT,No benchmark-positive herb in the blocking group,False
HBG_ff815a9e6f21,H0316,CONTEXT_ONLY_EXCLUDED_FROM_FORMAL_SPLIT,No benchmark-positive herb in the blocking group,False
HBG_ffcacb2d9531,H0121,CONTEXT_ONLY_EXCLUDED_FROM_FORMAL_SPLIT,No benchmark-positive herb in the blocking group,False
