herb_id,exclusion_category,partition_or_status,incident_herb_context_edges_must_be_removed,herb_target_labels_must_be_removed
H0001,PURE_CONTEXT_ONLY_GROUP,CONTEXT_ONLY_EXCLUDED_FROM_FORMAL_SPLIT,True,True
H0003,PURE_CONTEXT_ONLY_GROUP,CONTEXT_ONLY_EXCLUDED_FROM_FORMAL_SPLIT,True,True
H0004,PURE_CONTEXT_ONLY_GROUP,CONTEXT_ONLY_EXCLUDED_FROM_FORMAL_SPLIT,True,True
H0005,PURE_CONTEXT_ONLY_GROUP,CONTEXT_ONLY_EXCLUDED_FROM_FORMAL_SPLIT,True,True
H0006,PURE_CONTEXT_ONLY_GROUP,CONTEXT_ONLY_EXCLUDED_FROM_FORMAL_SPLIT,True,True
H0007,PURE_CONTEXT_ONLY_GROUP,CONTEXT_ONLY_EXCLUDED_FROM_FORMAL_SPLIT,True,True
H0008,PURE_CONTEXT_ONLY_GROUP,CONTEXT_ONLY_EXCLUDED_FROM_FORMAL_SPLIT,True,True
H0009,PURE_CONTEXT_ONLY_GROUP,CONTEXT_ONLY_EXCLUDED_FROM_FORMAL_SPLIT,True,True
H0010,PURE_CONTEXT_ONLY_GROUP,CONTEXT_ONLY_EXCLUDED_FROM_FORMAL_SPLIT,True,True
H0011,PURE_CONTEXT_ONLY_GROUP,CONTEXT_ONLY_EXCLUDED_FROM_FORMAL_SPLIT,True,True
H0012,PURE_CONTEXT_ONLY_GROUP,CONTEXT_ONLY_EXCLUDED_FROM_FORMAL_SPLIT,True,True
H0013,PURE_CONTEXT_ONLY_GROUP,CONTEXT_ONLY_EXCLUDED_FROM_FORMAL_SPLIT,True,True
H0014,PURE_CONTEXT_ONLY_GROUP,CONTEXT_ONLY_EXCLUDED_FROM_FORMAL_SPLIT,True,True
H0015,PURE_CONTEXT_ONLY_GROUP,CONTEXT_ONLY_EXCLUDED_FROM_FORMAL_SPLIT,True,True
H0016,PURE_CONTEXT_ONLY_GROUP,CONTEXT_ONLY_EXCLUDED_FROM_FORMAL_SPLIT,True,True
H0017,PURE_CONTEXT_ONLY_GROUP,CONTEXT_ONLY_EXCLUDED_FROM_FORMAL_SPLIT,True,True
H0018,PURE_CONTEXT_ONLY_GROUP,CONTEXT_ONLY_EXCLUDED_FROM_FORMAL_SPLIT,True,True
H0019,PURE_CONTEXT_ONLY_GROUP,CONTEXT_ONLY_EXCLUDED_FROM_FORMAL_SPLIT,True,True
H0020,PURE_CONTEXT_ONLY_GROUP,CONTEXT_ONLY_EXCLUDED_FROM_FORMAL_SPLIT,True,True
H0021,PURE_CONTEXT_ONLY_GROUP,CONTEXT_ONLY_EXCLUDED_FROM_FORMAL_SPLIT,True,True
H0022,PURE_CONTEXT_ONLY_GROUP,CONTEXT_ONLY_EXCLUDED_FROM_FORMAL_SPLIT,True,True
H0023,PURE_CONTEXT_ONLY_GROUP,CONTEXT_ONLY_EXCLUDED_FROM_FORMAL_SPLIT,True,True
H0024,PURE_CONTEXT_ONLY_GROUP,CONTEXT_ONLY_EXCLUDED_FROM_FORMAL_SPLIT,True,True
H0025,PURE_CONTEXT_ONLY_GROUP,CONTEXT_ONLY_EXCLUDED_FROM_FORMAL_SPLIT,True,True
H0026,PURE_CONTEXT_ONLY_GROUP,CONTEXT_ONLY_EXCLUDED_FROM_FORMAL_SPLIT,True,True
H0027,PURE_CONTEXT_ONLY_GROUP,CONTEXT_ONLY_EXCLUDED_FROM_FORMAL_SPLIT,True,True
H0028,PURE_CONTEXT_ONLY_GROUP,CONTEXT_ONLY_EXCLUDED_FROM_FORMAL_SPLIT,True,True
H0029,PURE_CONTEXT_ONLY_GROUP,CONTEXT_ONLY_EXCLUDED_FROM_FORMAL_SPLIT,True,True
H0030,PURE_CONTEXT_ONLY_GROUP,CONTEXT_ONLY_EXCLUDED_FROM_FORMAL_SPLIT,True,True
H0031,PURE_CONTEXT_ONLY_GROUP,CONTEXT_ONLY_EXCLUDED_FROM_FORMAL_SPLIT,True,True
H0032,PURE_CONTEXT_ONLY_GROUP,CONTEXT_ONLY_EXCLUDED_FROM_FORMAL_SPLIT,True,True
H0033,PURE_CONTEXT_ONLY_GROUP,CONTEXT_ONLY_EXCLUDED_FROM_FORMAL_SPLIT,True,True
H0034,PURE_CONTEXT_ONLY_GROUP,CONTEXT_ONLY_EXCLUDED_FROM_FORMAL_SPLIT,True,True
H0035,PURE_CONTEXT_ONLY_GROUP,CONTEXT_ONLY_EXCLUDED_FROM_FORMAL_SPLIT,True,True
H0036,PURE_CONTEXT_ONLY_GROUP,CONTEXT_ONLY_EXCLUDED_FROM_FORMAL_SPLIT,True,True
H0037,PURE_CONTEXT_ONLY_GROUP,CONTEXT_ONLY_EXCLUDED_FROM_FORMAL_SPLIT,True,True
H0038,PURE_CONTEXT_ONLY_GROUP,CONTEXT_ONLY_EXCLUDED_FROM_FORMAL_SPLIT,True,True
H0039,PURE_CONTEXT_ONLY_GROUP,CONTEXT_ONLY_EXCLUDED_FROM_FORMAL_SPLIT,True,True
H0040,PURE_CONTEXT_ONLY_GROUP,CONTEXT_ONLY_EXCLUDED_FROM_FORMAL_SPLIT,True,True
H0041,PURE_CONTEXT_ONLY_GROUP,CONTEXT_ONLY_EXCLUDED_FROM_FORMAL_SPLIT,True,True
H0042,PURE_CONTEXT_ONLY_GROUP,CONTEXT_ONLY_EXCLUDED_FROM_FORMAL_SPLIT,True,True
H0043,PURE_CONTEXT_ONLY_GROUP,CONTEXT_ONLY_EXCLUDED_FROM_FORMAL_SPLIT,True,True
H0044,PURE_CONTEXT_ONLY_GROUP,CONTEXT_ONLY_EXCLUDED_FROM_FORMAL_SPLIT,True,True
H0045,PURE_CONTEXT_ONLY_GROUP,CONTEXT_ONLY_EXCLUDED_FROM_FORMAL_SPLIT,True,True
H0046,PURE_CONTEXT_ONLY_GROUP,CONTEXT_ONLY_EXCLUDED_FROM_FORMAL_SPLIT,True,True
H0047,PURE_CONTEXT_ONLY_GROUP,CONTEXT_ONLY_EXCLUDED_FROM_FORMAL_SPLIT,True,True
H0048,PURE_CONTEXT_ONLY_GROUP,CONTEXT_ONLY_EXCLUDED_FROM_FORMAL_SPLIT,True,True
H0049,PURE_CONTEXT_ONLY_GROUP,CONTEXT_ONLY_EXCLUDED_FROM_FORMAL_SPLIT,True,True
H0050,PURE_CONTEXT_ONLY_GROUP,CONTEXT_ONLY_EXCLUDED_FROM_FORMAL_SPLIT,True,True
H0051,PURE_CONTEXT_ONLY_GROUP,CONTEXT_ONLY_EXCLUDED_FROM_FORMAL_SPLIT,True,True
H0052,PURE_CONTEXT_ONLY_GROUP,CONTEXT_ONLY_EXCLUDED_FROM_FORMAL_SPLIT,True,True
H0053,PURE_CONTEXT_ONLY_GROUP,CONTEXT_ONLY_EXCLUDED_FROM_FORMAL_SPLIT,True,True
H0054,PURE_CONTEXT_ONLY_GROUP,CONTEXT_ONLY_EXCLUDED_FROM_FORMAL_SPLIT,True,True
H0055,PURE_CONTEXT_ONLY_GROUP,CONTEXT_ONLY_EXCLUDED_FROM_FORMAL_SPLIT,True,True
H0056,PURE_CONTEXT_ONLY_GROUP,CONTEXT_ONLY_EXCLUDED_FROM_FORMAL_SPLIT,True,True
H0057,PURE_CONTEXT_ONLY_GROUP,CONTEXT_ONLY_EXCLUDED_FROM_FORMAL_SPLIT,True,True
H0058,PURE_CONTEXT_ONLY_GROUP,CONTEXT_ONLY_EXCLUDED_FROM_FORMAL_SPLIT,True,True
H0059,PURE_CONTEXT_ONLY_GROUP,CONTEXT_ONLY_EXCLUDED_FROM_FORMAL_SPLIT,True,True
H0060,PURE_CONTEXT_ONLY_GROUP,CONTEXT_ONLY_EXCLUDED_FROM_FORMAL_SPLIT,True,True
H0061,PURE_CONTEXT_ONLY_GROUP,CONTEXT_ONLY_EXCLUDED_FROM_FORMAL_SPLIT,True,True
H0063,PURE_CONTEXT_ONLY_GROUP,CONTEXT_ONLY_EXCLUDED_FROM_FORMAL_SPLIT,True,True
H0064,PURE_CONTEXT_ONLY_GROUP,CONTEXT_ONLY_EXCLUDED_FROM_FORMAL_SPLIT,True,True
H0065,PURE_CONTEXT_ONLY_GROUP,CONTEXT_ONLY_EXCLUDED_FROM_FORMAL_SPLIT,True,True
H0066,PURE_CONTEXT_ONLY_GROUP,CONTEXT_ONLY_EXCLUDED_FROM_FORMAL_SPLIT,True,True
H0067,PURE_CONTEXT_ONLY_GROUP,CONTEXT_ONLY_EXCLUDED_FROM_FORMAL_SPLIT,True,True
H0068,PURE_CONTEXT_ONLY_GROUP,CONTEXT_ONLY_EXCLUDED_FROM_FORMAL_SPLIT,True,True
H0069,PURE_CONTEXT_ONLY_GROUP,CONTEXT_ONLY_EXCLUDED_FROM_FORMAL_SPLIT,True,True
H0070,PURE_CONTEXT_ONLY_GROUP,CONTEXT_ONLY_EXCLUDED_FROM_FORMAL_SPLIT,True,True
H0071,PURE_CONTEXT_ONLY_GROUP,CONTEXT_ONLY_EXCLUDED_FROM_FORMAL_SPLIT,True,True
H0072,PURE_CONTEXT_ONLY_GROUP,CONTEXT_ONLY_EXCLUDED_FROM_FORMAL_SPLIT,True,True
H0073,PURE_CONTEXT_ONLY_GROUP,CONTEXT_ONLY_EXCLUDED_FROM_FORMAL_SPLIT,True,True
H0074,PURE_CONTEXT_ONLY_GROUP,CONTEXT_ONLY_EXCLUDED_FROM_FORMAL_SPLIT,True,True
H0075,PURE_CONTEXT_ONLY_GROUP,CONTEXT_ONLY_EXCLUDED_FROM_FORMAL_SPLIT,True,True
H0076,PURE_CONTEXT_ONLY_GROUP,CONTEXT_ONLY_EXCLUDED_FROM_FORMAL_SPLIT,True,True
H0077,PURE_CONTEXT_ONLY_GROUP,CONTEXT_ONLY_EXCLUDED_FROM_FORMAL_SPLIT,True,True
H0078,PURE_CONTEXT_ONLY_GROUP,CONTEXT_ONLY_EXCLUDED_FROM_FORMAL_SPLIT,True,True
H0079,PURE_CONTEXT_ONLY_GROUP,CONTEXT_ONLY_EXCLUDED_FROM_FORMAL_SPLIT,True,True
H0080,PURE_CONTEXT_ONLY_GROUP,CONTEXT_ONLY_EXCLUDED_FROM_FORMAL_SPLIT,True,True
H0081,PURE_CONTEXT_ONLY_GROUP,CONTEXT_ONLY_EXCLUDED_FROM_FORMAL_SPLIT,True,True
H0082,PURE_CONTEXT_ONLY_GROUP,CONTEXT_ONLY_EXCLUDED_FROM_FORMAL_SPLIT,True,True
H0083,PURE_CONTEXT_ONLY_GROUP,CONTEXT_ONLY_EXCLUDED_FROM_FORMAL_SPLIT,True,True
H0084,PURE_CONTEXT_ONLY_GROUP,CONTEXT_ONLY_EXCLUDED_FROM_FORMAL_SPLIT,True,True
H0085,PURE_CONTEXT_ONLY_GROUP,CONTEXT_ONLY_EXCLUDED_FROM_FORMAL_SPLIT,True,True
H0086,PURE_CONTEXT_ONLY_GROUP,CONTEXT_ONLY_EXCLUDED_FROM_FORMAL_SPLIT,True,True
H0087,PURE_CONTEXT_ONLY_GROUP,CONTEXT_ONLY_EXCLUDED_FROM_FORMAL_SPLIT,True,True
H0088,PURE_CONTEXT_ONLY_GROUP,CONTEXT_ONLY_EXCLUDED_FROM_FORMAL_SPLIT,True,True
H0089,PURE_CONTEXT_ONLY_GROUP,CONTEXT_ONLY_EXCLUDED_FROM_FORMAL_SPLIT,True,True
H0090,PURE_CONTEXT_ONLY_GROUP,CONTEXT_ONLY_EXCLUDED_FROM_FORMAL_SPLIT,True,True
H0091,PURE_CONTEXT_ONLY_GROUP,CONTEXT_ONLY_EXCLUDED_FROM_FORMAL_SPLIT,True,True
H0092,PURE_CONTEXT_ONLY_GROUP,CONTEXT_ONLY_EXCLUDED_FROM_FORMAL_SPLIT,True,True
H0093,PURE_CONTEXT_ONLY_GROUP,CONTEXT_ONLY_EXCLUDED_FROM_FORMAL_SPLIT,True,True
H0094,PURE_CONTEXT_ONLY_GROUP,CONTEXT_ONLY_EXCLUDED_FROM_FORMAL_SPLIT,True,True
H0095,PURE_CONTEXT_ONLY_GROUP,CONTEXT_ONLY_EXCLUDED_FROM_FORMAL_SPLIT,True,True
H0096,PURE_CONTEXT_ONLY_GROUP,CONTEXT_ONLY_EXCLUDED_FROM_FORMAL_SPLIT,True,True
H0097,PURE_CONTEXT_ONLY_GROUP,CONTEXT_ONLY_EXCLUDED_FROM_FORMAL_SPLIT,True,True
H0098,PURE_CONTEXT_ONLY_GROUP,CONTEXT_ONLY_EXCLUDED_FROM_FORMAL_SPLIT,True,True
H0099,PURE_CONTEXT_ONLY_GROUP,CONTEXT_ONLY_EXCLUDED_FROM_FORMAL_SPLIT,True,True
H0100,PURE_CONTEXT_ONLY_GROUP,CONTEXT_ONLY_EXCLUDED_FROM_FORMAL_SPLIT,True,True
H0101,PURE_CONTEXT_ONLY_GROUP,CONTEXT_ONLY_EXCLUDED_FROM_FORMAL_SPLIT,True,True
H0102,PURE_CONTEXT_ONLY_GROUP,CONTEXT_ONLY_EXCLUDED_FROM_FORMAL_SPLIT,True,True
H0103,PURE_CONTEXT_ONLY_GROUP,CONTEXT_ONLY_EXCLUDED_FROM_FORMAL_SPLIT,True,True
H0104,PURE_CONTEXT_ONLY_GROUP,CONTEXT_ONLY_EXCLUDED_FROM_FORMAL_SPLIT,True,True
H0105,PURE_CONTEXT_ONLY_GROUP,CONTEXT_ONLY_EXCLUDED_FROM_FORMAL_SPLIT,True,True
H0107,PURE_CONTEXT_ONLY_GROUP,CONTEXT_ONLY_EXCLUDED_FROM_FORMAL_SPLIT,True,True
H0108,PURE_CONTEXT_ONLY_GROUP,CONTEXT_ONLY_EXCLUDED_FROM_FORMAL_SPLIT,True,True
H0109,PURE_CONTEXT_ONLY_GROUP,CONTEXT_ONLY_EXCLUDED_FROM_FORMAL_SPLIT,True,True
H0110,PURE_CONTEXT_ONLY_GROUP,CONTEXT_ONLY_EXCLUDED_FROM_FORMAL_SPLIT,True,True
H0111,PURE_CONTEXT_ONLY_GROUP,CONTEXT_ONLY_EXCLUDED_FROM_FORMAL_SPLIT,True,True
H0112,PURE_CONTEXT_ONLY_GROUP,CONTEXT_ONLY_EXCLUDED_FROM_FORMAL_SPLIT,True,True
H0113,PURE_CONTEXT_ONLY_GROUP,CONTEXT_ONLY_EXCLUDED_FROM_FORMAL_SPLIT,True,True
H0114,PURE_CONTEXT_ONLY_GROUP,CONTEXT_ONLY_EXCLUDED_FROM_FORMAL_SPLIT,True,True
H0115,PURE_CONTEXT_ONLY_GROUP,CONTEXT_ONLY_EXCLUDED_FROM_FORMAL_SPLIT,True,True
H0116,PURE_CONTEXT_ONLY_GROUP,CONTEXT_ONLY_EXCLUDED_FROM_FORMAL_SPLIT,True,True
H0117,PURE_CONTEXT_ONLY_GROUP,CONTEXT_ONLY_EXCLUDED_FROM_FORMAL_SPLIT,True,True
H0118,PURE_CONTEXT_ONLY_GROUP,CONTEXT_ONLY_EXCLUDED_FROM_FORMAL_SPLIT,True,True
H0119,PURE_CONTEXT_ONLY_GROUP,CONTEXT_ONLY_EXCLUDED_FROM_FORMAL_SPLIT,True,True
H0120,PURE_CONTEXT_ONLY_GROUP,CONTEXT_ONLY_EXCLUDED_FROM_FORMAL_SPLIT,True,True
H0121,PURE_CONTEXT_ONLY_GROUP,CONTEXT_ONLY_EXCLUDED_FROM_FORMAL_SPLIT,True,True
H0122,PURE_CONTEXT_ONLY_GROUP,CONTEXT_ONLY_EXCLUDED_FROM_FORMAL_SPLIT,True,True
H0123,PURE_CONTEXT_ONLY_GROUP,CONTEXT_ONLY_EXCLUDED_FROM_FORMAL_SPLIT,True,True
H0124,PURE_CONTEXT_ONLY_GROUP,CONTEXT_ONLY_EXCLUDED_FROM_FORMAL_SPLIT,True,True
H0125,PURE_CONTEXT_ONLY_GROUP,CONTEXT_ONLY_EXCLUDED_FROM_FORMAL_SPLIT,True,True
H0126,PURE_CONTEXT_ONLY_GROUP,CONTEXT_ONLY_EXCLUDED_FROM_FORMAL_SPLIT,True,True
H0127,PURE_CONTEXT_ONLY_GROUP,CONTEXT_ONLY_EXCLUDED_FROM_FORMAL_SPLIT,True,True
H0128,PURE_CONTEXT_ONLY_GROUP,CONTEXT_ONLY_EXCLUDED_FROM_FORMAL_SPLIT,True,True
H0129,PURE_CONTEXT_ONLY_GROUP,CONTEXT_ONLY_EXCLUDED_FROM_FORMAL_SPLIT,True,True
H0130,PURE_CONTEXT_ONLY_GROUP,CONTEXT_ONLY_EXCLUDED_FROM_FORMAL_SPLIT,True,True
H0131,PURE_CONTEXT_ONLY_GROUP,CONTEXT_ONLY_EXCLUDED_FROM_FORMAL_SPLIT,True,True
H0132,PURE_CONTEXT_ONLY_GROUP,CONTEXT_ONLY_EXCLUDED_FROM_FORMAL_SPLIT,True,True
H0133,PURE_CONTEXT_ONLY_GROUP,CONTEXT_ONLY_EXCLUDED_FROM_FORMAL_SPLIT,True,True
H0134,PURE_CONTEXT_ONLY_GROUP,CONTEXT_ONLY_EXCLUDED_FROM_FORMAL_SPLIT,True,True
H0135,PURE_CONTEXT_ONLY_GROUP,CONTEXT_ONLY_EXCLUDED_FROM_FORMAL_SPLIT,True,True
H0136,PURE_CONTEXT_ONLY_GROUP,CONTEXT_ONLY_EXCLUDED_FROM_FORMAL_SPLIT,True,True
H0137,PURE_CONTEXT_ONLY_GROUP,CONTEXT_ONLY_EXCLUDED_FROM_FORMAL_SPLIT,True,True
H0139,PURE_CONTEXT_ONLY_GROUP,CONTEXT_ONLY_EXCLUDED_FROM_FORMAL_SPLIT,True,True
H0140,PURE_CONTEXT_ONLY_GROUP,CONTEXT_ONLY_EXCLUDED_FROM_FORMAL_SPLIT,True,True
H0141,PURE_CONTEXT_ONLY_GROUP,CONTEXT_ONLY_EXCLUDED_FROM_FORMAL_SPLIT,True,True
H0142,PURE_CONTEXT_ONLY_GROUP,CONTEXT_ONLY_EXCLUDED_FROM_FORMAL_SPLIT,True,True
H0143,PURE_CONTEXT_ONLY_GROUP,CONTEXT_ONLY_EXCLUDED_FROM_FORMAL_SPLIT,True,True
H0144,PURE_CONTEXT_ONLY_GROUP,CONTEXT_ONLY_EXCLUDED_FROM_FORMAL_SPLIT,True,True
H0145,PURE_CONTEXT_ONLY_GROUP,CONTEXT_ONLY_EXCLUDED_FROM_FORMAL_SPLIT,True,True
H0146,PURE_CONTEXT_ONLY_GROUP,CONTEXT_ONLY_EXCLUDED_FROM_FORMAL_SPLIT,True,True
H0147,PURE_CONTEXT_ONLY_GROUP,CONTEXT_ONLY_EXCLUDED_FROM_FORMAL_SPLIT,True,True
H0148,PURE_CONTEXT_ONLY_GROUP,CONTEXT_ONLY_EXCLUDED_FROM_FORMAL_SPLIT,True,True
H0149,PURE_CONTEXT_ONLY_GROUP,CONTEXT_ONLY_EXCLUDED_FROM_FORMAL_SPLIT,True,True
H0150,PURE_CONTEXT_ONLY_GROUP,CONTEXT_ONLY_EXCLUDED_FROM_FORMAL_SPLIT,True,True
H0151,PURE_CONTEXT_ONLY_GROUP,CONTEXT_ONLY_EXCLUDED_FROM_FORMAL_SPLIT,True,True
H0152,PURE_CONTEXT_ONLY_GROUP,CONTEXT_ONLY_EXCLUDED_FROM_FORMAL_SPLIT,True,True
H0153,PURE_CONTEXT_ONLY_GROUP,CONTEXT_ONLY_EXCLUDED_FROM_FORMAL_SPLIT,True,True
H0154,PURE_CONTEXT_ONLY_GROUP,CONTEXT_ONLY_EXCLUDED_FROM_FORMAL_SPLIT,True,True
H0155,PURE_CONTEXT_ONLY_GROUP,CONTEXT_ONLY_EXCLUDED_FROM_FORMAL_SPLIT,True,True
H0156,PURE_CONTEXT_ONLY_GROUP,CONTEXT_ONLY_EXCLUDED_FROM_FORMAL_SPLIT,True,True
H0157,PURE_CONTEXT_ONLY_GROUP,CONTEXT_ONLY_EXCLUDED_FROM_FORMAL_SPLIT,True,True
H0158,PURE_CONTEXT_ONLY_GROUP,CONTEXT_ONLY_EXCLUDED_FROM_FORMAL_SPLIT,True,True
H0159,PURE_CONTEXT_ONLY_GROUP,CONTEXT_ONLY_EXCLUDED_FROM_FORMAL_SPLIT,True,True
H0160,PURE_CONTEXT_ONLY_GROUP,CONTEXT_ONLY_EXCLUDED_FROM_FORMAL_SPLIT,True,True
H0161,PURE_CONTEXT_ONLY_GROUP,CONTEXT_ONLY_EXCLUDED_FROM_FORMAL_SPLIT,True,True
H0162,PURE_CONTEXT_ONLY_GROUP,CONTEXT_ONLY_EXCLUDED_FROM_FORMAL_SPLIT,True,True
H0163,PURE_CONTEXT_ONLY_GROUP,CONTEXT_ONLY_EXCLUDED_FROM_FORMAL_SPLIT,True,True
H0164,PURE_CONTEXT_ONLY_GROUP,CONTEXT_ONLY_EXCLUDED_FROM_FORMAL_SPLIT,True,True
H0165,PURE_CONTEXT_ONLY_GROUP,CONTEXT_ONLY_EXCLUDED_FROM_FORMAL_SPLIT,True,True
H0166,PURE_CONTEXT_ONLY_GROUP,CONTEXT_ONLY_EXCLUDED_FROM_FORMAL_SPLIT,True,True
H0167,PURE_CONTEXT_ONLY_GROUP,CONTEXT_ONLY_EXCLUDED_FROM_FORMAL_SPLIT,True,True
H0168,PURE_CONTEXT_ONLY_GROUP,CONTEXT_ONLY_EXCLUDED_FROM_FORMAL_SPLIT,True,True
H0169,PURE_CONTEXT_ONLY_GROUP,CONTEXT_ONLY_EXCLUDED_FROM_FORMAL_SPLIT,True,True
H0170,PURE_CONTEXT_ONLY_GROUP,CONTEXT_ONLY_EXCLUDED_FROM_FORMAL_SPLIT,True,True
H0171,PURE_CONTEXT_ONLY_GROUP,CONTEXT_ONLY_EXCLUDED_FROM_FORMAL_SPLIT,True,True
H0172,PURE_CONTEXT_ONLY_GROUP,CONTEXT_ONLY_EXCLUDED_FROM_FORMAL_SPLIT,True,True
H0173,PURE_CONTEXT_ONLY_GROUP,CONTEXT_ONLY_EXCLUDED_FROM_FORMAL_SPLIT,True,True
H0174,PURE_CONTEXT_ONLY_GROUP,CONTEXT_ONLY_EXCLUDED_FROM_FORMAL_SPLIT,True,True
H0175,PURE_CONTEXT_ONLY_GROUP,CONTEXT_ONLY_EXCLUDED_FROM_FORMAL_SPLIT,True,True
H0176,PURE_CONTEXT_ONLY_GROUP,CONTEXT_ONLY_EXCLUDED_FROM_FORMAL_SPLIT,True,True
H0177,PURE_CONTEXT_ONLY_GROUP,CONTEXT_ONLY_EXCLUDED_FROM_FORMAL_SPLIT,True,True
H0178,PURE_CONTEXT_ONLY_GROUP,CONTEXT_ONLY_EXCLUDED_FROM_FORMAL_SPLIT,True,True
H0179,PURE_CONTEXT_ONLY_GROUP,CONTEXT_ONLY_EXCLUDED_FROM_FORMAL_SPLIT,True,True
H0180,PURE_CONTEXT_ONLY_GROUP,CONTEXT_ONLY_EXCLUDED_FROM_FORMAL_SPLIT,True,True
H0181,PURE_CONTEXT_ONLY_GROUP,CONTEXT_ONLY_EXCLUDED_FROM_FORMAL_SPLIT,True,True
H0182,PURE_CONTEXT_ONLY_GROUP,CONTEXT_ONLY_EXCLUDED_FROM_FORMAL_SPLIT,True,True
H0183,PURE_CONTEXT_ONLY_GROUP,CONTEXT_ONLY_EXCLUDED_FROM_FORMAL_SPLIT,True,True
H0184,PURE_CONTEXT_ONLY_GROUP,CONTEXT_ONLY_EXCLUDED_FROM_FORMAL_SPLIT,True,True
H0185,PURE_CONTEXT_ONLY_GROUP,CONTEXT_ONLY_EXCLUDED_FROM_FORMAL_SPLIT,True,True
H0186,PURE_CONTEXT_ONLY_GROUP,CONTEXT_ONLY_EXCLUDED_FROM_FORMAL_SPLIT,True,True
H0187,PURE_CONTEXT_ONLY_GROUP,CONTEXT_ONLY_EXCLUDED_FROM_FORMAL_SPLIT,True,True
H0188,PURE_CONTEXT_ONLY_GROUP,CONTEXT_ONLY_EXCLUDED_FROM_FORMAL_SPLIT,True,True
H0189,PURE_CONTEXT_ONLY_GROUP,CONTEXT_ONLY_EXCLUDED_FROM_FORMAL_SPLIT,True,True
H0190,PURE_CONTEXT_ONLY_GROUP,CONTEXT_ONLY_EXCLUDED_FROM_FORMAL_SPLIT,True,True
H0192,PURE_CONTEXT_ONLY_GROUP,CONTEXT_ONLY_EXCLUDED_FROM_FORMAL_SPLIT,True,True
H0193,PURE_CONTEXT_ONLY_GROUP,CONTEXT_ONLY_EXCLUDED_FROM_FORMAL_SPLIT,True,True
H0194,PURE_CONTEXT_ONLY_GROUP,CONTEXT_ONLY_EXCLUDED_FROM_FORMAL_SPLIT,True,True
H0195,PURE_CONTEXT_ONLY_GROUP,CONTEXT_ONLY_EXCLUDED_FROM_FORMAL_SPLIT,True,True
H0196,PURE_CONTEXT_ONLY_GROUP,CONTEXT_ONLY_EXCLUDED_FROM_FORMAL_SPLIT,True,True
H0197,PURE_CONTEXT_ONLY_GROUP,CONTEXT_ONLY_EXCLUDED_FROM_FORMAL_SPLIT,True,True
H0198,PURE_CONTEXT_ONLY_GROUP,CONTEXT_ONLY_EXCLUDED_FROM_FORMAL_SPLIT,True,True
H0199,PURE_CONTEXT_ONLY_GROUP,CONTEXT_ONLY_EXCLUDED_FROM_FORMAL_SPLIT,True,True
H0200,PURE_CONTEXT_ONLY_GROUP,CONTEXT_ONLY_EXCLUDED_FROM_FORMAL_SPLIT,True,True
H0201,PURE_CONTEXT_ONLY_GROUP,CONTEXT_ONLY_EXCLUDED_FROM_FORMAL_SPLIT,True,True
H0202,PURE_CONTEXT_ONLY_GROUP,CONTEXT_ONLY_EXCLUDED_FROM_FORMAL_SPLIT,True,True
H0203,PURE_CONTEXT_ONLY_GROUP,CONTEXT_ONLY_EXCLUDED_FROM_FORMAL_SPLIT,True,True
H0204,PURE_CONTEXT_ONLY_GROUP,CONTEXT_ONLY_EXCLUDED_FROM_FORMAL_SPLIT,True,True
H0205,PURE_CONTEXT_ONLY_GROUP,CONTEXT_ONLY_EXCLUDED_FROM_FORMAL_SPLIT,True,True
H0206,PURE_CONTEXT_ONLY_GROUP,CONTEXT_ONLY_EXCLUDED_FROM_FORMAL_SPLIT,True,True
H0207,PURE_CONTEXT_ONLY_GROUP,CONTEXT_ONLY_EXCLUDED_FROM_FORMAL_SPLIT,True,True
H0208,PURE_CONTEXT_ONLY_GROUP,CONTEXT_ONLY_EXCLUDED_FROM_FORMAL_SPLIT,True,True
H0209,PURE_CONTEXT_ONLY_GROUP,CONTEXT_ONLY_EXCLUDED_FROM_FORMAL_SPLIT,True,True
H0210,PURE_CONTEXT_ONLY_GROUP,CONTEXT_ONLY_EXCLUDED_FROM_FORMAL_SPLIT,True,True
H0211,PURE_CONTEXT_ONLY_GROUP,CONTEXT_ONLY_EXCLUDED_FROM_FORMAL_SPLIT,True,True
H0212,PURE_CONTEXT_ONLY_GROUP,CONTEXT_ONLY_EXCLUDED_FROM_FORMAL_SPLIT,True,True
H0213,PURE_CONTEXT_ONLY_GROUP,CONTEXT_ONLY_EXCLUDED_FROM_FORMAL_SPLIT,True,True
H0214,PURE_CONTEXT_ONLY_GROUP,CONTEXT_ONLY_EXCLUDED_FROM_FORMAL_SPLIT,True,True
H0215,PURE_CONTEXT_ONLY_GROUP,CONTEXT_ONLY_EXCLUDED_FROM_FORMAL_SPLIT,True,True
H0216,PURE_CONTEXT_ONLY_GROUP,CONTEXT_ONLY_EXCLUDED_FROM_FORMAL_SPLIT,True,True
H0217,PURE_CONTEXT_ONLY_GROUP,CONTEXT_ONLY_EXCLUDED_FROM_FORMAL_SPLIT,True,True
H0218,PURE_CONTEXT_ONLY_GROUP,CONTEXT_ONLY_EXCLUDED_FROM_FORMAL_SPLIT,True,True
H0219,PURE_CONTEXT_ONLY_GROUP,CONTEXT_ONLY_EXCLUDED_FROM_FORMAL_SPLIT,True,True
H0220,PURE_CONTEXT_ONLY_GROUP,CONTEXT_ONLY_EXCLUDED_FROM_FORMAL_SPLIT,True,True
H0221,PURE_CONTEXT_ONLY_GROUP,CONTEXT_ONLY_EXCLUDED_FROM_FORMAL_SPLIT,True,True
H0222,PURE_CONTEXT_ONLY_GROUP,CONTEXT_ONLY_EXCLUDED_FROM_FORMAL_SPLIT,True,True
H0223,PURE_CONTEXT_ONLY_GROUP,CONTEXT_ONLY_EXCLUDED_FROM_FORMAL_SPLIT,True,True
H0224,PURE_CONTEXT_ONLY_GROUP,CONTEXT_ONLY_EXCLUDED_FROM_FORMAL_SPLIT,True,True
H0225,PURE_CONTEXT_ONLY_GROUP,CONTEXT_ONLY_EXCLUDED_FROM_FORMAL_SPLIT,True,True
H0226,PURE_CONTEXT_ONLY_GROUP,CONTEXT_ONLY_EXCLUDED_FROM_FORMAL_SPLIT,True,True
H0227,PURE_CONTEXT_ONLY_GROUP,CONTEXT_ONLY_EXCLUDED_FROM_FORMAL_SPLIT,True,True
H0228,PURE_CONTEXT_ONLY_GROUP,CONTEXT_ONLY_EXCLUDED_FROM_FORMAL_SPLIT,True,True
H0229,PURE_CONTEXT_ONLY_GROUP,CONTEXT_ONLY_EXCLUDED_FROM_FORMAL_SPLIT,True,True
H0230,PURE_CONTEXT_ONLY_GROUP,CONTEXT_ONLY_EXCLUDED_FROM_FORMAL_SPLIT,True,True
H0231,PURE_CONTEXT_ONLY_GROUP,CONTEXT_ONLY_EXCLUDED_FROM_FORMAL_SPLIT,True,True
H0232,PURE_CONTEXT_ONLY_GROUP,CONTEXT_ONLY_EXCLUDED_FROM_FORMAL_SPLIT,True,True
H0233,PURE_CONTEXT_ONLY_GROUP,CONTEXT_ONLY_EXCLUDED_FROM_FORMAL_SPLIT,True,True
H0234,PURE_CONTEXT_ONLY_GROUP,CONTEXT_ONLY_EXCLUDED_FROM_FORMAL_SPLIT,True,True
H0235,PURE_CONTEXT_ONLY_GROUP,CONTEXT_ONLY_EXCLUDED_FROM_FORMAL_SPLIT,True,True
H0236,PURE_CONTEXT_ONLY_GROUP,CONTEXT_ONLY_EXCLUDED_FROM_FORMAL_SPLIT,True,True
H0237,PURE_CONTEXT_ONLY_GROUP,CONTEXT_ONLY_EXCLUDED_FROM_FORMAL_SPLIT,True,True
H0238,PURE_CONTEXT_ONLY_GROUP,CONTEXT_ONLY_EXCLUDED_FROM_FORMAL_SPLIT,True,True
H0239,PURE_CONTEXT_ONLY_GROUP,CONTEXT_ONLY_EXCLUDED_FROM_FORMAL_SPLIT,True,True
H0240,PURE_CONTEXT_ONLY_GROUP,CONTEXT_ONLY_EXCLUDED_FROM_FORMAL_SPLIT,True,True
H0241,PURE_CONTEXT_ONLY_GROUP,CONTEXT_ONLY_EXCLUDED_FROM_FORMAL_SPLIT,True,True
H0242,PURE_CONTEXT_ONLY_GROUP,CONTEXT_ONLY_EXCLUDED_FROM_FORMAL_SPLIT,True,True
H0243,PURE_CONTEXT_ONLY_GROUP,CONTEXT_ONLY_EXCLUDED_FROM_FORMAL_SPLIT,True,True
H0244,PURE_CONTEXT_ONLY_GROUP,CONTEXT_ONLY_EXCLUDED_FROM_FORMAL_SPLIT,True,True
H0245,PURE_CONTEXT_ONLY_GROUP,CONTEXT_ONLY_EXCLUDED_FROM_FORMAL_SPLIT,True,True
H0246,PURE_CONTEXT_ONLY_GROUP,CONTEXT_ONLY_EXCLUDED_FROM_FORMAL_SPLIT,True,True
H0247,PURE_CONTEXT_ONLY_GROUP,CONTEXT_ONLY_EXCLUDED_FROM_FORMAL_SPLIT,True,True
H0248,PURE_CONTEXT_ONLY_GROUP,CONTEXT_ONLY_EXCLUDED_FROM_FORMAL_SPLIT,True,True
H0249,PURE_CONTEXT_ONLY_GROUP,CONTEXT_ONLY_EXCLUDED_FROM_FORMAL_SPLIT,True,True
H0250,PURE_CONTEXT_ONLY_GROUP,CONTEXT_ONLY_EXCLUDED_FROM_FORMAL_SPLIT,True,True
H0251,PURE_CONTEXT_ONLY_GROUP,CONTEXT_ONLY_EXCLUDED_FROM_FORMAL_SPLIT,True,True
H0252,PURE_CONTEXT_ONLY_GROUP,CONTEXT_ONLY_EXCLUDED_FROM_FORMAL_SPLIT,True,True
H0253,PURE_CONTEXT_ONLY_GROUP,CONTEXT_ONLY_EXCLUDED_FROM_FORMAL_SPLIT,True,True
H0254,PURE_CONTEXT_ONLY_GROUP,CONTEXT_ONLY_EXCLUDED_FROM_FORMAL_SPLIT,True,True
H0255,PURE_CONTEXT_ONLY_GROUP,CONTEXT_ONLY_EXCLUDED_FROM_FORMAL_SPLIT,True,True
H0256,PURE_CONTEXT_ONLY_GROUP,CONTEXT_ONLY_EXCLUDED_FROM_FORMAL_SPLIT,True,True
H0257,PURE_CONTEXT_ONLY_GROUP,CONTEXT_ONLY_EXCLUDED_FROM_FORMAL_SPLIT,True,True
H0258,PURE_CONTEXT_ONLY_GROUP,CONTEXT_ONLY_EXCLUDED_FROM_FORMAL_SPLIT,True,True
H0259,PURE_CONTEXT_ONLY_GROUP,CONTEXT_ONLY_EXCLUDED_FROM_FORMAL_SPLIT,True,True
H0260,PURE_CONTEXT_ONLY_GROUP,CONTEXT_ONLY_EXCLUDED_FROM_FORMAL_SPLIT,True,True
H0261,PURE_CONTEXT_ONLY_GROUP,CONTEXT_ONLY_EXCLUDED_FROM_FORMAL_SPLIT,True,True
H0262,PURE_CONTEXT_ONLY_GROUP,CONTEXT_ONLY_EXCLUDED_FROM_FORMAL_SPLIT,True,True
H0263,PURE_CONTEXT_ONLY_GROUP,CONTEXT_ONLY_EXCLUDED_FROM_FORMAL_SPLIT,True,True
H0264,PURE_CONTEXT_ONLY_GROUP,CONTEXT_ONLY_EXCLUDED_FROM_FORMAL_SPLIT,True,True
H0265,PURE_CONTEXT_ONLY_GROUP,CONTEXT_ONLY_EXCLUDED_FROM_FORMAL_SPLIT,True,True
H0266,PURE_CONTEXT_ONLY_GROUP,CONTEXT_ONLY_EXCLUDED_FROM_FORMAL_SPLIT,True,True
H0267,PURE_CONTEXT_ONLY_GROUP,CONTEXT_ONLY_EXCLUDED_FROM_FORMAL_SPLIT,True,True
H0268,PURE_CONTEXT_ONLY_GROUP,CONTEXT_ONLY_EXCLUDED_FROM_FORMAL_SPLIT,True,True
H0269,PURE_CONTEXT_ONLY_GROUP,CONTEXT_ONLY_EXCLUDED_FROM_FORMAL_SPLIT,True,True
H0270,PURE_CONTEXT_ONLY_GROUP,CONTEXT_ONLY_EXCLUDED_FROM_FORMAL_SPLIT,True,True
H0271,PURE_CONTEXT_ONLY_GROUP,CONTEXT_ONLY_EXCLUDED_FROM_FORMAL_SPLIT,True,True
H0272,PURE_CONTEXT_ONLY_GROUP,CONTEXT_ONLY_EXCLUDED_FROM_FORMAL_SPLIT,True,True
H0273,PURE_CONTEXT_ONLY_GROUP,CONTEXT_ONLY_EXCLUDED_FROM_FORMAL_SPLIT,True,True
H0274,PURE_CONTEXT_ONLY_GROUP,CONTEXT_ONLY_EXCLUDED_FROM_FORMAL_SPLIT,True,True
H0275,PURE_CONTEXT_ONLY_GROUP,CONTEXT_ONLY_EXCLUDED_FROM_FORMAL_SPLIT,True,True
H0276,PURE_CONTEXT_ONLY_GROUP,CONTEXT_ONLY_EXCLUDED_FROM_FORMAL_SPLIT,True,True
H0277,PURE_CONTEXT_ONLY_GROUP,CONTEXT_ONLY_EXCLUDED_FROM_FORMAL_SPLIT,True,True
H0278,PURE_CONTEXT_ONLY_GROUP,CONTEXT_ONLY_EXCLUDED_FROM_FORMAL_SPLIT,True,True
H0279,PURE_CONTEXT_ONLY_GROUP,CONTEXT_ONLY_EXCLUDED_FROM_FORMAL_SPLIT,True,True
H0280,PURE_CONTEXT_ONLY_GROUP,CONTEXT_ONLY_EXCLUDED_FROM_FORMAL_SPLIT,True,True
H0281,PURE_CONTEXT_ONLY_GROUP,CONTEXT_ONLY_EXCLUDED_FROM_FORMAL_SPLIT,True,True
H0282,PURE_CONTEXT_ONLY_GROUP,CONTEXT_ONLY_EXCLUDED_FROM_FORMAL_SPLIT,True,True
H0283,PURE_CONTEXT_ONLY_GROUP,CONTEXT_ONLY_EXCLUDED_FROM_FORMAL_SPLIT,True,True
H0284,PURE_CONTEXT_ONLY_GROUP,CONTEXT_ONLY_EXCLUDED_FROM_FORMAL_SPLIT,True,True
H0285,PURE_CONTEXT_ONLY_GROUP,CONTEXT_ONLY_EXCLUDED_FROM_FORMAL_SPLIT,True,True
H0286,PURE_CONTEXT_ONLY_GROUP,CONTEXT_ONLY_EXCLUDED_FROM_FORMAL_SPLIT,True,True
H0287,PURE_CONTEXT_ONLY_GROUP,CONTEXT_ONLY_EXCLUDED_FROM_FORMAL_SPLIT,True,True
H0288,PURE_CONTEXT_ONLY_GROUP,CONTEXT_ONLY_EXCLUDED_FROM_FORMAL_SPLIT,True,True
H0289,PURE_CONTEXT_ONLY_GROUP,CONTEXT_ONLY_EXCLUDED_FROM_FORMAL_SPLIT,True,True
H0290,PURE_CONTEXT_ONLY_GROUP,CONTEXT_ONLY_EXCLUDED_FROM_FORMAL_SPLIT,True,True
H0291,PURE_CONTEXT_ONLY_GROUP,CONTEXT_ONLY_EXCLUDED_FROM_FORMAL_SPLIT,True,True
H0292,PURE_CONTEXT_ONLY_GROUP,CONTEXT_ONLY_EXCLUDED_FROM_FORMAL_SPLIT,True,True
H0293,PURE_CONTEXT_ONLY_GROUP,CONTEXT_ONLY_EXCLUDED_FROM_FORMAL_SPLIT,True,True
H0294,PURE_CONTEXT_ONLY_GROUP,CONTEXT_ONLY_EXCLUDED_FROM_FORMAL_SPLIT,True,True
H0295,PURE_CONTEXT_ONLY_GROUP,CONTEXT_ONLY_EXCLUDED_FROM_FORMAL_SPLIT,True,True
H0296,PURE_CONTEXT_ONLY_GROUP,CONTEXT_ONLY_EXCLUDED_FROM_FORMAL_SPLIT,True,True
H0297,PURE_CONTEXT_ONLY_GROUP,CONTEXT_ONLY_EXCLUDED_FROM_FORMAL_SPLIT,True,True
H0298,PURE_CONTEXT_ONLY_GROUP,CONTEXT_ONLY_EXCLUDED_FROM_FORMAL_SPLIT,True,True
H0299,PURE_CONTEXT_ONLY_GROUP,CONTEXT_ONLY_EXCLUDED_FROM_FORMAL_SPLIT,True,True
H0300,PURE_CONTEXT_ONLY_GROUP,CONTEXT_ONLY_EXCLUDED_FROM_FORMAL_SPLIT,True,True
H0301,PURE_CONTEXT_ONLY_GROUP,CONTEXT_ONLY_EXCLUDED_FROM_FORMAL_SPLIT,True,True
H0302,PURE_CONTEXT_ONLY_GROUP,CONTEXT_ONLY_EXCLUDED_FROM_FORMAL_SPLIT,True,True
H0303,PURE_CONTEXT_ONLY_GROUP,CONTEXT_ONLY_EXCLUDED_FROM_FORMAL_SPLIT,True,True
H0304,PURE_CONTEXT_ONLY_GROUP,CONTEXT_ONLY_EXCLUDED_FROM_FORMAL_SPLIT,True,True
H0305,PURE_CONTEXT_ONLY_GROUP,CONTEXT_ONLY_EXCLUDED_FROM_FORMAL_SPLIT,True,True
H0306,PURE_CONTEXT_ONLY_GROUP,CONTEXT_ONLY_EXCLUDED_FROM_FORMAL_SPLIT,True,True
H0307,PURE_CONTEXT_ONLY_GROUP,CONTEXT_ONLY_EXCLUDED_FROM_FORMAL_SPLIT,True,True
H0308,PURE_CONTEXT_ONLY_GROUP,CONTEXT_ONLY_EXCLUDED_FROM_FORMAL_SPLIT,True,True
H0309,PURE_CONTEXT_ONLY_GROUP,CONTEXT_ONLY_EXCLUDED_FROM_FORMAL_SPLIT,True,True
H0310,PURE_CONTEXT_ONLY_GROUP,CONTEXT_ONLY_EXCLUDED_FROM_FORMAL_SPLIT,True,True
H0311,PURE_CONTEXT_ONLY_GROUP,CONTEXT_ONLY_EXCLUDED_FROM_FORMAL_SPLIT,True,True
H0312,PURE_CONTEXT_ONLY_GROUP,CONTEXT_ONLY_EXCLUDED_FROM_FORMAL_SPLIT,True,True
H0313,PURE_CONTEXT_ONLY_GROUP,CONTEXT_ONLY_EXCLUDED_FROM_FORMAL_SPLIT,True,True
H0314,PURE_CONTEXT_ONLY_GROUP,CONTEXT_ONLY_EXCLUDED_FROM_FORMAL_SPLIT,True,True
H0315,PURE_CONTEXT_ONLY_GROUP,CONTEXT_ONLY_EXCLUDED_FROM_FORMAL_SPLIT,True,True
H0316,PURE_CONTEXT_ONLY_GROUP,CONTEXT_ONLY_EXCLUDED_FROM_FORMAL_SPLIT,True,True
H0317,PURE_CONTEXT_ONLY_GROUP,CONTEXT_ONLY_EXCLUDED_FROM_FORMAL_SPLIT,True,True
H0318,PURE_CONTEXT_ONLY_GROUP,CONTEXT_ONLY_EXCLUDED_FROM_FORMAL_SPLIT,True,True
H0319,PURE_CONTEXT_ONLY_GROUP,CONTEXT_ONLY_EXCLUDED_FROM_FORMAL_SPLIT,True,True
H0320,PURE_CONTEXT_ONLY_GROUP,CONTEXT_ONLY_EXCLUDED_FROM_FORMAL_SPLIT,True,True
H0321,PURE_CONTEXT_ONLY_GROUP,CONTEXT_ONLY_EXCLUDED_FROM_FORMAL_SPLIT,True,True
H0322,PURE_CONTEXT_ONLY_GROUP,CONTEXT_ONLY_EXCLUDED_FROM_FORMAL_SPLIT,True,True
H0323,PURE_CONTEXT_ONLY_GROUP,CONTEXT_ONLY_EXCLUDED_FROM_FORMAL_SPLIT,True,True
H0324,PURE_CONTEXT_ONLY_GROUP,CONTEXT_ONLY_EXCLUDED_FROM_FORMAL_SPLIT,True,True
H0325,PURE_CONTEXT_ONLY_GROUP,CONTEXT_ONLY_EXCLUDED_FROM_FORMAL_SPLIT,True,True
H0326,PURE_CONTEXT_ONLY_GROUP,CONTEXT_ONLY_EXCLUDED_FROM_FORMAL_SPLIT,True,True
H0327,PURE_CONTEXT_ONLY_GROUP,CONTEXT_ONLY_EXCLUDED_FROM_FORMAL_SPLIT,True,True
H0328,PURE_CONTEXT_ONLY_GROUP,CONTEXT_ONLY_EXCLUDED_FROM_FORMAL_SPLIT,True,True
H0329,PURE_CONTEXT_ONLY_GROUP,CONTEXT_ONLY_EXCLUDED_FROM_FORMAL_SPLIT,True,True
H0330,PURE_CONTEXT_ONLY_GROUP,CONTEXT_ONLY_EXCLUDED_FROM_FORMAL_SPLIT,True,True
H0331,PURE_CONTEXT_ONLY_GROUP,CONTEXT_ONLY_EXCLUDED_FROM_FORMAL_SPLIT,True,True
H0332,PURE_CONTEXT_ONLY_GROUP,CONTEXT_ONLY_EXCLUDED_FROM_FORMAL_SPLIT,True,True
H0333,PURE_CONTEXT_ONLY_GROUP,CONTEXT_ONLY_EXCLUDED_FROM_FORMAL_SPLIT,True,True
H0334,PURE_CONTEXT_ONLY_GROUP,CONTEXT_ONLY_EXCLUDED_FROM_FORMAL_SPLIT,True,True
H0335,PURE_CONTEXT_ONLY_GROUP,CONTEXT_ONLY_EXCLUDED_FROM_FORMAL_SPLIT,True,True
H0336,PURE_CONTEXT_ONLY_GROUP,CONTEXT_ONLY_EXCLUDED_FROM_FORMAL_SPLIT,True,True
H0337,PURE_CONTEXT_ONLY_GROUP,CONTEXT_ONLY_EXCLUDED_FROM_FORMAL_SPLIT,True,True
H0338,PURE_CONTEXT_ONLY_GROUP,CONTEXT_ONLY_EXCLUDED_FROM_FORMAL_SPLIT,True,True
H0339,PURE_CONTEXT_ONLY_GROUP,CONTEXT_ONLY_EXCLUDED_FROM_FORMAL_SPLIT,True,True
H0340,PURE_CONTEXT_ONLY_GROUP,CONTEXT_ONLY_EXCLUDED_FROM_FORMAL_SPLIT,True,True
H0341,PURE_CONTEXT_ONLY_GROUP,CONTEXT_ONLY_EXCLUDED_FROM_FORMAL_SPLIT,True,True
H0342,PURE_CONTEXT_ONLY_GROUP,CONTEXT_ONLY_EXCLUDED_FROM_FORMAL_SPLIT,True,True
H0343,PURE_CONTEXT_ONLY_GROUP,CONTEXT_ONLY_EXCLUDED_FROM_FORMAL_SPLIT,True,True
H0344,PURE_CONTEXT_ONLY_GROUP,CONTEXT_ONLY_EXCLUDED_FROM_FORMAL_SPLIT,True,True
H0345,PURE_CONTEXT_ONLY_GROUP,CONTEXT_ONLY_EXCLUDED_FROM_FORMAL_SPLIT,True,True
H0346,PURE_CONTEXT_ONLY_GROUP,CONTEXT_ONLY_EXCLUDED_FROM_FORMAL_SPLIT,True,True
H0347,PURE_CONTEXT_ONLY_GROUP,CONTEXT_ONLY_EXCLUDED_FROM_FORMAL_SPLIT,True,True
H0348,PURE_CONTEXT_ONLY_GROUP,CONTEXT_ONLY_EXCLUDED_FROM_FORMAL_SPLIT,True,True
H0349,PURE_CONTEXT_ONLY_GROUP,CONTEXT_ONLY_EXCLUDED_FROM_FORMAL_SPLIT,True,True
H0350,PURE_CONTEXT_ONLY_GROUP,CONTEXT_ONLY_EXCLUDED_FROM_FORMAL_SPLIT,True,True
H0351,PURE_CONTEXT_ONLY_GROUP,CONTEXT_ONLY_EXCLUDED_FROM_FORMAL_SPLIT,True,True
H0352,PURE_CONTEXT_ONLY_GROUP,CONTEXT_ONLY_EXCLUDED_FROM_FORMAL_SPLIT,True,True
H0354,PURE_CONTEXT_ONLY_GROUP,CONTEXT_ONLY_EXCLUDED_FROM_FORMAL_SPLIT,True,True
H0355,PURE_CONTEXT_ONLY_GROUP,CONTEXT_ONLY_EXCLUDED_FROM_FORMAL_SPLIT,True,True
H0356,PURE_CONTEXT_ONLY_GROUP,CONTEXT_ONLY_EXCLUDED_FROM_FORMAL_SPLIT,True,True
H0357,PURE_CONTEXT_ONLY_GROUP,CONTEXT_ONLY_EXCLUDED_FROM_FORMAL_SPLIT,True,True
H0358,PURE_CONTEXT_ONLY_GROUP,CONTEXT_ONLY_EXCLUDED_FROM_FORMAL_SPLIT,True,True
H0359,PURE_CONTEXT_ONLY_GROUP,CONTEXT_ONLY_EXCLUDED_FROM_FORMAL_SPLIT,True,True
H0360,PURE_CONTEXT_ONLY_GROUP,CONTEXT_ONLY_EXCLUDED_FROM_FORMAL_SPLIT,True,True
H0361,PURE_CONTEXT_ONLY_GROUP,CONTEXT_ONLY_EXCLUDED_FROM_FORMAL_SPLIT,True,True
H0362,PURE_CONTEXT_ONLY_GROUP,CONTEXT_ONLY_EXCLUDED_FROM_FORMAL_SPLIT,True,True
H0363,PURE_CONTEXT_ONLY_GROUP,CONTEXT_ONLY_EXCLUDED_FROM_FORMAL_SPLIT,True,True
H0364,PURE_CONTEXT_ONLY_GROUP,CONTEXT_ONLY_EXCLUDED_FROM_FORMAL_SPLIT,True,True
H0365,PURE_CONTEXT_ONLY_GROUP,CONTEXT_ONLY_EXCLUDED_FROM_FORMAL_SPLIT,True,True
H0366,PURE_CONTEXT_ONLY_GROUP,CONTEXT_ONLY_EXCLUDED_FROM_FORMAL_SPLIT,True,True
H0367,PURE_CONTEXT_ONLY_GROUP,CONTEXT_ONLY_EXCLUDED_FROM_FORMAL_SPLIT,True,True
H0368,PURE_CONTEXT_ONLY_GROUP,CONTEXT_ONLY_EXCLUDED_FROM_FORMAL_SPLIT,True,True
H0369,PURE_CONTEXT_ONLY_GROUP,CONTEXT_ONLY_EXCLUDED_FROM_FORMAL_SPLIT,True,True
H0370,PURE_CONTEXT_ONLY_GROUP,CONTEXT_ONLY_EXCLUDED_FROM_FORMAL_SPLIT,True,True
H0371,PURE_CONTEXT_ONLY_GROUP,CONTEXT_ONLY_EXCLUDED_FROM_FORMAL_SPLIT,True,True
H0372,PURE_CONTEXT_ONLY_GROUP,CONTEXT_ONLY_EXCLUDED_FROM_FORMAL_SPLIT,True,True
H0373,PURE_CONTEXT_ONLY_GROUP,CONTEXT_ONLY_EXCLUDED_FROM_FORMAL_SPLIT,True,True
H0374,PURE_CONTEXT_ONLY_GROUP,CONTEXT_ONLY_EXCLUDED_FROM_FORMAL_SPLIT,True,True
H0375,PURE_CONTEXT_ONLY_GROUP,CONTEXT_ONLY_EXCLUDED_FROM_FORMAL_SPLIT,True,True
H0376,PURE_CONTEXT_ONLY_GROUP,CONTEXT_ONLY_EXCLUDED_FROM_FORMAL_SPLIT,True,True
H0377,PURE_CONTEXT_ONLY_GROUP,CONTEXT_ONLY_EXCLUDED_FROM_FORMAL_SPLIT,True,True
H0378,PURE_CONTEXT_ONLY_GROUP,CONTEXT_ONLY_EXCLUDED_FROM_FORMAL_SPLIT,True,True
H0379,PURE_CONTEXT_ONLY_GROUP,CONTEXT_ONLY_EXCLUDED_FROM_FORMAL_SPLIT,True,True
H0380,PURE_CONTEXT_ONLY_GROUP,CONTEXT_ONLY_EXCLUDED_FROM_FORMAL_SPLIT,True,True
H0381,PURE_CONTEXT_ONLY_GROUP,CONTEXT_ONLY_EXCLUDED_FROM_FORMAL_SPLIT,True,True
H0382,PURE_CONTEXT_ONLY_GROUP,CONTEXT_ONLY_EXCLUDED_FROM_FORMAL_SPLIT,True,True
H0383,PURE_CONTEXT_ONLY_GROUP,CONTEXT_ONLY_EXCLUDED_FROM_FORMAL_SPLIT,True,True
H0384,PURE_CONTEXT_ONLY_GROUP,CONTEXT_ONLY_EXCLUDED_FROM_FORMAL_SPLIT,True,True
H0385,PURE_CONTEXT_ONLY_GROUP,CONTEXT_ONLY_EXCLUDED_FROM_FORMAL_SPLIT,True,True
H0386,PURE_CONTEXT_ONLY_GROUP,CONTEXT_ONLY_EXCLUDED_FROM_FORMAL_SPLIT,True,True
H0387,PURE_CONTEXT_ONLY_GROUP,CONTEXT_ONLY_EXCLUDED_FROM_FORMAL_SPLIT,True,True
H0388,PURE_CONTEXT_ONLY_GROUP,CONTEXT_ONLY_EXCLUDED_FROM_FORMAL_SPLIT,True,True
H0389,PURE_CONTEXT_ONLY_GROUP,CONTEXT_ONLY_EXCLUDED_FROM_FORMAL_SPLIT,True,True
H0390,PURE_CONTEXT_ONLY_GROUP,CONTEXT_ONLY_EXCLUDED_FROM_FORMAL_SPLIT,True,True
H0391,PURE_CONTEXT_ONLY_GROUP,CONTEXT_ONLY_EXCLUDED_FROM_FORMAL_SPLIT,True,True
H0392,PURE_CONTEXT_ONLY_GROUP,CONTEXT_ONLY_EXCLUDED_FROM_FORMAL_SPLIT,True,True
H0393,PURE_CONTEXT_ONLY_GROUP,CONTEXT_ONLY_EXCLUDED_FROM_FORMAL_SPLIT,True,True
H0394,PURE_CONTEXT_ONLY_GROUP,CONTEXT_ONLY_EXCLUDED_FROM_FORMAL_SPLIT,True,True
H0395,PURE_CONTEXT_ONLY_GROUP,CONTEXT_ONLY_EXCLUDED_FROM_FORMAL_SPLIT,True,True
H0396,PURE_CONTEXT_ONLY_GROUP,CONTEXT_ONLY_EXCLUDED_FROM_FORMAL_SPLIT,True,True
H0397,PURE_CONTEXT_ONLY_GROUP,CONTEXT_ONLY_EXCLUDED_FROM_FORMAL_SPLIT,True,True
H0398,PURE_CONTEXT_ONLY_GROUP,CONTEXT_ONLY_EXCLUDED_FROM_FORMAL_SPLIT,True,True
H0399,PURE_CONTEXT_ONLY_GROUP,CONTEXT_ONLY_EXCLUDED_FROM_FORMAL_SPLIT,True,True
H0400,PURE_CONTEXT_ONLY_GROUP,CONTEXT_ONLY_EXCLUDED_FROM_FORMAL_SPLIT,True,True
H0401,PURE_CONTEXT_ONLY_GROUP,CONTEXT_ONLY_EXCLUDED_FROM_FORMAL_SPLIT,True,True
H0402,PURE_CONTEXT_ONLY_GROUP,CONTEXT_ONLY_EXCLUDED_FROM_FORMAL_SPLIT,True,True
H0403,PURE_CONTEXT_ONLY_GROUP,CONTEXT_ONLY_EXCLUDED_FROM_FORMAL_SPLIT,True,True
H0404,PURE_CONTEXT_ONLY_GROUP,CONTEXT_ONLY_EXCLUDED_FROM_FORMAL_SPLIT,True,True
H0405,PURE_CONTEXT_ONLY_GROUP,CONTEXT_ONLY_EXCLUDED_FROM_FORMAL_SPLIT,True,True
H0406,PURE_CONTEXT_ONLY_GROUP,CONTEXT_ONLY_EXCLUDED_FROM_FORMAL_SPLIT,True,True
H0407,PURE_CONTEXT_ONLY_GROUP,CONTEXT_ONLY_EXCLUDED_FROM_FORMAL_SPLIT,True,True
H0408,PURE_CONTEXT_ONLY_GROUP,CONTEXT_ONLY_EXCLUDED_FROM_FORMAL_SPLIT,True,True
H0409,PURE_CONTEXT_ONLY_GROUP,CONTEXT_ONLY_EXCLUDED_FROM_FORMAL_SPLIT,True,True
H0410,PURE_CONTEXT_ONLY_GROUP,CONTEXT_ONLY_EXCLUDED_FROM_FORMAL_SPLIT,True,True
H0411,PURE_CONTEXT_ONLY_GROUP,CONTEXT_ONLY_EXCLUDED_FROM_FORMAL_SPLIT,True,True
H0412,PURE_CONTEXT_ONLY_GROUP,CONTEXT_ONLY_EXCLUDED_FROM_FORMAL_SPLIT,True,True
H0413,PURE_CONTEXT_ONLY_GROUP,CONTEXT_ONLY_EXCLUDED_FROM_FORMAL_SPLIT,True,True
H0414,PURE_CONTEXT_ONLY_GROUP,CONTEXT_ONLY_EXCLUDED_FROM_FORMAL_SPLIT,True,True
H0415,PURE_CONTEXT_ONLY_GROUP,CONTEXT_ONLY_EXCLUDED_FROM_FORMAL_SPLIT,True,True
H0416,PURE_CONTEXT_ONLY_GROUP,CONTEXT_ONLY_EXCLUDED_FROM_FORMAL_SPLIT,True,True
H0417,PURE_CONTEXT_ONLY_GROUP,CONTEXT_ONLY_EXCLUDED_FROM_FORMAL_SPLIT,True,True
H0418,PURE_CONTEXT_ONLY_GROUP,CONTEXT_ONLY_EXCLUDED_FROM_FORMAL_SPLIT,True,True
H0419,PURE_CONTEXT_ONLY_GROUP,CONTEXT_ONLY_EXCLUDED_FROM_FORMAL_SPLIT,True,True
H0420,PURE_CONTEXT_ONLY_GROUP,CONTEXT_ONLY_EXCLUDED_FROM_FORMAL_SPLIT,True,True
H0421,PURE_CONTEXT_ONLY_GROUP,CONTEXT_ONLY_EXCLUDED_FROM_FORMAL_SPLIT,True,True
H0422,PURE_CONTEXT_ONLY_GROUP,CONTEXT_ONLY_EXCLUDED_FROM_FORMAL_SPLIT,True,True
H0423,PURE_CONTEXT_ONLY_GROUP,CONTEXT_ONLY_EXCLUDED_FROM_FORMAL_SPLIT,True,True
H0424,PURE_CONTEXT_ONLY_GROUP,CONTEXT_ONLY_EXCLUDED_FROM_FORMAL_SPLIT,True,True
H0425,PURE_CONTEXT_ONLY_GROUP,CONTEXT_ONLY_EXCLUDED_FROM_FORMAL_SPLIT,True,True
H0426,PURE_CONTEXT_ONLY_GROUP,CONTEXT_ONLY_EXCLUDED_FROM_FORMAL_SPLIT,True,True
H0427,PURE_CONTEXT_ONLY_GROUP,CONTEXT_ONLY_EXCLUDED_FROM_FORMAL_SPLIT,True,True
H0428,PURE_CONTEXT_ONLY_GROUP,CONTEXT_ONLY_EXCLUDED_FROM_FORMAL_SPLIT,True,True
H0429,PURE_CONTEXT_ONLY_GROUP,CONTEXT_ONLY_EXCLUDED_FROM_FORMAL_SPLIT,True,True
H0430,PURE_CONTEXT_ONLY_GROUP,CONTEXT_ONLY_EXCLUDED_FROM_FORMAL_SPLIT,True,True
H0431,PURE_CONTEXT_ONLY_GROUP,CONTEXT_ONLY_EXCLUDED_FROM_FORMAL_SPLIT,True,True
H0432,PURE_CONTEXT_ONLY_GROUP,CONTEXT_ONLY_EXCLUDED_FROM_FORMAL_SPLIT,True,True
H0433,PURE_CONTEXT_ONLY_GROUP,CONTEXT_ONLY_EXCLUDED_FROM_FORMAL_SPLIT,True,True
H0434,PURE_CONTEXT_ONLY_GROUP,CONTEXT_ONLY_EXCLUDED_FROM_FORMAL_SPLIT,True,True
H0435,PURE_CONTEXT_ONLY_GROUP,CONTEXT_ONLY_EXCLUDED_FROM_FORMAL_SPLIT,True,True
H0436,PURE_CONTEXT_ONLY_GROUP,CONTEXT_ONLY_EXCLUDED_FROM_FORMAL_SPLIT,True,True
H0437,PURE_CONTEXT_ONLY_GROUP,CONTEXT_ONLY_EXCLUDED_FROM_FORMAL_SPLIT,True,True
H0438,PURE_CONTEXT_ONLY_GROUP,CONTEXT_ONLY_EXCLUDED_FROM_FORMAL_SPLIT,True,True
H0439,PURE_CONTEXT_ONLY_GROUP,CONTEXT_ONLY_EXCLUDED_FROM_FORMAL_SPLIT,True,True
H0440,PURE_CONTEXT_ONLY_GROUP,CONTEXT_ONLY_EXCLUDED_FROM_FORMAL_SPLIT,True,True
H0441,PURE_CONTEXT_ONLY_GROUP,CONTEXT_ONLY_EXCLUDED_FROM_FORMAL_SPLIT,True,True
H0442,PURE_CONTEXT_ONLY_GROUP,CONTEXT_ONLY_EXCLUDED_FROM_FORMAL_SPLIT,True,True
H0443,PURE_CONTEXT_ONLY_GROUP,CONTEXT_ONLY_EXCLUDED_FROM_FORMAL_SPLIT,True,True
H0444,PURE_CONTEXT_ONLY_GROUP,CONTEXT_ONLY_EXCLUDED_FROM_FORMAL_SPLIT,True,True
H0445,PURE_CONTEXT_ONLY_GROUP,CONTEXT_ONLY_EXCLUDED_FROM_FORMAL_SPLIT,True,True
H0446,PURE_CONTEXT_ONLY_GROUP,CONTEXT_ONLY_EXCLUDED_FROM_FORMAL_SPLIT,True,True
H0447,PURE_CONTEXT_ONLY_GROUP,CONTEXT_ONLY_EXCLUDED_FROM_FORMAL_SPLIT,True,True
H0448,PURE_CONTEXT_ONLY_GROUP,CONTEXT_ONLY_EXCLUDED_FROM_FORMAL_SPLIT,True,True
H0449,PURE_CONTEXT_ONLY_GROUP,CONTEXT_ONLY_EXCLUDED_FROM_FORMAL_SPLIT,True,True
H0450,PURE_CONTEXT_ONLY_GROUP,CONTEXT_ONLY_EXCLUDED_FROM_FORMAL_SPLIT,True,True
H0451,PURE_CONTEXT_ONLY_GROUP,CONTEXT_ONLY_EXCLUDED_FROM_FORMAL_SPLIT,True,True
H0452,PURE_CONTEXT_ONLY_GROUP,CONTEXT_ONLY_EXCLUDED_FROM_FORMAL_SPLIT,True,True
H0453,PURE_CONTEXT_ONLY_GROUP,CONTEXT_ONLY_EXCLUDED_FROM_FORMAL_SPLIT,True,True
H0454,PURE_CONTEXT_ONLY_GROUP,CONTEXT_ONLY_EXCLUDED_FROM_FORMAL_SPLIT,True,True
H0455,PURE_CONTEXT_ONLY_GROUP,CONTEXT_ONLY_EXCLUDED_FROM_FORMAL_SPLIT,True,True
H0456,PURE_CONTEXT_ONLY_GROUP,CONTEXT_ONLY_EXCLUDED_FROM_FORMAL_SPLIT,True,True
H0457,PURE_CONTEXT_ONLY_GROUP,CONTEXT_ONLY_EXCLUDED_FROM_FORMAL_SPLIT,True,True
H0458,PURE_CONTEXT_ONLY_GROUP,CONTEXT_ONLY_EXCLUDED_FROM_FORMAL_SPLIT,True,True
H0459,PURE_CONTEXT_ONLY_GROUP,CONTEXT_ONLY_EXCLUDED_FROM_FORMAL_SPLIT,True,True
H0461,PURE_CONTEXT_ONLY_GROUP,CONTEXT_ONLY_EXCLUDED_FROM_FORMAL_SPLIT,True,True
H0462,PURE_CONTEXT_ONLY_GROUP,CONTEXT_ONLY_EXCLUDED_FROM_FORMAL_SPLIT,True,True
H0463,PURE_CONTEXT_ONLY_GROUP,CONTEXT_ONLY_EXCLUDED_FROM_FORMAL_SPLIT,True,True
H0464,PURE_CONTEXT_ONLY_GROUP,CONTEXT_ONLY_EXCLUDED_FROM_FORMAL_SPLIT,True,True
H0465,PURE_CONTEXT_ONLY_GROUP,CONTEXT_ONLY_EXCLUDED_FROM_FORMAL_SPLIT,True,True
H0466,PURE_CONTEXT_ONLY_GROUP,CONTEXT_ONLY_EXCLUDED_FROM_FORMAL_SPLIT,True,True
H0467,PURE_CONTEXT_ONLY_GROUP,CONTEXT_ONLY_EXCLUDED_FROM_FORMAL_SPLIT,True,True
H0468,PURE_CONTEXT_ONLY_GROUP,CONTEXT_ONLY_EXCLUDED_FROM_FORMAL_SPLIT,True,True
H0469,PURE_CONTEXT_ONLY_GROUP,CONTEXT_ONLY_EXCLUDED_FROM_FORMAL_SPLIT,True,True
H0470,PURE_CONTEXT_ONLY_GROUP,CONTEXT_ONLY_EXCLUDED_FROM_FORMAL_SPLIT,True,True
H0471,PURE_CONTEXT_ONLY_GROUP,CONTEXT_ONLY_EXCLUDED_FROM_FORMAL_SPLIT,True,True
H0472,PURE_CONTEXT_ONLY_GROUP,CONTEXT_ONLY_EXCLUDED_FROM_FORMAL_SPLIT,True,True
H0473,PURE_CONTEXT_ONLY_GROUP,CONTEXT_ONLY_EXCLUDED_FROM_FORMAL_SPLIT,True,True
H0474,PURE_CONTEXT_ONLY_GROUP,CONTEXT_ONLY_EXCLUDED_FROM_FORMAL_SPLIT,True,True
H0475,PURE_CONTEXT_ONLY_GROUP,CONTEXT_ONLY_EXCLUDED_FROM_FORMAL_SPLIT,True,True
H0476,PURE_CONTEXT_ONLY_GROUP,CONTEXT_ONLY_EXCLUDED_FROM_FORMAL_SPLIT,True,True
H0477,PURE_CONTEXT_ONLY_GROUP,CONTEXT_ONLY_EXCLUDED_FROM_FORMAL_SPLIT,True,True
H0478,PURE_CONTEXT_ONLY_GROUP,CONTEXT_ONLY_EXCLUDED_FROM_FORMAL_SPLIT,True,True
H0479,PURE_CONTEXT_ONLY_GROUP,CONTEXT_ONLY_EXCLUDED_FROM_FORMAL_SPLIT,True,True
H0480,PURE_CONTEXT_ONLY_GROUP,CONTEXT_ONLY_EXCLUDED_FROM_FORMAL_SPLIT,True,True
H0481,PURE_CONTEXT_ONLY_GROUP,CONTEXT_ONLY_EXCLUDED_FROM_FORMAL_SPLIT,True,True
H0482,PURE_CONTEXT_ONLY_GROUP,CONTEXT_ONLY_EXCLUDED_FROM_FORMAL_SPLIT,True,True
H0483,PURE_CONTEXT_ONLY_GROUP,CONTEXT_ONLY_EXCLUDED_FROM_FORMAL_SPLIT,True,True
H0484,PURE_CONTEXT_ONLY_GROUP,CONTEXT_ONLY_EXCLUDED_FROM_FORMAL_SPLIT,True,True
H0485,PURE_CONTEXT_ONLY_GROUP,CONTEXT_ONLY_EXCLUDED_FROM_FORMAL_SPLIT,True,True
H0486,PURE_CONTEXT_ONLY_GROUP,CONTEXT_ONLY_EXCLUDED_FROM_FORMAL_SPLIT,True,True
H0487,PURE_CONTEXT_ONLY_GROUP,CONTEXT_ONLY_EXCLUDED_FROM_FORMAL_SPLIT,True,True
H0488,PURE_CONTEXT_ONLY_GROUP,CONTEXT_ONLY_EXCLUDED_FROM_FORMAL_SPLIT,True,True
H0489,PURE_CONTEXT_ONLY_GROUP,CONTEXT_ONLY_EXCLUDED_FROM_FORMAL_SPLIT,True,True
H0490,PURE_CONTEXT_ONLY_GROUP,CONTEXT_ONLY_EXCLUDED_FROM_FORMAL_SPLIT,True,True
H0491,PURE_CONTEXT_ONLY_GROUP,CONTEXT_ONLY_EXCLUDED_FROM_FORMAL_SPLIT,True,True
H0492,PURE_CONTEXT_ONLY_GROUP,CONTEXT_ONLY_EXCLUDED_FROM_FORMAL_SPLIT,True,True
H0493,PURE_CONTEXT_ONLY_GROUP,CONTEXT_ONLY_EXCLUDED_FROM_FORMAL_SPLIT,True,True
H0494,PURE_CONTEXT_ONLY_GROUP,CONTEXT_ONLY_EXCLUDED_FROM_FORMAL_SPLIT,True,True
H0495,PURE_CONTEXT_ONLY_GROUP,CONTEXT_ONLY_EXCLUDED_FROM_FORMAL_SPLIT,True,True
H0496,PURE_CONTEXT_ONLY_GROUP,CONTEXT_ONLY_EXCLUDED_FROM_FORMAL_SPLIT,True,True
H0497,PURE_CONTEXT_ONLY_GROUP,CONTEXT_ONLY_EXCLUDED_FROM_FORMAL_SPLIT,True,True
H0498,PURE_CONTEXT_ONLY_GROUP,CONTEXT_ONLY_EXCLUDED_FROM_FORMAL_SPLIT,True,True
H0499,PURE_CONTEXT_ONLY_GROUP,CONTEXT_ONLY_EXCLUDED_FROM_FORMAL_SPLIT,True,True
H0500,PURE_CONTEXT_ONLY_GROUP,CONTEXT_ONLY_EXCLUDED_FROM_FORMAL_SPLIT,True,True
H0501,PURE_CONTEXT_ONLY_GROUP,CONTEXT_ONLY_EXCLUDED_FROM_FORMAL_SPLIT,True,True
H0502,PURE_CONTEXT_ONLY_GROUP,CONTEXT_ONLY_EXCLUDED_FROM_FORMAL_SPLIT,True,True
H0503,PURE_CONTEXT_ONLY_GROUP,CONTEXT_ONLY_EXCLUDED_FROM_FORMAL_SPLIT,True,True
H0504,PURE_CONTEXT_ONLY_GROUP,CONTEXT_ONLY_EXCLUDED_FROM_FORMAL_SPLIT,True,True
H0505,PURE_CONTEXT_ONLY_GROUP,CONTEXT_ONLY_EXCLUDED_FROM_FORMAL_SPLIT,True,True
H0506,PURE_CONTEXT_ONLY_GROUP,CONTEXT_ONLY_EXCLUDED_FROM_FORMAL_SPLIT,True,True
H0507,PURE_CONTEXT_ONLY_GROUP,CONTEXT_ONLY_EXCLUDED_FROM_FORMAL_SPLIT,True,True
H0508,PURE_CONTEXT_ONLY_GROUP,CONTEXT_ONLY_EXCLUDED_FROM_FORMAL_SPLIT,True,True
H0509,PURE_CONTEXT_ONLY_GROUP,CONTEXT_ONLY_EXCLUDED_FROM_FORMAL_SPLIT,True,True
H0510,PURE_CONTEXT_ONLY_GROUP,CONTEXT_ONLY_EXCLUDED_FROM_FORMAL_SPLIT,True,True
H0511,PURE_CONTEXT_ONLY_GROUP,CONTEXT_ONLY_EXCLUDED_FROM_FORMAL_SPLIT,True,True
H0512,PURE_CONTEXT_ONLY_GROUP,CONTEXT_ONLY_EXCLUDED_FROM_FORMAL_SPLIT,True,True
H0513,PURE_CONTEXT_ONLY_GROUP,CONTEXT_ONLY_EXCLUDED_FROM_FORMAL_SPLIT,True,True
H0514,PURE_CONTEXT_ONLY_GROUP,CONTEXT_ONLY_EXCLUDED_FROM_FORMAL_SPLIT,True,True
H0515,PURE_CONTEXT_ONLY_GROUP,CONTEXT_ONLY_EXCLUDED_FROM_FORMAL_SPLIT,True,True
H0516,PURE_CONTEXT_ONLY_GROUP,CONTEXT_ONLY_EXCLUDED_FROM_FORMAL_SPLIT,True,True
H0517,PURE_CONTEXT_ONLY_GROUP,CONTEXT_ONLY_EXCLUDED_FROM_FORMAL_SPLIT,True,True
H0518,PURE_CONTEXT_ONLY_GROUP,CONTEXT_ONLY_EXCLUDED_FROM_FORMAL_SPLIT,True,True
H0519,PURE_CONTEXT_ONLY_GROUP,CONTEXT_ONLY_EXCLUDED_FROM_FORMAL_SPLIT,True,True
H0520,PURE_CONTEXT_ONLY_GROUP,CONTEXT_ONLY_EXCLUDED_FROM_FORMAL_SPLIT,True,True
H0521,PURE_CONTEXT_ONLY_GROUP,CONTEXT_ONLY_EXCLUDED_FROM_FORMAL_SPLIT,True,True
H0522,PURE_CONTEXT_ONLY_GROUP,CONTEXT_ONLY_EXCLUDED_FROM_FORMAL_SPLIT,True,True
H0523,PURE_CONTEXT_ONLY_GROUP,CONTEXT_ONLY_EXCLUDED_FROM_FORMAL_SPLIT,True,True
H0524,PURE_CONTEXT_ONLY_GROUP,CONTEXT_ONLY_EXCLUDED_FROM_FORMAL_SPLIT,True,True
H0525,PURE_CONTEXT_ONLY_GROUP,CONTEXT_ONLY_EXCLUDED_FROM_FORMAL_SPLIT,True,True
H0526,PURE_CONTEXT_ONLY_GROUP,CONTEXT_ONLY_EXCLUDED_FROM_FORMAL_SPLIT,True,True
H0527,PURE_CONTEXT_ONLY_GROUP,CONTEXT_ONLY_EXCLUDED_FROM_FORMAL_SPLIT,True,True
H0528,PURE_CONTEXT_ONLY_GROUP,CONTEXT_ONLY_EXCLUDED_FROM_FORMAL_SPLIT,True,True
H0529,PURE_CONTEXT_ONLY_GROUP,CONTEXT_ONLY_EXCLUDED_FROM_FORMAL_SPLIT,True,True
H0530,PURE_CONTEXT_ONLY_GROUP,CONTEXT_ONLY_EXCLUDED_FROM_FORMAL_SPLIT,True,True
H0531,PURE_CONTEXT_ONLY_GROUP,CONTEXT_ONLY_EXCLUDED_FROM_FORMAL_SPLIT,True,True
H0532,PURE_CONTEXT_ONLY_GROUP,CONTEXT_ONLY_EXCLUDED_FROM_FORMAL_SPLIT,True,True
H0533,PURE_CONTEXT_ONLY_GROUP,CONTEXT_ONLY_EXCLUDED_FROM_FORMAL_SPLIT,True,True
H0534,PURE_CONTEXT_ONLY_GROUP,CONTEXT_ONLY_EXCLUDED_FROM_FORMAL_SPLIT,True,True
H0535,PURE_CONTEXT_ONLY_GROUP,CONTEXT_ONLY_EXCLUDED_FROM_FORMAL_SPLIT,True,True
H0536,PURE_CONTEXT_ONLY_GROUP,CONTEXT_ONLY_EXCLUDED_FROM_FORMAL_SPLIT,True,True
H0537,PURE_CONTEXT_ONLY_GROUP,CONTEXT_ONLY_EXCLUDED_FROM_FORMAL_SPLIT,True,True
H0538,PURE_CONTEXT_ONLY_GROUP,CONTEXT_ONLY_EXCLUDED_FROM_FORMAL_SPLIT,True,True
H0539,PURE_CONTEXT_ONLY_GROUP,CONTEXT_ONLY_EXCLUDED_FROM_FORMAL_SPLIT,True,True
H0540,PURE_CONTEXT_ONLY_GROUP,CONTEXT_ONLY_EXCLUDED_FROM_FORMAL_SPLIT,True,True
H0541,PURE_CONTEXT_ONLY_GROUP,CONTEXT_ONLY_EXCLUDED_FROM_FORMAL_SPLIT,True,True
H0542,PURE_CONTEXT_ONLY_GROUP,CONTEXT_ONLY_EXCLUDED_FROM_FORMAL_SPLIT,True,True
H0543,PURE_CONTEXT_ONLY_GROUP,CONTEXT_ONLY_EXCLUDED_FROM_FORMAL_SPLIT,True,True
H0544,PURE_CONTEXT_ONLY_GROUP,CONTEXT_ONLY_EXCLUDED_FROM_FORMAL_SPLIT,True,True
H0545,PURE_CONTEXT_ONLY_GROUP,CONTEXT_ONLY_EXCLUDED_FROM_FORMAL_SPLIT,True,True
H0546,PURE_CONTEXT_ONLY_GROUP,CONTEXT_ONLY_EXCLUDED_FROM_FORMAL_SPLIT,True,True
H0547,PURE_CONTEXT_ONLY_GROUP,CONTEXT_ONLY_EXCLUDED_FROM_FORMAL_SPLIT,True,True
H0548,PURE_CONTEXT_ONLY_GROUP,CONTEXT_ONLY_EXCLUDED_FROM_FORMAL_SPLIT,True,True
H0549,PURE_CONTEXT_ONLY_GROUP,CONTEXT_ONLY_EXCLUDED_FROM_FORMAL_SPLIT,True,True
H0550,PURE_CONTEXT_ONLY_GROUP,CONTEXT_ONLY_EXCLUDED_FROM_FORMAL_SPLIT,True,True
H0551,PURE_CONTEXT_ONLY_GROUP,CONTEXT_ONLY_EXCLUDED_FROM_FORMAL_SPLIT,True,True
H0552,PURE_CONTEXT_ONLY_GROUP,CONTEXT_ONLY_EXCLUDED_FROM_FORMAL_SPLIT,True,True
H0553,PURE_CONTEXT_ONLY_GROUP,CONTEXT_ONLY_EXCLUDED_FROM_FORMAL_SPLIT,True,True
H0554,PURE_CONTEXT_ONLY_GROUP,CONTEXT_ONLY_EXCLUDED_FROM_FORMAL_SPLIT,True,True
H0555,PURE_CONTEXT_ONLY_GROUP,CONTEXT_ONLY_EXCLUDED_FROM_FORMAL_SPLIT,True,True
H0556,PURE_CONTEXT_ONLY_GROUP,CONTEXT_ONLY_EXCLUDED_FROM_FORMAL_SPLIT,True,True
H0557,PURE_CONTEXT_ONLY_GROUP,CONTEXT_ONLY_EXCLUDED_FROM_FORMAL_SPLIT,True,True
H0558,PURE_CONTEXT_ONLY_GROUP,CONTEXT_ONLY_EXCLUDED_FROM_FORMAL_SPLIT,True,True
H0559,PURE_CONTEXT_ONLY_GROUP,CONTEXT_ONLY_EXCLUDED_FROM_FORMAL_SPLIT,True,True
H0560,PURE_CONTEXT_ONLY_GROUP,CONTEXT_ONLY_EXCLUDED_FROM_FORMAL_SPLIT,True,True
H0561,PURE_CONTEXT_ONLY_GROUP,CONTEXT_ONLY_EXCLUDED_FROM_FORMAL_SPLIT,True,True
H0562,PURE_CONTEXT_ONLY_GROUP,CONTEXT_ONLY_EXCLUDED_FROM_FORMAL_SPLIT,True,True
H0563,PURE_CONTEXT_ONLY_GROUP,CONTEXT_ONLY_EXCLUDED_FROM_FORMAL_SPLIT,True,True
H0564,PURE_CONTEXT_ONLY_GROUP,CONTEXT_ONLY_EXCLUDED_FROM_FORMAL_SPLIT,True,True
H0565,PURE_CONTEXT_ONLY_GROUP,CONTEXT_ONLY_EXCLUDED_FROM_FORMAL_SPLIT,True,True
H0566,PURE_CONTEXT_ONLY_GROUP,CONTEXT_ONLY_EXCLUDED_FROM_FORMAL_SPLIT,True,True
H0567,PURE_CONTEXT_ONLY_GROUP,CONTEXT_ONLY_EXCLUDED_FROM_FORMAL_SPLIT,True,True
H0568,PURE_CONTEXT_ONLY_GROUP,CONTEXT_ONLY_EXCLUDED_FROM_FORMAL_SPLIT,True,True
H0569,PURE_CONTEXT_ONLY_GROUP,CONTEXT_ONLY_EXCLUDED_FROM_FORMAL_SPLIT,True,True
H0570,PURE_CONTEXT_ONLY_GROUP,CONTEXT_ONLY_EXCLUDED_FROM_FORMAL_SPLIT,True,True
H0571,PURE_CONTEXT_ONLY_GROUP,CONTEXT_ONLY_EXCLUDED_FROM_FORMAL_SPLIT,True,True
H0572,PURE_CONTEXT_ONLY_GROUP,CONTEXT_ONLY_EXCLUDED_FROM_FORMAL_SPLIT,True,True
H0573,PURE_CONTEXT_ONLY_GROUP,CONTEXT_ONLY_EXCLUDED_FROM_FORMAL_SPLIT,True,True
H0574,PURE_CONTEXT_ONLY_GROUP,CONTEXT_ONLY_EXCLUDED_FROM_FORMAL_SPLIT,True,True
H0575,PURE_CONTEXT_ONLY_GROUP,CONTEXT_ONLY_EXCLUDED_FROM_FORMAL_SPLIT,True,True
H0576,PURE_CONTEXT_ONLY_GROUP,CONTEXT_ONLY_EXCLUDED_FROM_FORMAL_SPLIT,True,True
H0577,PURE_CONTEXT_ONLY_GROUP,CONTEXT_ONLY_EXCLUDED_FROM_FORMAL_SPLIT,True,True
H0578,PURE_CONTEXT_ONLY_GROUP,CONTEXT_ONLY_EXCLUDED_FROM_FORMAL_SPLIT,True,True
H0579,PURE_CONTEXT_ONLY_GROUP,CONTEXT_ONLY_EXCLUDED_FROM_FORMAL_SPLIT,True,True
H0594,TEST_GROUP_HERB,test,True,True
H0596,VALIDATION_GROUP_HERB,validation,True,True
H0604,VALIDATION_GROUP_HERB,validation,True,True
H0610,TEST_GROUP_HERB,test,True,True
H0613,VALIDATION_GROUP_HERB,validation,True,True
H0617,TEST_GROUP_HERB,test,True,True
H0620,VALIDATION_GROUP_HERB,validation,True,True
H0621,VALIDATION_GROUP_HERB,validation,True,True
H0623,VALIDATION_GROUP_HERB,validation,True,True
H0626,TEST_GROUP_HERB,test,True,True
H0628,VALIDATION_GROUP_HERB,validation,True,True
H0630,VALIDATION_GROUP_HERB,validation,True,True
H0632,TEST_GROUP_HERB,test,True,True
H0633,VALIDATION_GROUP_HERB,validation,True,True
H0639,VALIDATION_GROUP_HERB,validation,True,True
H0642,TEST_GROUP_HERB,test,True,True
H0643,TEST_GROUP_HERB,test,True,True
H0644,TEST_GROUP_HERB,test,True,True
H0655,VALIDATION_GROUP_HERB,validation,True,True
H0656,VALIDATION_GROUP_HERB,validation,True,True
H0661,VALIDATION_GROUP_HERB,validation,True,True
H0663,VALIDATION_GROUP_HERB,validation,True,True
H0664,VALIDATION_GROUP_HERB,validation,True,True
H0670,VALIDATION_GROUP_HERB,validation,True,True
H0672,VALIDATION_GROUP_HERB,validation,True,True
H0684,TEST_GROUP_HERB,test,True,True
H0690,PURE_CONTEXT_ONLY_GROUP,CONTEXT_ONLY_EXCLUDED_FROM_FORMAL_SPLIT,True,True
H0691,VALIDATION_GROUP_HERB,validation,True,True
H0692,VALIDATION_GROUP_HERB,validation,True,True
H0693,TEST_GROUP_HERB,test,True,True
H0694,TEST_GROUP_HERB,test,True,True
H0697,VALIDATION_GROUP_HERB,validation,True,True
H0699,TEST_GROUP_HERB,test,True,True
H0701,VALIDATION_GROUP_HERB,validation,True,True
H0724,TEST_GROUP_HERB,test,True,True
H0729,VALIDATION_GROUP_HERB,validation,True,True
H0732,VALIDATION_GROUP_HERB,validation,True,True
H0739,VALIDATION_GROUP_HERB,validation,True,True
H0744,VALIDATION_GROUP_HERB,validation,True,True
H0747,VALIDATION_GROUP_HERB,validation,True,True
H0749,VALIDATION_GROUP_HERB,validation,True,True
H0759,VALIDATION_GROUP_HERB,validation,True,True
H0761,VALIDATION_GROUP_HERB,validation,True,True
H0762,VALIDATION_GROUP_HERB,validation,True,True
H0763,TEST_GROUP_HERB,test,True,True
H0765,TEST_GROUP_HERB,test,True,True
H0791,VALIDATION_GROUP_HERB,validation,True,True
H0792,TEST_GROUP_HERB,test,True,True
H0793,TEST_GROUP_HERB,test,True,True
H0794,TEST_GROUP_HERB,test,True,True
H0795,TEST_GROUP_HERB,test,True,True
H0812,VALIDATION_GROUP_HERB,validation,True,True
H0814,TEST_GROUP_HERB,test,True,True
H0820,TEST_GROUP_HERB,test,True,True
H0823,VALIDATION_GROUP_HERB,validation,True,True
H0826,TEST_GROUP_HERB,test,True,True
H0828,VALIDATION_GROUP_HERB,validation,True,True
H0838,VALIDATION_GROUP_HERB,validation,True,True
H0842,TEST_GROUP_HERB,test,True,True
H0847,BENCHMARK_QUARANTINE,H0847_QUARANTINED,True,True
H0851,TEST_GROUP_HERB,test,True,True
H0874,TEST_GROUP_HERB,test,True,True
H0875,TEST_GROUP_HERB,test,True,True
H0876,PURE_CONTEXT_ONLY_GROUP,CONTEXT_ONLY_EXCLUDED_FROM_FORMAL_SPLIT,True,True
H0877,TEST_GROUP_HERB,test,True,True
H0883,TEST_GROUP_HERB,test,True,True
H0885,TEST_GROUP_HERB,test,True,True
H0894,VALIDATION_GROUP_HERB,validation,True,True
H0895,VALIDATION_GROUP_HERB,validation,True,True
H0897,TEST_GROUP_HERB,test,True,True
H0901,VALIDATION_GROUP_HERB,validation,True,True
H0907,TEST_GROUP_HERB,test,True,True
H0915,TEST_GROUP_HERB,test,True,True
H0919,TEST_GROUP_HERB,test,True,True
H0920,TEST_GROUP_HERB,test,True,True
H0922,VALIDATION_GROUP_HERB,validation,True,True
H0924,TEST_GROUP_HERB,test,True,True
H0932,VALIDATION_GROUP_HERB,validation,True,True
H0937,TEST_GROUP_HERB,test,True,True
H0940,TEST_GROUP_HERB,test,True,True
H0941,VALIDATION_GROUP_HERB,validation,True,True
H0942,PURE_CONTEXT_ONLY_GROUP,CONTEXT_ONLY_EXCLUDED_FROM_FORMAL_SPLIT,True,True
H0957,TEST_GROUP_HERB,test,True,True
H0966,TEST_GROUP_HERB,test,True,True
H0970,TEST_GROUP_HERB,test,True,True
H0971,TEST_GROUP_HERB,test,True,True
H0988,TEST_GROUP_HERB,test,True,True
H0992,VALIDATION_GROUP_HERB,validation,True,True
H0995,VALIDATION_GROUP_HERB,validation,True,True
H1001,TEST_GROUP_HERB,test,True,True
H1006,TEST_GROUP_HERB,test,True,True
H1008,VALIDATION_GROUP_HERB,validation,True,True
H1018,VALIDATION_GROUP_HERB,validation,True,True
H1021,TEST_GROUP_HERB,test,True,True
H1024,VALIDATION_GROUP_HERB,validation,True,True
H1025,TEST_GROUP_HERB,test,True,True
H1034,TEST_GROUP_HERB,test,True,True
H1036,TEST_GROUP_HERB,test,True,True
H1038,VALIDATION_GROUP_HERB,validation,True,True
H1044,TEST_GROUP_HERB,test,True,True
H1054,VALIDATION_GROUP_HERB,validation,True,True
H1056,VALIDATION_GROUP_HERB,validation,True,True
H1060,VALIDATION_GROUP_HERB,validation,True,True
H1086,TEST_GROUP_HERB,test,True,True
H1089,VALIDATION_GROUP_HERB,validation,True,True
H1090,TEST_GROUP_HERB,test,True,True
H1091,VALIDATION_GROUP_HERB,validation,True,True
H1098,VALIDATION_GROUP_HERB,validation,True,True
H1099,TEST_GROUP_HERB,test,True,True
H1102,VALIDATION_GROUP_HERB,validation,True,True
H1113,VALIDATION_GROUP_HERB,validation,True,True
H1116,VALIDATION_GROUP_HERB,validation,True,True
H1117,TEST_GROUP_HERB,test,True,True
H1123,TEST_GROUP_HERB,test,True,True
H1125,VALIDATION_GROUP_HERB,validation,True,True
H1128,VALIDATION_GROUP_HERB,validation,True,True
H1131,TEST_GROUP_HERB,test,True,True
H1138,TEST_GROUP_HERB,test,True,True
H1145,PURE_CONTEXT_ONLY_GROUP,CONTEXT_ONLY_EXCLUDED_FROM_FORMAL_SPLIT,True,True
H1146,PURE_CONTEXT_ONLY_GROUP,CONTEXT_ONLY_EXCLUDED_FROM_FORMAL_SPLIT,True,True
H1154,TEST_GROUP_HERB,test,True,True
H1161,VALIDATION_GROUP_HERB,validation,True,True
H1162,TEST_GROUP_HERB,test,True,True
H1165,TEST_GROUP_HERB,test,True,True
H1166,VALIDATION_GROUP_HERB,validation,True,True
H1178,TEST_GROUP_HERB,test,True,True
H1184,VALIDATION_GROUP_HERB,validation,True,True
H1186,VALIDATION_GROUP_HERB,validation,True,True
H1188,VALIDATION_GROUP_HERB,validation,True,True
H1189,TEST_GROUP_HERB,test,True,True
H1191,VALIDATION_GROUP_HERB,validation,True,True
H1197,TEST_GROUP_HERB,test,True,True
H1213,TEST_GROUP_HERB,test,True,True
H1215,TEST_GROUP_HERB,test,True,True
H1234,VALIDATION_GROUP_HERB,validation,True,True
H1235,VALIDATION_GROUP_HERB,validation,True,True
H1237,TEST_GROUP_HERB,test,True,True
H1240,TEST_GROUP_HERB,test,True,True
H1244,TEST_GROUP_HERB,test,True,True
H1246,VALIDATION_GROUP_HERB,validation,True,True
