herb_id,split_blocking_group_id,group_member_count,singleton,benchmark_eligible,quarantine_status,canonical_identity_status,record_equivalence_status
H0001,HBG_6033a296141f,1,True,True,NONE,NOT_FROZEN,NOT_FROZEN
H0002,HBG_c7cf09940944,1,True,True,NONE,NOT_FROZEN,NOT_FROZEN
H0003,HBG_aaf603a01cbb,1,True,True,NONE,NOT_FROZEN,NOT_FROZEN
H0004,HBG_fb66ebdaeeb7,1,True,True,NONE,NOT_FROZEN,NOT_FROZEN
H0005,HBG_a293c605eef1,1,True,True,NONE,NOT_FROZEN,NOT_FROZEN
H0006,HBG_09d240b0d799,1,True,True,NONE,NOT_FROZEN,NOT_FROZEN
H0007,HBG_73a6e8381336,1,True,True,NONE,NOT_FROZEN,NOT_FROZEN
H0008,HBG_8a464c1150b8,1,True,True,NONE,NOT_FROZEN,NOT_FROZEN
H0009,HBG_9e096939c148,1,True,True,NONE,NOT_FROZEN,NOT_FROZEN
H0010,HBG_d0375c911ce0,1,True,True,NONE,NOT_FROZEN,NOT_FROZEN
H0011,HBG_0a33d5099e23,1,True,True,NONE,NOT_FROZEN,NOT_FROZEN
H0012,HBG_420c94e2b3f6,1,True,True,NONE,NOT_FROZEN,NOT_FROZEN
H0013,HBG_09ea31ca8958,1,True,True,NONE,NOT_FROZEN,NOT_FROZEN
H0014,HBG_b461cb2f02b4,1,True,True,NONE,NOT_FROZEN,NOT_FROZEN
H0015,HBG_5df6ebecfee4,1,True,True,NONE,NOT_FROZEN,NOT_FROZEN
H0016,HBG_70ffc16b529b,1,True,True,NONE,NOT_FROZEN,NOT_FROZEN
H0017,HBG_8d51e4930e0d,1,True,True,NONE,NOT_FROZEN,NOT_FROZEN
H0018,HBG_d5198175a674,1,True,True,NONE,NOT_FROZEN,NOT_FROZEN
H0019,HBG_609c304b4596,1,True,True,NONE,NOT_FROZEN,NOT_FROZEN
H0020,HBG_971307da6658,1,True,True,NONE,NOT_FROZEN,NOT_FROZEN
H0021,HBG_6e45041dcc74,1,True,True,NONE,NOT_FROZEN,NOT_FROZEN
H0022,HBG_c621ae793c3d,1,True,True,NONE,NOT_FROZEN,NOT_FROZEN
H0023,HBG_6a3f70a039af,1,True,True,NONE,NOT_FROZEN,NOT_FROZEN
H0024,HBG_d75df6c4a386,1,True,True,NONE,NOT_FROZEN,NOT_FROZEN
H0025,HBG_3e9e70f014b5,1,True,True,NONE,NOT_FROZEN,NOT_FROZEN
H0026,HBG_816cee921353,1,True,True,NONE,NOT_FROZEN,NOT_FROZEN
H0027,HBG_c0aee8e1706c,1,True,True,NONE,NOT_FROZEN,NOT_FROZEN
H0028,HBG_1e7a78a59ac0,1,True,True,NONE,NOT_FROZEN,NOT_FROZEN
H0029,HBG_f57e849cee44,1,True,True,NONE,NOT_FROZEN,NOT_FROZEN
H0030,HBG_451375b97916,1,True,True,NONE,NOT_FROZEN,NOT_FROZEN
H0031,HBG_d5e4138b9246,1,True,True,NONE,NOT_FROZEN,NOT_FROZEN
H0032,HBG_4b1c72edc5dc,1,True,True,NONE,NOT_FROZEN,NOT_FROZEN
H0033,HBG_48ded1d3302f,1,True,True,NONE,NOT_FROZEN,NOT_FROZEN
H0034,HBG_7527298cea64,1,True,True,NONE,NOT_FROZEN,NOT_FROZEN
H0035,HBG_8ea0937ca3c6,1,True,True,NONE,NOT_FROZEN,NOT_FROZEN
H0036,HBG_95d97bde754e,1,True,True,NONE,NOT_FROZEN,NOT_FROZEN
H0037,HBG_c28e2aebc877,1,True,True,NONE,NOT_FROZEN,NOT_FROZEN
H0038,HBG_3124325fc5d7,1,True,True,NONE,NOT_FROZEN,NOT_FROZEN
H0039,HBG_8f1a3c1a28a0,1,True,True,NONE,NOT_FROZEN,NOT_FROZEN
H0040,HBG_6ce35231c8e2,1,True,True,NONE,NOT_FROZEN,NOT_FROZEN
H0041,HBG_4908e4e80fd2,1,True,True,NONE,NOT_FROZEN,NOT_FROZEN
H0042,HBG_a3274ea4d2ac,1,True,True,NONE,NOT_FROZEN,NOT_FROZEN
H0043,HBG_a31373d8b238,1,True,True,NONE,NOT_FROZEN,NOT_FROZEN
H0044,HBG_1aa82c7db728,1,True,True,NONE,NOT_FROZEN,NOT_FROZEN
H0045,HBG_13fc924be3e1,1,True,True,NONE,NOT_FROZEN,NOT_FROZEN
H0046,HBG_fa330c6da92b,1,True,True,NONE,NOT_FROZEN,NOT_FROZEN
H0047,HBG_bf8b5230c2ef,1,True,True,NONE,NOT_FROZEN,NOT_FROZEN
H0048,HBG_33cfc130abfd,1,True,True,NONE,NOT_FROZEN,NOT_FROZEN
H0049,HBG_0c1a772b814e,1,True,True,NONE,NOT_FROZEN,NOT_FROZEN
H0050,HBG_415bc1cab7b0,1,True,True,NONE,NOT_FROZEN,NOT_FROZEN
H0051,HBG_e9c50fe6718d,1,True,True,NONE,NOT_FROZEN,NOT_FROZEN
H0052,HBG_0b29c5ef152f,1,True,True,NONE,NOT_FROZEN,NOT_FROZEN
H0053,HBG_a8eeafbdba48,1,True,True,NONE,NOT_FROZEN,NOT_FROZEN
H0054,HBG_60476bb8a197,1,True,True,NONE,NOT_FROZEN,NOT_FROZEN
H0055,HBG_68f659cd4991,1,True,True,NONE,NOT_FROZEN,NOT_FROZEN
H0056,HBG_005628e0e7c1,1,True,True,NONE,NOT_FROZEN,NOT_FROZEN
H0057,HBG_013c8034d077,1,True,True,NONE,NOT_FROZEN,NOT_FROZEN
H0058,HBG_1abc2c8d0407,1,True,True,NONE,NOT_FROZEN,NOT_FROZEN
H0059,HBG_2b0daa529576,1,True,True,NONE,NOT_FROZEN,NOT_FROZEN
H0060,HBG_7aa668a52fc9,1,True,True,NONE,NOT_FROZEN,NOT_FROZEN
H0061,HBG_3bbcd1186275,1,True,True,NONE,NOT_FROZEN,NOT_FROZEN
H0063,HBG_ea3f697c44e9,1,True,True,NONE,NOT_FROZEN,NOT_FROZEN
H0064,HBG_e6b5c54a7bd3,1,True,True,NONE,NOT_FROZEN,NOT_FROZEN
H0065,HBG_a8880224b0de,1,True,True,NONE,NOT_FROZEN,NOT_FROZEN
H0066,HBG_eb5ee4fffb9f,1,True,True,NONE,NOT_FROZEN,NOT_FROZEN
H0067,HBG_c6eb1610999f,1,True,True,NONE,NOT_FROZEN,NOT_FROZEN
H0068,HBG_8675e75ba87d,1,True,True,NONE,NOT_FROZEN,NOT_FROZEN
H0069,HBG_7d4ec12d686b,1,True,True,NONE,NOT_FROZEN,NOT_FROZEN
H0070,HBG_ae9fec52efd0,1,True,True,NONE,NOT_FROZEN,NOT_FROZEN
H0071,HBG_134da396d8d5,1,True,True,NONE,NOT_FROZEN,NOT_FROZEN
H0072,HBG_3f54413b1364,1,True,True,NONE,NOT_FROZEN,NOT_FROZEN
H0073,HBG_1c55930ace59,1,True,True,NONE,NOT_FROZEN,NOT_FROZEN
H0074,HBG_d0d367b7e3ea,1,True,True,NONE,NOT_FROZEN,NOT_FROZEN
H0075,HBG_f4bf38e339de,1,True,True,NONE,NOT_FROZEN,NOT_FROZEN
H0076,HBG_5da2f0fa4378,1,True,True,NONE,NOT_FROZEN,NOT_FROZEN
H0077,HBG_473893237809,1,True,True,NONE,NOT_FROZEN,NOT_FROZEN
H0078,HBG_f77bd9e0b6ab,1,True,True,NONE,NOT_FROZEN,NOT_FROZEN
H0079,HBG_ac75075aad13,1,True,True,NONE,NOT_FROZEN,NOT_FROZEN
H0080,HBG_0f7692e6ff25,1,True,True,NONE,NOT_FROZEN,NOT_FROZEN
H0081,HBG_c0e51621d209,1,True,True,NONE,NOT_FROZEN,NOT_FROZEN
H0082,HBG_05638e08eab1,1,True,True,NONE,NOT_FROZEN,NOT_FROZEN
H0083,HBG_7e6ffff9bcdc,1,True,True,NONE,NOT_FROZEN,NOT_FROZEN
H0084,HBG_2906bdd99bcb,1,True,True,NONE,NOT_FROZEN,NOT_FROZEN
H0085,HBG_0828edcebfd3,1,True,True,NONE,NOT_FROZEN,NOT_FROZEN
H0086,HBG_0530df36afaf,1,True,True,NONE,NOT_FROZEN,NOT_FROZEN
H0087,HBG_4767320870ea,1,True,True,NONE,NOT_FROZEN,NOT_FROZEN
H0088,HBG_4e2b0b716c0f,1,True,True,NONE,NOT_FROZEN,NOT_FROZEN
H0089,HBG_ed4b55ceb16c,1,True,True,NONE,NOT_FROZEN,NOT_FROZEN
H0090,HBG_9b0f40d8135d,1,True,True,NONE,NOT_FROZEN,NOT_FROZEN
H0091,HBG_f00c546fdaef,1,True,True,NONE,NOT_FROZEN,NOT_FROZEN
H0092,HBG_d54070b673a2,1,True,True,NONE,NOT_FROZEN,NOT_FROZEN
H0093,HBG_71ca8b3954af,1,True,True,NONE,NOT_FROZEN,NOT_FROZEN
H0094,HBG_21782fd22a93,1,True,True,NONE,NOT_FROZEN,NOT_FROZEN
H0095,HBG_b2ef075ca5b1,1,True,True,NONE,NOT_FROZEN,NOT_FROZEN
H0096,HBG_2721b304cb93,1,True,True,NONE,NOT_FROZEN,NOT_FROZEN
H0097,HBG_3edba5160e58,1,True,True,NONE,NOT_FROZEN,NOT_FROZEN
H0098,HBG_1d5decc1aaca,1,True,True,NONE,NOT_FROZEN,NOT_FROZEN
H0099,HBG_74669cbbc77f,1,True,True,NONE,NOT_FROZEN,NOT_FROZEN
H0100,HBG_5a9ffce16ed0,1,True,True,NONE,NOT_FROZEN,NOT_FROZEN
H0101,HBG_c5a7530d271c,1,True,True,NONE,NOT_FROZEN,NOT_FROZEN
H0102,HBG_46932cc89bdd,1,True,True,NONE,NOT_FROZEN,NOT_FROZEN
H0103,HBG_d251820dd6eb,1,True,True,NONE,NOT_FROZEN,NOT_FROZEN
H0104,HBG_b70d0203c5c5,1,True,True,NONE,NOT_FROZEN,NOT_FROZEN
H0105,HBG_27822b90ea02,1,True,True,NONE,NOT_FROZEN,NOT_FROZEN
H0107,HBG_88c1ce97c1fd,1,True,True,NONE,NOT_FROZEN,NOT_FROZEN
H0108,HBG_d27eeec00002,1,True,True,NONE,NOT_FROZEN,NOT_FROZEN
H0109,HBG_acd14e75e933,1,True,True,NONE,NOT_FROZEN,NOT_FROZEN
H0110,HBG_c095131f4657,1,True,True,NONE,NOT_FROZEN,NOT_FROZEN
H0111,HBG_828211664a4e,1,True,True,NONE,NOT_FROZEN,NOT_FROZEN
H0112,HBG_b0f6e44b98b2,1,True,True,NONE,NOT_FROZEN,NOT_FROZEN
H0113,HBG_242d509d4888,1,True,True,NONE,NOT_FROZEN,NOT_FROZEN
H0114,HBG_34f6085f650f,1,True,True,NONE,NOT_FROZEN,NOT_FROZEN
H0115,HBG_14deb49af05a,1,True,True,NONE,NOT_FROZEN,NOT_FROZEN
H0116,HBG_d468ee6f56d8,1,True,True,NONE,NOT_FROZEN,NOT_FROZEN
H0117,HBG_9f8cb2888692,1,True,True,NONE,NOT_FROZEN,NOT_FROZEN
H0118,HBG_c7526dd1e10f,1,True,True,NONE,NOT_FROZEN,NOT_FROZEN
H0119,HBG_ddd14028b6a6,1,True,True,NONE,NOT_FROZEN,NOT_FROZEN
H0120,HBG_e84f12bdb03b,1,True,True,NONE,NOT_FROZEN,NOT_FROZEN
H0121,HBG_ffcacb2d9531,1,True,True,NONE,NOT_FROZEN,NOT_FROZEN
H0122,HBG_da878cdb26fe,1,True,True,NONE,NOT_FROZEN,NOT_FROZEN
H0123,HBG_94692bcf2af9,1,True,True,NONE,NOT_FROZEN,NOT_FROZEN
H0124,HBG_32687a7f7193,1,True,True,NONE,NOT_FROZEN,NOT_FROZEN
H0125,HBG_04c124fe2872,1,True,True,NONE,NOT_FROZEN,NOT_FROZEN
H0126,HBG_6e9cb680bece,1,True,True,NONE,NOT_FROZEN,NOT_FROZEN
H0127,HBG_ab3f45c15e77,1,True,True,NONE,NOT_FROZEN,NOT_FROZEN
H0128,HBG_5c516e8e020c,1,True,True,NONE,NOT_FROZEN,NOT_FROZEN
H0129,HBG_d3daefd07e0c,1,True,True,NONE,NOT_FROZEN,NOT_FROZEN
H0130,HBG_040d5c2eb105,1,True,True,NONE,NOT_FROZEN,NOT_FROZEN
H0131,HBG_511bba71b2a4,1,True,True,NONE,NOT_FROZEN,NOT_FROZEN
H0132,HBG_b036d8e6afc7,1,True,True,NONE,NOT_FROZEN,NOT_FROZEN
H0133,HBG_6105dd9d0445,1,True,True,NONE,NOT_FROZEN,NOT_FROZEN
H0134,HBG_ed6f7e49e92f,1,True,True,NONE,NOT_FROZEN,NOT_FROZEN
H0135,HBG_4cfdd54d2c7a,1,True,True,NONE,NOT_FROZEN,NOT_FROZEN
H0136,HBG_0e10bda9fc3e,1,True,True,NONE,NOT_FROZEN,NOT_FROZEN
H0137,HBG_9a1b93f73472,1,True,True,NONE,NOT_FROZEN,NOT_FROZEN
H0139,HBG_43d4b185c587,1,True,True,NONE,NOT_FROZEN,NOT_FROZEN
H0140,HBG_05d279bc2a51,1,True,True,NONE,NOT_FROZEN,NOT_FROZEN
H0141,HBG_7c40421878f6,1,True,True,NONE,NOT_FROZEN,NOT_FROZEN
H0142,HBG_ac9290ea5120,1,True,True,NONE,NOT_FROZEN,NOT_FROZEN
H0143,HBG_d366eacaa79b,1,True,True,NONE,NOT_FROZEN,NOT_FROZEN
H0144,HBG_4feb6e715361,1,True,True,NONE,NOT_FROZEN,NOT_FROZEN
H0145,HBG_ad615e372662,1,True,True,NONE,NOT_FROZEN,NOT_FROZEN
H0146,HBG_b481f9e19d80,1,True,True,NONE,NOT_FROZEN,NOT_FROZEN
H0147,HBG_1ab4c80fee92,1,True,True,NONE,NOT_FROZEN,NOT_FROZEN
H0148,HBG_f0239922bdad,1,True,True,NONE,NOT_FROZEN,NOT_FROZEN
H0149,HBG_e4e1de1db9ff,1,True,True,NONE,NOT_FROZEN,NOT_FROZEN
H0150,HBG_785b5dac4f43,1,True,True,NONE,NOT_FROZEN,NOT_FROZEN
H0151,HBG_f40f1a788222,1,True,True,NONE,NOT_FROZEN,NOT_FROZEN
H0152,HBG_3a6131f78e9d,1,True,True,NONE,NOT_FROZEN,NOT_FROZEN
H0153,HBG_419503b33a51,1,True,True,NONE,NOT_FROZEN,NOT_FROZEN
H0154,HBG_b25e7c832a06,1,True,True,NONE,NOT_FROZEN,NOT_FROZEN
H0155,HBG_2edd65079091,1,True,True,NONE,NOT_FROZEN,NOT_FROZEN
H0156,HBG_17085bc9d05c,1,True,True,NONE,NOT_FROZEN,NOT_FROZEN
H0157,HBG_512f498377a2,1,True,True,NONE,NOT_FROZEN,NOT_FROZEN
H0158,HBG_d0e0b94b6933,1,True,True,NONE,NOT_FROZEN,NOT_FROZEN
H0159,HBG_4c56ff943698,1,True,True,NONE,NOT_FROZEN,NOT_FROZEN
H0160,HBG_a751ce8e8ceb,1,True,True,NONE,NOT_FROZEN,NOT_FROZEN
H0161,HBG_3895046302e1,1,True,True,NONE,NOT_FROZEN,NOT_FROZEN
H0162,HBG_7af5cb1f6b2d,1,True,True,NONE,NOT_FROZEN,NOT_FROZEN
H0163,HBG_bc6d8e1f19f4,1,True,True,NONE,NOT_FROZEN,NOT_FROZEN
H0164,HBG_b40ff5a8d10f,1,True,True,NONE,NOT_FROZEN,NOT_FROZEN
H0165,HBG_a14e49dc1be2,1,True,True,NONE,NOT_FROZEN,NOT_FROZEN
H0166,HBG_e98b81a2ca4a,1,True,True,NONE,NOT_FROZEN,NOT_FROZEN
H0167,HBG_28661fb98359,1,True,True,NONE,NOT_FROZEN,NOT_FROZEN
H0168,HBG_9d1a8b53cbe8,1,True,True,NONE,NOT_FROZEN,NOT_FROZEN
H0169,HBG_a8a46d7c7b96,1,True,True,NONE,NOT_FROZEN,NOT_FROZEN
H0170,HBG_1ddc7a859844,1,True,True,NONE,NOT_FROZEN,NOT_FROZEN
H0171,HBG_ba059f1e6a5c,1,True,True,NONE,NOT_FROZEN,NOT_FROZEN
H0172,HBG_5e730c7c7c6e,1,True,True,NONE,NOT_FROZEN,NOT_FROZEN
H0173,HBG_31be0748f848,1,True,True,NONE,NOT_FROZEN,NOT_FROZEN
H0174,HBG_79559a8f80f5,1,True,True,NONE,NOT_FROZEN,NOT_FROZEN
H0175,HBG_cefa4c4089da,1,True,True,NONE,NOT_FROZEN,NOT_FROZEN
H0176,HBG_61bf94746666,1,True,True,NONE,NOT_FROZEN,NOT_FROZEN
H0177,HBG_ad156a310c1b,1,True,True,NONE,NOT_FROZEN,NOT_FROZEN
H0178,HBG_19014f2b6721,1,True,True,NONE,NOT_FROZEN,NOT_FROZEN
H0179,HBG_08ef0a19f4af,1,True,True,NONE,NOT_FROZEN,NOT_FROZEN
H0180,HBG_77c456492ed0,1,True,True,NONE,NOT_FROZEN,NOT_FROZEN
H0181,HBG_e6918ebb81ee,1,True,True,NONE,NOT_FROZEN,NOT_FROZEN
H0182,HBG_99f2a38441f2,1,True,True,NONE,NOT_FROZEN,NOT_FROZEN
H0183,HBG_08937bb0fadb,1,True,True,NONE,NOT_FROZEN,NOT_FROZEN
H0184,HBG_6685424d4261,1,True,True,NONE,NOT_FROZEN,NOT_FROZEN
H0185,HBG_4916c664edfc,1,True,True,NONE,NOT_FROZEN,NOT_FROZEN
H0186,HBG_bb9dab509f9b,1,True,True,NONE,NOT_FROZEN,NOT_FROZEN
H0187,HBG_2607af7df66c,1,True,True,NONE,NOT_FROZEN,NOT_FROZEN
H0188,HBG_b26ccec44311,1,True,True,NONE,NOT_FROZEN,NOT_FROZEN
H0189,HBG_7d5b8ca46aae,1,True,True,NONE,NOT_FROZEN,NOT_FROZEN
H0190,HBG_0ad3bf48bf53,1,True,True,NONE,NOT_FROZEN,NOT_FROZEN
H0192,HBG_420563d963a0,1,True,True,NONE,NOT_FROZEN,NOT_FROZEN
H0193,HBG_90d3a22f0110,1,True,True,NONE,NOT_FROZEN,NOT_FROZEN
H0194,HBG_c16f4496c543,1,True,True,NONE,NOT_FROZEN,NOT_FROZEN
H0195,HBG_e0d6e55ad5bf,1,True,True,NONE,NOT_FROZEN,NOT_FROZEN
H0196,HBG_f9d436be5eb6,1,True,True,NONE,NOT_FROZEN,NOT_FROZEN
H0197,HBG_6553e94e6439,1,True,True,NONE,NOT_FROZEN,NOT_FROZEN
H0198,HBG_01a40ac6bac4,1,True,True,NONE,NOT_FROZEN,NOT_FROZEN
H0199,HBG_19043ee1548b,1,True,True,NONE,NOT_FROZEN,NOT_FROZEN
H0200,HBG_2309cdae6107,1,True,True,NONE,NOT_FROZEN,NOT_FROZEN
H0201,HBG_b1c4b983f881,1,True,True,NONE,NOT_FROZEN,NOT_FROZEN
H0202,HBG_c0339c840228,1,True,True,NONE,NOT_FROZEN,NOT_FROZEN
H0203,HBG_705aa08eafd2,1,True,True,NONE,NOT_FROZEN,NOT_FROZEN
H0204,HBG_079e3e8041d7,1,True,True,NONE,NOT_FROZEN,NOT_FROZEN
H0205,HBG_feaadf1ce0c5,1,True,True,NONE,NOT_FROZEN,NOT_FROZEN
H0206,HBG_6405fac782c5,1,True,True,NONE,NOT_FROZEN,NOT_FROZEN
H0207,HBG_e20aadaea247,1,True,True,NONE,NOT_FROZEN,NOT_FROZEN
H0208,HBG_d17d4a773a7a,1,True,True,NONE,NOT_FROZEN,NOT_FROZEN
H0209,HBG_6823de565549,1,True,True,NONE,NOT_FROZEN,NOT_FROZEN
H0210,HBG_61864423a13a,1,True,True,NONE,NOT_FROZEN,NOT_FROZEN
H0211,HBG_7eda6e11e566,1,True,True,NONE,NOT_FROZEN,NOT_FROZEN
H0212,HBG_efaa69ade0fa,1,True,True,NONE,NOT_FROZEN,NOT_FROZEN
H0213,HBG_a2e72632f694,1,True,True,NONE,NOT_FROZEN,NOT_FROZEN
H0214,HBG_d2dc72c4ebd0,1,True,True,NONE,NOT_FROZEN,NOT_FROZEN
H0215,HBG_50622f91509c,1,True,True,NONE,NOT_FROZEN,NOT_FROZEN
H0216,HBG_f765878bb205,1,True,True,NONE,NOT_FROZEN,NOT_FROZEN
H0217,HBG_bf3a5b2d1008,1,True,True,NONE,NOT_FROZEN,NOT_FROZEN
H0218,HBG_0e02cca3a84c,1,True,True,NONE,NOT_FROZEN,NOT_FROZEN
H0219,HBG_72d05b44c2e1,1,True,True,NONE,NOT_FROZEN,NOT_FROZEN
H0220,HBG_b0d9f45df402,1,True,True,NONE,NOT_FROZEN,NOT_FROZEN
H0221,HBG_c366c2e774ea,1,True,True,NONE,NOT_FROZEN,NOT_FROZEN
H0222,HBG_4b6264affd6a,1,True,True,NONE,NOT_FROZEN,NOT_FROZEN
H0223,HBG_8ca2b71438a2,1,True,True,NONE,NOT_FROZEN,NOT_FROZEN
H0224,HBG_ea9e07cb8c75,1,True,True,NONE,NOT_FROZEN,NOT_FROZEN
H0225,HBG_4e066a9410ca,1,True,True,NONE,NOT_FROZEN,NOT_FROZEN
H0226,HBG_e542d87db819,1,True,True,NONE,NOT_FROZEN,NOT_FROZEN
H0227,HBG_00e1946398f7,1,True,True,NONE,NOT_FROZEN,NOT_FROZEN
H0228,HBG_a780b4fb239b,1,True,True,NONE,NOT_FROZEN,NOT_FROZEN
H0229,HBG_ed09b82af626,1,True,True,NONE,NOT_FROZEN,NOT_FROZEN
H0230,HBG_209da42b4511,1,True,True,NONE,NOT_FROZEN,NOT_FROZEN
H0231,HBG_af4f7e6acedd,1,True,True,NONE,NOT_FROZEN,NOT_FROZEN
H0232,HBG_884101640b7c,1,True,True,NONE,NOT_FROZEN,NOT_FROZEN
H0233,HBG_00b7bc63c9b2,1,True,True,NONE,NOT_FROZEN,NOT_FROZEN
H0234,HBG_b0678a9f0bdc,1,True,True,NONE,NOT_FROZEN,NOT_FROZEN
H0235,HBG_b26c6f0227ce,1,True,True,NONE,NOT_FROZEN,NOT_FROZEN
H0236,HBG_8e6d7af57d47,1,True,True,NONE,NOT_FROZEN,NOT_FROZEN
H0237,HBG_77c8e78060fe,1,True,True,NONE,NOT_FROZEN,NOT_FROZEN
H0238,HBG_26b0c172a29c,1,True,True,NONE,NOT_FROZEN,NOT_FROZEN
H0239,HBG_8a2a893cbeb7,1,True,True,NONE,NOT_FROZEN,NOT_FROZEN
H0240,HBG_49396bc4a23a,1,True,True,NONE,NOT_FROZEN,NOT_FROZEN
H0241,HBG_8ca2861e6468,1,True,True,NONE,NOT_FROZEN,NOT_FROZEN
H0242,HBG_e4dfb575fbdc,1,True,True,NONE,NOT_FROZEN,NOT_FROZEN
H0243,HBG_8b3ba105a70a,1,True,True,NONE,NOT_FROZEN,NOT_FROZEN
H0244,HBG_3c0f1ae19e37,1,True,True,NONE,NOT_FROZEN,NOT_FROZEN
H0245,HBG_8afdbcffe25d,1,True,True,NONE,NOT_FROZEN,NOT_FROZEN
H0246,HBG_511d59f0d56f,1,True,True,NONE,NOT_FROZEN,NOT_FROZEN
H0247,HBG_01b5eececfe9,1,True,True,NONE,NOT_FROZEN,NOT_FROZEN
H0248,HBG_f4d16e1d45b9,1,True,True,NONE,NOT_FROZEN,NOT_FROZEN
H0249,HBG_ce5a5fca397d,1,True,True,NONE,NOT_FROZEN,NOT_FROZEN
H0250,HBG_b70df8604dde,1,True,True,NONE,NOT_FROZEN,NOT_FROZEN
H0251,HBG_f8d71c3e4fba,1,True,True,NONE,NOT_FROZEN,NOT_FROZEN
H0252,HBG_f74c7553e800,1,True,True,NONE,NOT_FROZEN,NOT_FROZEN
H0253,HBG_9f26e07c97cf,1,True,True,NONE,NOT_FROZEN,NOT_FROZEN
H0254,HBG_c80c6c782d4d,1,True,True,NONE,NOT_FROZEN,NOT_FROZEN
H0255,HBG_163f3d4f3449,1,True,True,NONE,NOT_FROZEN,NOT_FROZEN
H0256,HBG_f8f7cffcb7b7,1,True,True,NONE,NOT_FROZEN,NOT_FROZEN
H0257,HBG_900ce8f7b622,1,True,True,NONE,NOT_FROZEN,NOT_FROZEN
H0258,HBG_f3165ab95bee,1,True,True,NONE,NOT_FROZEN,NOT_FROZEN
H0259,HBG_581aa9fd9acc,1,True,True,NONE,NOT_FROZEN,NOT_FROZEN
H0260,HBG_a5cc93c3ffc4,1,True,True,NONE,NOT_FROZEN,NOT_FROZEN
H0261,HBG_6721d9b5f187,1,True,True,NONE,NOT_FROZEN,NOT_FROZEN
H0262,HBG_920c24a48119,1,True,True,NONE,NOT_FROZEN,NOT_FROZEN
H0263,HBG_1ce5fd0f7ac7,1,True,True,NONE,NOT_FROZEN,NOT_FROZEN
H0264,HBG_c36dd378b306,1,True,True,NONE,NOT_FROZEN,NOT_FROZEN
H0265,HBG_1efe23e9796e,1,True,True,NONE,NOT_FROZEN,NOT_FROZEN
H0266,HBG_fc34a4e05d4f,1,True,True,NONE,NOT_FROZEN,NOT_FROZEN
H0267,HBG_a6dfed9e0b3f,1,True,True,NONE,NOT_FROZEN,NOT_FROZEN
H0268,HBG_4463e70e3ec1,1,True,True,NONE,NOT_FROZEN,NOT_FROZEN
H0269,HBG_bf81ee4a0c18,1,True,True,NONE,NOT_FROZEN,NOT_FROZEN
H0270,HBG_9b3954115105,1,True,True,NONE,NOT_FROZEN,NOT_FROZEN
H0271,HBG_cd99dd844695,1,True,True,NONE,NOT_FROZEN,NOT_FROZEN
H0272,HBG_7fd94bf78162,1,True,True,NONE,NOT_FROZEN,NOT_FROZEN
H0273,HBG_d075aded01f1,1,True,True,NONE,NOT_FROZEN,NOT_FROZEN
H0274,HBG_d240e4462c44,1,True,True,NONE,NOT_FROZEN,NOT_FROZEN
H0275,HBG_d1fb95bc1560,1,True,True,NONE,NOT_FROZEN,NOT_FROZEN
H0276,HBG_c69bacbbeb14,1,True,True,NONE,NOT_FROZEN,NOT_FROZEN
H0277,HBG_2bee0e5fc310,1,True,True,NONE,NOT_FROZEN,NOT_FROZEN
H0278,HBG_a4281583c570,1,True,True,NONE,NOT_FROZEN,NOT_FROZEN
H0279,HBG_4ef581b59b1a,1,True,True,NONE,NOT_FROZEN,NOT_FROZEN
H0280,HBG_1e5dd67e7d47,1,True,True,NONE,NOT_FROZEN,NOT_FROZEN
H0281,HBG_2bd21d965cc3,1,True,True,NONE,NOT_FROZEN,NOT_FROZEN
H0282,HBG_3211c58460ae,1,True,True,NONE,NOT_FROZEN,NOT_FROZEN
H0283,HBG_bd318eebad02,1,True,True,NONE,NOT_FROZEN,NOT_FROZEN
H0284,HBG_bfb33f323b1c,1,True,True,NONE,NOT_FROZEN,NOT_FROZEN
H0285,HBG_98a9f3cee748,1,True,True,NONE,NOT_FROZEN,NOT_FROZEN
H0286,HBG_df0c3983c233,1,True,True,NONE,NOT_FROZEN,NOT_FROZEN
H0287,HBG_4c72d8df2496,1,True,True,NONE,NOT_FROZEN,NOT_FROZEN
H0288,HBG_16c77ada2c46,1,True,True,NONE,NOT_FROZEN,NOT_FROZEN
H0289,HBG_6b263d4971e5,1,True,True,NONE,NOT_FROZEN,NOT_FROZEN
H0290,HBG_9ab0d42c7d83,1,True,True,NONE,NOT_FROZEN,NOT_FROZEN
H0291,HBG_01974337c0b6,1,True,True,NONE,NOT_FROZEN,NOT_FROZEN
H0292,HBG_d97b1f9cd7b0,1,True,True,NONE,NOT_FROZEN,NOT_FROZEN
H0293,HBG_fbf5f1124e8a,1,True,True,NONE,NOT_FROZEN,NOT_FROZEN
H0294,HBG_7461a6e7847e,1,True,True,NONE,NOT_FROZEN,NOT_FROZEN
H0295,HBG_0b4d30887393,1,True,True,NONE,NOT_FROZEN,NOT_FROZEN
H0296,HBG_29d3e4101991,1,True,True,NONE,NOT_FROZEN,NOT_FROZEN
H0297,HBG_16be65383c64,1,True,True,NONE,NOT_FROZEN,NOT_FROZEN
H0298,HBG_da8da9310f57,1,True,True,NONE,NOT_FROZEN,NOT_FROZEN
H0299,HBG_3c1da4339656,1,True,True,NONE,NOT_FROZEN,NOT_FROZEN
H0300,HBG_a381ad3c58f1,1,True,True,NONE,NOT_FROZEN,NOT_FROZEN
H0301,HBG_2e62b1ce6e5f,1,True,True,NONE,NOT_FROZEN,NOT_FROZEN
H0302,HBG_5de5754c3f1f,1,True,True,NONE,NOT_FROZEN,NOT_FROZEN
H0303,HBG_f67555fc162e,1,True,True,NONE,NOT_FROZEN,NOT_FROZEN
H0304,HBG_eb1c72f24d30,1,True,True,NONE,NOT_FROZEN,NOT_FROZEN
H0305,HBG_5c8eab18e7bf,1,True,True,NONE,NOT_FROZEN,NOT_FROZEN
H0306,HBG_4de16f4a9be2,1,True,True,NONE,NOT_FROZEN,NOT_FROZEN
H0307,HBG_c236e9c8d6d8,1,True,True,NONE,NOT_FROZEN,NOT_FROZEN
H0308,HBG_a61f2937d841,1,True,True,NONE,NOT_FROZEN,NOT_FROZEN
H0309,HBG_6175dbb326c1,1,True,True,NONE,NOT_FROZEN,NOT_FROZEN
H0310,HBG_6c9251aeeed7,1,True,True,NONE,NOT_FROZEN,NOT_FROZEN
H0311,HBG_bcd59887a69a,1,True,True,NONE,NOT_FROZEN,NOT_FROZEN
H0312,HBG_7943b9185efe,1,True,True,NONE,NOT_FROZEN,NOT_FROZEN
H0313,HBG_f5e94faafa1b,1,True,True,NONE,NOT_FROZEN,NOT_FROZEN
H0314,HBG_d6835b166ae4,1,True,True,NONE,NOT_FROZEN,NOT_FROZEN
H0315,HBG_eb65279b0570,1,True,True,NONE,NOT_FROZEN,NOT_FROZEN
H0316,HBG_ff815a9e6f21,1,True,True,NONE,NOT_FROZEN,NOT_FROZEN
H0317,HBG_145cbe84d77d,1,True,True,NONE,NOT_FROZEN,NOT_FROZEN
H0318,HBG_655621d6c839,1,True,True,NONE,NOT_FROZEN,NOT_FROZEN
H0319,HBG_06fcbce280af,1,True,True,NONE,NOT_FROZEN,NOT_FROZEN
H0320,HBG_76ab73e9d098,1,True,True,NONE,NOT_FROZEN,NOT_FROZEN
H0321,HBG_1565a9dfb95a,1,True,True,NONE,NOT_FROZEN,NOT_FROZEN
H0322,HBG_2997b7d21ebb,1,True,True,NONE,NOT_FROZEN,NOT_FROZEN
H0323,HBG_7117d7453c1d,1,True,True,NONE,NOT_FROZEN,NOT_FROZEN
H0324,HBG_9bd26bdb9646,1,True,True,NONE,NOT_FROZEN,NOT_FROZEN
H0325,HBG_adca28b27935,1,True,True,NONE,NOT_FROZEN,NOT_FROZEN
H0326,HBG_3c8e24ce9ac8,1,True,True,NONE,NOT_FROZEN,NOT_FROZEN
H0327,HBG_87b38640a310,1,True,True,NONE,NOT_FROZEN,NOT_FROZEN
H0328,HBG_8c9c78e7e442,1,True,True,NONE,NOT_FROZEN,NOT_FROZEN
H0329,HBG_3b6489613bba,1,True,True,NONE,NOT_FROZEN,NOT_FROZEN
H0330,HBG_c475dcd83415,1,True,True,NONE,NOT_FROZEN,NOT_FROZEN
H0331,HBG_9adaa9d1af73,1,True,True,NONE,NOT_FROZEN,NOT_FROZEN
H0332,HBG_c747127375d9,1,True,True,NONE,NOT_FROZEN,NOT_FROZEN
H0333,HBG_0226177b6285,1,True,True,NONE,NOT_FROZEN,NOT_FROZEN
H0334,HBG_563f0b50dc29,1,True,True,NONE,NOT_FROZEN,NOT_FROZEN
H0335,HBG_3465f2194eb2,1,True,True,NONE,NOT_FROZEN,NOT_FROZEN
H0336,HBG_05c355e99122,1,True,True,NONE,NOT_FROZEN,NOT_FROZEN
H0337,HBG_41c6de794179,1,True,True,NONE,NOT_FROZEN,NOT_FROZEN
H0338,HBG_a486b6470890,1,True,True,NONE,NOT_FROZEN,NOT_FROZEN
H0339,HBG_02b0c6b80aab,1,True,True,NONE,NOT_FROZEN,NOT_FROZEN
H0340,HBG_bdf4876614af,1,True,True,NONE,NOT_FROZEN,NOT_FROZEN
H0341,HBG_5192e6ae665b,1,True,True,NONE,NOT_FROZEN,NOT_FROZEN
H0342,HBG_7209d401c96a,1,True,True,NONE,NOT_FROZEN,NOT_FROZEN
H0343,HBG_f9fb53beab0f,1,True,True,NONE,NOT_FROZEN,NOT_FROZEN
H0344,HBG_b49b85cd269c,1,True,True,NONE,NOT_FROZEN,NOT_FROZEN
H0345,HBG_040ab2801ceb,1,True,True,NONE,NOT_FROZEN,NOT_FROZEN
H0346,HBG_942f3bf3e55e,1,True,True,NONE,NOT_FROZEN,NOT_FROZEN
H0347,HBG_739c53630b6c,1,True,True,NONE,NOT_FROZEN,NOT_FROZEN
H0348,HBG_3fc25e135cd5,1,True,True,NONE,NOT_FROZEN,NOT_FROZEN
H0349,HBG_73bf5b5be2ab,1,True,True,NONE,NOT_FROZEN,NOT_FROZEN
H0350,HBG_a40375597c64,1,True,True,NONE,NOT_FROZEN,NOT_FROZEN
H0351,HBG_01a172d77d34,1,True,True,NONE,NOT_FROZEN,NOT_FROZEN
H0352,HBG_72c7f4d88cf6,1,True,True,NONE,NOT_FROZEN,NOT_FROZEN
H0354,HBG_77af7795e49a,1,True,True,NONE,NOT_FROZEN,NOT_FROZEN
H0355,HBG_bccb8369fc2f,1,True,True,NONE,NOT_FROZEN,NOT_FROZEN
H0356,HBG_0c407566f8d3,1,True,True,NONE,NOT_FROZEN,NOT_FROZEN
H0357,HBG_3988ecc3471b,1,True,True,NONE,NOT_FROZEN,NOT_FROZEN
H0358,HBG_da7b8a4ecec8,1,True,True,NONE,NOT_FROZEN,NOT_FROZEN
H0359,HBG_94302f97a0a6,1,True,True,NONE,NOT_FROZEN,NOT_FROZEN
H0360,HBG_d268971c3427,1,True,True,NONE,NOT_FROZEN,NOT_FROZEN
H0361,HBG_4b2044b419d9,1,True,True,NONE,NOT_FROZEN,NOT_FROZEN
H0362,HBG_102f866d9510,1,True,True,NONE,NOT_FROZEN,NOT_FROZEN
H0363,HBG_613a268e62ec,1,True,True,NONE,NOT_FROZEN,NOT_FROZEN
H0364,HBG_a1bb5bdc7c01,1,True,True,NONE,NOT_FROZEN,NOT_FROZEN
H0365,HBG_737645a52b5d,1,True,True,NONE,NOT_FROZEN,NOT_FROZEN
H0366,HBG_a8f64801f028,1,True,True,NONE,NOT_FROZEN,NOT_FROZEN
H0367,HBG_9ee4fc4396c5,1,True,True,NONE,NOT_FROZEN,NOT_FROZEN
H0368,HBG_f6c7bb006334,1,True,True,NONE,NOT_FROZEN,NOT_FROZEN
H0369,HBG_7e124b30f014,1,True,True,NONE,NOT_FROZEN,NOT_FROZEN
H0370,HBG_0337cf72ccba,1,True,True,NONE,NOT_FROZEN,NOT_FROZEN
H0371,HBG_725de1740352,1,True,True,NONE,NOT_FROZEN,NOT_FROZEN
H0372,HBG_11be7b052bde,1,True,True,NONE,NOT_FROZEN,NOT_FROZEN
H0373,HBG_a8bebef8a883,1,True,True,NONE,NOT_FROZEN,NOT_FROZEN
H0374,HBG_84f25d00d778,1,True,True,NONE,NOT_FROZEN,NOT_FROZEN
H0375,HBG_206b31263bac,1,True,True,NONE,NOT_FROZEN,NOT_FROZEN
H0376,HBG_12f5b18a1706,1,True,True,NONE,NOT_FROZEN,NOT_FROZEN
H0377,HBG_431a455112ad,1,True,True,NONE,NOT_FROZEN,NOT_FROZEN
H0378,HBG_ad35adcde207,1,True,True,NONE,NOT_FROZEN,NOT_FROZEN
H0379,HBG_03d1fa53466f,1,True,True,NONE,NOT_FROZEN,NOT_FROZEN
H0380,HBG_ff015d2d8efd,1,True,True,NONE,NOT_FROZEN,NOT_FROZEN
H0381,HBG_9fb1f5f48cda,1,True,True,NONE,NOT_FROZEN,NOT_FROZEN
H0382,HBG_cba1e9beee90,1,True,True,NONE,NOT_FROZEN,NOT_FROZEN
H0383,HBG_32801bbcd4a3,1,True,True,NONE,NOT_FROZEN,NOT_FROZEN
H0384,HBG_7cb31eb6e6dd,1,True,True,NONE,NOT_FROZEN,NOT_FROZEN
H0385,HBG_31e6caadeccb,1,True,True,NONE,NOT_FROZEN,NOT_FROZEN
H0386,HBG_46c024366d23,1,True,True,NONE,NOT_FROZEN,NOT_FROZEN
H0387,HBG_cd8b18a06035,1,True,True,NONE,NOT_FROZEN,NOT_FROZEN
H0388,HBG_3ae8e4e6377e,1,True,True,NONE,NOT_FROZEN,NOT_FROZEN
H0389,HBG_3c74bb83f1cb,1,True,True,NONE,NOT_FROZEN,NOT_FROZEN
H0390,HBG_f8788fb7b175,1,True,True,NONE,NOT_FROZEN,NOT_FROZEN
H0391,HBG_849dec518c11,1,True,True,NONE,NOT_FROZEN,NOT_FROZEN
H0392,HBG_e4e3fa2c37f0,1,True,True,NONE,NOT_FROZEN,NOT_FROZEN
H0393,HBG_743fd079145b,1,True,True,NONE,NOT_FROZEN,NOT_FROZEN
H0394,HBG_8aaec4e37329,1,True,True,NONE,NOT_FROZEN,NOT_FROZEN
H0395,HBG_3a7fcf7bb270,1,True,True,NONE,NOT_FROZEN,NOT_FROZEN
H0396,HBG_a91e1fec7687,1,True,True,NONE,NOT_FROZEN,NOT_FROZEN
H0397,HBG_f20b8c485d6b,1,True,True,NONE,NOT_FROZEN,NOT_FROZEN
H0398,HBG_bcd5390bc381,1,True,True,NONE,NOT_FROZEN,NOT_FROZEN
H0399,HBG_f23bba8b852a,1,True,True,NONE,NOT_FROZEN,NOT_FROZEN
H0400,HBG_7764976a37fb,1,True,True,NONE,NOT_FROZEN,NOT_FROZEN
H0401,HBG_909570e05923,1,True,True,NONE,NOT_FROZEN,NOT_FROZEN
H0402,HBG_bd4b25967b4b,1,True,True,NONE,NOT_FROZEN,NOT_FROZEN
H0403,HBG_e882399dd95e,1,True,True,NONE,NOT_FROZEN,NOT_FROZEN
H0404,HBG_86329f498db3,1,True,True,NONE,NOT_FROZEN,NOT_FROZEN
H0405,HBG_d2a8bfb99e70,1,True,True,NONE,NOT_FROZEN,NOT_FROZEN
H0406,HBG_1527ed3e5cf7,1,True,True,NONE,NOT_FROZEN,NOT_FROZEN
H0407,HBG_41ff31516a48,1,True,True,NONE,NOT_FROZEN,NOT_FROZEN
H0408,HBG_eb5d5cd7bb24,1,True,True,NONE,NOT_FROZEN,NOT_FROZEN
H0409,HBG_f656f12978f8,1,True,True,NONE,NOT_FROZEN,NOT_FROZEN
H0410,HBG_ee6dc6e190af,1,True,True,NONE,NOT_FROZEN,NOT_FROZEN
H0411,HBG_20e0deba1ee8,1,True,True,NONE,NOT_FROZEN,NOT_FROZEN
H0412,HBG_4fd233106f07,1,True,True,NONE,NOT_FROZEN,NOT_FROZEN
H0413,HBG_92557418b1f2,1,True,True,NONE,NOT_FROZEN,NOT_FROZEN
H0414,HBG_c61d4fb07bdc,1,True,True,NONE,NOT_FROZEN,NOT_FROZEN
H0415,HBG_6cd1c353b429,1,True,True,NONE,NOT_FROZEN,NOT_FROZEN
H0416,HBG_46d8e0a3476a,1,True,True,NONE,NOT_FROZEN,NOT_FROZEN
H0417,HBG_5f4a74286192,1,True,True,NONE,NOT_FROZEN,NOT_FROZEN
H0418,HBG_b0389b60c7cc,1,True,True,NONE,NOT_FROZEN,NOT_FROZEN
H0419,HBG_1f742c6c4504,1,True,True,NONE,NOT_FROZEN,NOT_FROZEN
H0420,HBG_a85b8bcdccf5,1,True,True,NONE,NOT_FROZEN,NOT_FROZEN
H0421,HBG_ad3d69b56aaf,1,True,True,NONE,NOT_FROZEN,NOT_FROZEN
H0422,HBG_0bc5edc2c38a,1,True,True,NONE,NOT_FROZEN,NOT_FROZEN
H0423,HBG_92d3c4803cda,1,True,True,NONE,NOT_FROZEN,NOT_FROZEN
H0424,HBG_7d7fab4baf49,1,True,True,NONE,NOT_FROZEN,NOT_FROZEN
H0425,HBG_aff57715880c,1,True,True,NONE,NOT_FROZEN,NOT_FROZEN
H0426,HBG_823153db7e34,1,True,True,NONE,NOT_FROZEN,NOT_FROZEN
H0427,HBG_25da2b02ff3e,1,True,True,NONE,NOT_FROZEN,NOT_FROZEN
H0428,HBG_fdf3358da778,1,True,True,NONE,NOT_FROZEN,NOT_FROZEN
H0429,HBG_51d75d8d605c,1,True,True,NONE,NOT_FROZEN,NOT_FROZEN
H0430,HBG_d85912756249,1,True,True,NONE,NOT_FROZEN,NOT_FROZEN
H0431,HBG_0592e812a8ef,1,True,True,NONE,NOT_FROZEN,NOT_FROZEN
H0432,HBG_07030dbe09ab,1,True,True,NONE,NOT_FROZEN,NOT_FROZEN
H0433,HBG_31e01e152e9c,1,True,True,NONE,NOT_FROZEN,NOT_FROZEN
H0434,HBG_d1fe53c4029c,1,True,True,NONE,NOT_FROZEN,NOT_FROZEN
H0435,HBG_d34569f0d353,1,True,True,NONE,NOT_FROZEN,NOT_FROZEN
H0436,HBG_3229740c3e1c,1,True,True,NONE,NOT_FROZEN,NOT_FROZEN
H0437,HBG_332ffc56d3f3,1,True,True,NONE,NOT_FROZEN,NOT_FROZEN
H0438,HBG_50f90142bd0c,1,True,True,NONE,NOT_FROZEN,NOT_FROZEN
H0439,HBG_51e8da35a2f4,1,True,True,NONE,NOT_FROZEN,NOT_FROZEN
H0440,HBG_9361e82c8d15,1,True,True,NONE,NOT_FROZEN,NOT_FROZEN
H0441,HBG_f036083179c7,1,True,True,NONE,NOT_FROZEN,NOT_FROZEN
H0442,HBG_bba4ca5eed61,1,True,True,NONE,NOT_FROZEN,NOT_FROZEN
H0443,HBG_372c6bc45d29,1,True,True,NONE,NOT_FROZEN,NOT_FROZEN
H0444,HBG_bff3511f2607,1,True,True,NONE,NOT_FROZEN,NOT_FROZEN
H0445,HBG_16e872d84c4d,1,True,True,NONE,NOT_FROZEN,NOT_FROZEN
H0446,HBG_6cd56a48988c,1,True,True,NONE,NOT_FROZEN,NOT_FROZEN
H0447,HBG_e30901576d76,1,True,True,NONE,NOT_FROZEN,NOT_FROZEN
H0448,HBG_092d6bd8b0c6,1,True,True,NONE,NOT_FROZEN,NOT_FROZEN
H0449,HBG_407d7a777fb2,1,True,True,NONE,NOT_FROZEN,NOT_FROZEN
H0450,HBG_b8f07f9b5361,1,True,True,NONE,NOT_FROZEN,NOT_FROZEN
H0451,HBG_8d5d9ba827aa,1,True,True,NONE,NOT_FROZEN,NOT_FROZEN
H0452,HBG_03c79ad1832e,1,True,True,NONE,NOT_FROZEN,NOT_FROZEN
H0453,HBG_4b20af09e6b6,1,True,True,NONE,NOT_FROZEN,NOT_FROZEN
H0454,HBG_728d734c1e21,1,True,True,NONE,NOT_FROZEN,NOT_FROZEN
H0455,HBG_9a10ee7741bc,1,True,True,NONE,NOT_FROZEN,NOT_FROZEN
H0456,HBG_bb40b3396517,1,True,True,NONE,NOT_FROZEN,NOT_FROZEN
H0457,HBG_9c1f1cdb89ad,1,True,True,NONE,NOT_FROZEN,NOT_FROZEN
H0458,HBG_a0fc5f841749,1,True,True,NONE,NOT_FROZEN,NOT_FROZEN
H0459,HBG_842c0e3c415e,1,True,True,NONE,NOT_FROZEN,NOT_FROZEN
H0461,HBG_c1ed9c7c10c6,1,True,True,NONE,NOT_FROZEN,NOT_FROZEN
H0462,HBG_ecb63d3918a2,1,True,True,NONE,NOT_FROZEN,NOT_FROZEN
H0463,HBG_53425b025aa7,1,True,True,NONE,NOT_FROZEN,NOT_FROZEN
H0464,HBG_fac46ccd943f,1,True,True,NONE,NOT_FROZEN,NOT_FROZEN
H0465,HBG_b620f75510c9,1,True,True,NONE,NOT_FROZEN,NOT_FROZEN
H0466,HBG_80c3c15bf679,1,True,True,NONE,NOT_FROZEN,NOT_FROZEN
H0467,HBG_e9f226072a24,1,True,True,NONE,NOT_FROZEN,NOT_FROZEN
H0468,HBG_82cc07821380,1,True,True,NONE,NOT_FROZEN,NOT_FROZEN
H0469,HBG_b8e8026327a6,1,True,True,NONE,NOT_FROZEN,NOT_FROZEN
H0470,HBG_580a9571d1e9,1,True,True,NONE,NOT_FROZEN,NOT_FROZEN
H0471,HBG_02f6e3c66dff,1,True,True,NONE,NOT_FROZEN,NOT_FROZEN
H0472,HBG_a4ba50bb638f,1,True,True,NONE,NOT_FROZEN,NOT_FROZEN
H0473,HBG_094050e2750c,1,True,True,NONE,NOT_FROZEN,NOT_FROZEN
H0474,HBG_40e11207ddf1,1,True,True,NONE,NOT_FROZEN,NOT_FROZEN
H0475,HBG_cf876a733bad,1,True,True,NONE,NOT_FROZEN,NOT_FROZEN
H0476,HBG_9d61c55e1537,1,True,True,NONE,NOT_FROZEN,NOT_FROZEN
H0477,HBG_bcdc9fa15163,1,True,True,NONE,NOT_FROZEN,NOT_FROZEN
H0478,HBG_b0c50c688ada,1,True,True,NONE,NOT_FROZEN,NOT_FROZEN
H0479,HBG_9f1a27cb03ff,1,True,True,NONE,NOT_FROZEN,NOT_FROZEN
H0480,HBG_e73ec81b4d5e,1,True,True,NONE,NOT_FROZEN,NOT_FROZEN
H0481,HBG_939836d767b6,1,True,True,NONE,NOT_FROZEN,NOT_FROZEN
H0482,HBG_014b20d392a8,1,True,True,NONE,NOT_FROZEN,NOT_FROZEN
H0483,HBG_d3e18ca25c15,1,True,True,NONE,NOT_FROZEN,NOT_FROZEN
H0484,HBG_09387d1f9b83,1,True,True,NONE,NOT_FROZEN,NOT_FROZEN
H0485,HBG_42ab0e175cbf,1,True,True,NONE,NOT_FROZEN,NOT_FROZEN
H0486,HBG_77707dcb9dc1,1,True,True,NONE,NOT_FROZEN,NOT_FROZEN
H0487,HBG_214a2b0e4ee2,1,True,True,NONE,NOT_FROZEN,NOT_FROZEN
H0488,HBG_df482f4f6e2e,1,True,True,NONE,NOT_FROZEN,NOT_FROZEN
H0489,HBG_62c8b2fe3a9f,1,True,True,NONE,NOT_FROZEN,NOT_FROZEN
H0490,HBG_f6dbab37ada3,1,True,True,NONE,NOT_FROZEN,NOT_FROZEN
H0491,HBG_2be67737c1dd,1,True,True,NONE,NOT_FROZEN,NOT_FROZEN
H0492,HBG_9ad3b39a3b55,1,True,True,NONE,NOT_FROZEN,NOT_FROZEN
H0493,HBG_75bb877d0098,1,True,True,NONE,NOT_FROZEN,NOT_FROZEN
H0494,HBG_db056a0f1b07,1,True,True,NONE,NOT_FROZEN,NOT_FROZEN
H0495,HBG_6a17c790c715,1,True,True,NONE,NOT_FROZEN,NOT_FROZEN
H0496,HBG_b2ddf3539832,1,True,True,NONE,NOT_FROZEN,NOT_FROZEN
H0497,HBG_288e15a18005,1,True,True,NONE,NOT_FROZEN,NOT_FROZEN
H0498,HBG_e2cd1b53937d,1,True,True,NONE,NOT_FROZEN,NOT_FROZEN
H0499,HBG_f26a50092aab,1,True,True,NONE,NOT_FROZEN,NOT_FROZEN
H0500,HBG_66980c98ddf8,1,True,True,NONE,NOT_FROZEN,NOT_FROZEN
H0501,HBG_c5ce84655028,1,True,True,NONE,NOT_FROZEN,NOT_FROZEN
H0502,HBG_c9877303a06b,1,True,True,NONE,NOT_FROZEN,NOT_FROZEN
H0503,HBG_19ff9cedb22a,1,True,True,NONE,NOT_FROZEN,NOT_FROZEN
H0504,HBG_3e55ef64a56b,1,True,True,NONE,NOT_FROZEN,NOT_FROZEN
H0505,HBG_f7e1154b55f8,1,True,True,NONE,NOT_FROZEN,NOT_FROZEN
H0506,HBG_f88093f8a65a,1,True,True,NONE,NOT_FROZEN,NOT_FROZEN
H0507,HBG_98d42316ab29,1,True,True,NONE,NOT_FROZEN,NOT_FROZEN
H0508,HBG_58bc45f877d8,1,True,True,NONE,NOT_FROZEN,NOT_FROZEN
H0509,HBG_e6cbc7d37253,1,True,True,NONE,NOT_FROZEN,NOT_FROZEN
H0510,HBG_ce071ac58d54,1,True,True,NONE,NOT_FROZEN,NOT_FROZEN
H0511,HBG_c22f9f43eb1c,1,True,True,NONE,NOT_FROZEN,NOT_FROZEN
H0512,HBG_08eccae4b698,1,True,True,NONE,NOT_FROZEN,NOT_FROZEN
H0513,HBG_33124f72760c,1,True,True,NONE,NOT_FROZEN,NOT_FROZEN
H0514,HBG_74d8207082ee,1,True,True,NONE,NOT_FROZEN,NOT_FROZEN
H0515,HBG_0d0b3964d24d,1,True,True,NONE,NOT_FROZEN,NOT_FROZEN
H0516,HBG_7af48edb2110,1,True,True,NONE,NOT_FROZEN,NOT_FROZEN
H0517,HBG_85859628bdf9,1,True,True,NONE,NOT_FROZEN,NOT_FROZEN
H0518,HBG_199a887e157d,1,True,True,NONE,NOT_FROZEN,NOT_FROZEN
H0519,HBG_e85051cb2ae6,1,True,True,NONE,NOT_FROZEN,NOT_FROZEN
H0520,HBG_940f34a54c52,1,True,True,NONE,NOT_FROZEN,NOT_FROZEN
H0521,HBG_48e2c9cf7a3d,1,True,True,NONE,NOT_FROZEN,NOT_FROZEN
H0522,HBG_a7a6a3a0d545,1,True,True,NONE,NOT_FROZEN,NOT_FROZEN
H0523,HBG_af5ef696bb03,1,True,True,NONE,NOT_FROZEN,NOT_FROZEN
H0524,HBG_633d2a0f9abe,1,True,True,NONE,NOT_FROZEN,NOT_FROZEN
H0525,HBG_0a5090eb5c4b,1,True,True,NONE,NOT_FROZEN,NOT_FROZEN
H0526,HBG_29d2b80aba5b,1,True,True,NONE,NOT_FROZEN,NOT_FROZEN
H0527,HBG_41264269783d,1,True,True,NONE,NOT_FROZEN,NOT_FROZEN
H0528,HBG_8035806c0c6b,1,True,True,NONE,NOT_FROZEN,NOT_FROZEN
H0529,HBG_c71cee121365,1,True,True,NONE,NOT_FROZEN,NOT_FROZEN
H0530,HBG_64e8fef04ed7,1,True,True,NONE,NOT_FROZEN,NOT_FROZEN
H0531,HBG_c2e4205519f8,1,True,True,NONE,NOT_FROZEN,NOT_FROZEN
H0532,HBG_8206fc145eb5,1,True,True,NONE,NOT_FROZEN,NOT_FROZEN
H0533,HBG_14b29dc5cab4,1,True,True,NONE,NOT_FROZEN,NOT_FROZEN
H0534,HBG_df7822531bbe,1,True,True,NONE,NOT_FROZEN,NOT_FROZEN
H0535,HBG_9d5b1b00dbaf,1,True,True,NONE,NOT_FROZEN,NOT_FROZEN
H0536,HBG_ca5a856d831c,1,True,True,NONE,NOT_FROZEN,NOT_FROZEN
H0537,HBG_09ca0f434d77,1,True,True,NONE,NOT_FROZEN,NOT_FROZEN
H0538,HBG_c97a1c5e436e,1,True,True,NONE,NOT_FROZEN,NOT_FROZEN
H0539,HBG_f0c540dd172a,1,True,True,NONE,NOT_FROZEN,NOT_FROZEN
H0540,HBG_e4a99b40a797,1,True,True,NONE,NOT_FROZEN,NOT_FROZEN
H0541,HBG_c3261028a132,1,True,True,NONE,NOT_FROZEN,NOT_FROZEN
H0542,HBG_4f237b4b2c0b,1,True,True,NONE,NOT_FROZEN,NOT_FROZEN
H0543,HBG_7bc9d33885e4,1,True,True,NONE,NOT_FROZEN,NOT_FROZEN
H0544,HBG_35ffc36a4986,1,True,True,NONE,NOT_FROZEN,NOT_FROZEN
H0545,HBG_bb2532c4f1b2,1,True,True,NONE,NOT_FROZEN,NOT_FROZEN
H0546,HBG_bc9564d1d603,1,True,True,NONE,NOT_FROZEN,NOT_FROZEN
H0547,HBG_25bed7adce8f,1,True,True,NONE,NOT_FROZEN,NOT_FROZEN
H0548,HBG_3272252af6a7,1,True,True,NONE,NOT_FROZEN,NOT_FROZEN
H0549,HBG_fa68a3596d7f,1,True,True,NONE,NOT_FROZEN,NOT_FROZEN
H0550,HBG_b54a275b51ec,1,True,True,NONE,NOT_FROZEN,NOT_FROZEN
H0551,HBG_844c23e65fb2,1,True,True,NONE,NOT_FROZEN,NOT_FROZEN
H0552,HBG_88084b3b7533,1,True,True,NONE,NOT_FROZEN,NOT_FROZEN
H0553,HBG_3e4039eccfd4,1,True,True,NONE,NOT_FROZEN,NOT_FROZEN
H0554,HBG_9fdf0d9304a9,1,True,True,NONE,NOT_FROZEN,NOT_FROZEN
H0555,HBG_ce178ca9305f,1,True,True,NONE,NOT_FROZEN,NOT_FROZEN
H0556,HBG_a4a9a348956c,1,True,True,NONE,NOT_FROZEN,NOT_FROZEN
H0557,HBG_2b828a106771,1,True,True,NONE,NOT_FROZEN,NOT_FROZEN
H0558,HBG_e8713f65724b,1,True,True,NONE,NOT_FROZEN,NOT_FROZEN
H0559,HBG_d4ef955c829a,1,True,True,NONE,NOT_FROZEN,NOT_FROZEN
H0560,HBG_c5a8ee5a5a11,1,True,True,NONE,NOT_FROZEN,NOT_FROZEN
H0561,HBG_c8d5d23cb744,1,True,True,NONE,NOT_FROZEN,NOT_FROZEN
H0562,HBG_4db937417cb6,1,True,True,NONE,NOT_FROZEN,NOT_FROZEN
H0563,HBG_e0002583e40e,1,True,True,NONE,NOT_FROZEN,NOT_FROZEN
H0564,HBG_7c4030de8198,1,True,True,NONE,NOT_FROZEN,NOT_FROZEN
H0565,HBG_5e8d987276f1,1,True,True,NONE,NOT_FROZEN,NOT_FROZEN
H0566,HBG_389f3a2a2bee,1,True,True,NONE,NOT_FROZEN,NOT_FROZEN
H0567,HBG_dd5219cae731,1,True,True,NONE,NOT_FROZEN,NOT_FROZEN
H0568,HBG_07b0c21c7913,1,True,True,NONE,NOT_FROZEN,NOT_FROZEN
H0569,HBG_081e3e678ec4,1,True,True,NONE,NOT_FROZEN,NOT_FROZEN
H0570,HBG_bb14f11f09b3,1,True,True,NONE,NOT_FROZEN,NOT_FROZEN
H0571,HBG_34fa7d9b11fb,1,True,True,NONE,NOT_FROZEN,NOT_FROZEN
H0572,HBG_e5cd3a5f157d,1,True,True,NONE,NOT_FROZEN,NOT_FROZEN
H0573,HBG_fe988ef286ae,1,True,True,NONE,NOT_FROZEN,NOT_FROZEN
H0574,HBG_b04dc0035444,1,True,True,NONE,NOT_FROZEN,NOT_FROZEN
H0575,HBG_4548ac75d7b4,1,True,True,NONE,NOT_FROZEN,NOT_FROZEN
H0576,HBG_c294b861c230,1,True,True,NONE,NOT_FROZEN,NOT_FROZEN
H0577,HBG_e14a4d648c53,1,True,True,NONE,NOT_FROZEN,NOT_FROZEN
H0578,HBG_8711842e3f4e,1,True,True,NONE,NOT_FROZEN,NOT_FROZEN
H0579,HBG_c6ce20955e35,1,True,True,NONE,NOT_FROZEN,NOT_FROZEN
H0580,HBG_fbcf4eab591b,3,False,True,NONE,NOT_FROZEN,NOT_FROZEN
H0581,HBG_fbcf4eab591b,3,False,True,NONE,NOT_FROZEN,NOT_FROZEN
H0582,HBG_da6b646a90bc,1,True,True,NONE,NOT_FROZEN,NOT_FROZEN
H0583,HBG_fbcf4eab591b,3,False,True,NONE,NOT_FROZEN,NOT_FROZEN
H0584,HBG_9fde26f6e7c1,2,False,True,NONE,NOT_FROZEN,NOT_FROZEN
H0585,HBG_9a29e1334a62,3,False,True,NONE,NOT_FROZEN,NOT_FROZEN
H0586,HBG_c93376fdd4f4,2,False,True,NONE,NOT_FROZEN,NOT_FROZEN
H0587,HBG_c93376fdd4f4,2,False,True,NONE,NOT_FROZEN,NOT_FROZEN
H0588,HBG_eb45a6a5bba1,1,True,True,NONE,NOT_FROZEN,NOT_FROZEN
H0589,HBG_8018479382da,1,True,True,NONE,NOT_FROZEN,NOT_FROZEN
H0590,HBG_8f7b1fcc65a2,2,False,True,NONE,NOT_FROZEN,NOT_FROZEN
H0591,HBG_747ee4596665,1,True,True,NONE,NOT_FROZEN,NOT_FROZEN
H0592,HBG_8f7b1fcc65a2,2,False,True,NONE,NOT_FROZEN,NOT_FROZEN
H0593,HBG_08254f17ca2d,1,True,True,NONE,NOT_FROZEN,NOT_FROZEN
H0594,HBG_51a5cb53dae6,1,True,True,NONE,NOT_FROZEN,NOT_FROZEN
H0595,HBG_6d6823fd90b5,1,True,True,NONE,NOT_FROZEN,NOT_FROZEN
H0596,HBG_9d1e0e7e59c2,1,True,True,NONE,NOT_FROZEN,NOT_FROZEN
H0597,HBG_9fde26f6e7c1,2,False,True,NONE,NOT_FROZEN,NOT_FROZEN
H0598,HBG_32aaba810db6,3,False,True,NONE,NOT_FROZEN,NOT_FROZEN
H0599,HBG_32aaba810db6,3,False,True,NONE,NOT_FROZEN,NOT_FROZEN
H0600,HBG_32aaba810db6,3,False,True,NONE,NOT_FROZEN,NOT_FROZEN
H0601,HBG_6bf526c7746c,3,False,True,NONE,NOT_FROZEN,NOT_FROZEN
H0602,HBG_6bf526c7746c,3,False,True,NONE,NOT_FROZEN,NOT_FROZEN
H0603,HBG_01280f0541a1,1,True,True,NONE,NOT_FROZEN,NOT_FROZEN
H0604,HBG_f1a3ccbac25c,1,True,True,NONE,NOT_FROZEN,NOT_FROZEN
H0605,HBG_17e0687d24b6,5,False,True,NONE,NOT_FROZEN,NOT_FROZEN
H0606,HBG_17e0687d24b6,5,False,True,NONE,NOT_FROZEN,NOT_FROZEN
H0607,HBG_17e0687d24b6,5,False,True,NONE,NOT_FROZEN,NOT_FROZEN
H0608,HBG_17e0687d24b6,5,False,True,NONE,NOT_FROZEN,NOT_FROZEN
H0609,HBG_17e0687d24b6,5,False,True,NONE,NOT_FROZEN,NOT_FROZEN
H0610,HBG_d08a8346fd87,1,True,True,NONE,NOT_FROZEN,NOT_FROZEN
H0611,HBG_bc5cd7b0cd65,1,True,True,NONE,NOT_FROZEN,NOT_FROZEN
H0612,HBG_4aa7f6bd737f,1,True,True,NONE,NOT_FROZEN,NOT_FROZEN
H0613,HBG_98a6f5465bda,1,True,True,NONE,NOT_FROZEN,NOT_FROZEN
H0614,HBG_00cf0ff0d299,1,True,True,NONE,NOT_FROZEN,NOT_FROZEN
H0615,HBG_f87bca8aa9da,1,True,True,NONE,NOT_FROZEN,NOT_FROZEN
H0616,HBG_db1d114655ba,1,True,True,NONE,NOT_FROZEN,NOT_FROZEN
H0617,HBG_f6209911ce1f,1,True,True,NONE,NOT_FROZEN,NOT_FROZEN
H0618,HBG_0be7d9e6c975,1,True,True,NONE,NOT_FROZEN,NOT_FROZEN
H0619,HBG_67a4ca9c3dec,1,True,True,NONE,NOT_FROZEN,NOT_FROZEN
H0620,HBG_b65a8b6c40d9,1,True,True,NONE,NOT_FROZEN,NOT_FROZEN
H0621,HBG_b017c2b62f4b,1,True,True,NONE,NOT_FROZEN,NOT_FROZEN
H0622,HBG_e9f08ce953e9,1,True,True,NONE,NOT_FROZEN,NOT_FROZEN
H0623,HBG_d7033349bbe5,1,True,True,NONE,NOT_FROZEN,NOT_FROZEN
H0624,HBG_1b8c1875da4c,2,False,True,NONE,NOT_FROZEN,NOT_FROZEN
H0625,HBG_b333db010a78,1,True,True,NONE,NOT_FROZEN,NOT_FROZEN
H0626,HBG_79a71bcd645c,1,True,True,NONE,NOT_FROZEN,NOT_FROZEN
H0627,HBG_0c3767419c38,1,True,True,NONE,NOT_FROZEN,NOT_FROZEN
H0628,HBG_c57f4279183d,1,True,True,NONE,NOT_FROZEN,NOT_FROZEN
H0629,HBG_507e5adc452e,1,True,True,NONE,NOT_FROZEN,NOT_FROZEN
H0630,HBG_f4d8dce6e702,1,True,True,NONE,NOT_FROZEN,NOT_FROZEN
H0631,HBG_84dff7648550,1,True,True,NONE,NOT_FROZEN,NOT_FROZEN
H0632,HBG_e84e64aee72a,1,True,True,NONE,NOT_FROZEN,NOT_FROZEN
H0633,HBG_30ea05e068aa,1,True,True,NONE,NOT_FROZEN,NOT_FROZEN
H0634,HBG_7193e93a12cb,2,False,True,NONE,NOT_FROZEN,NOT_FROZEN
H0635,HBG_7193e93a12cb,2,False,True,NONE,NOT_FROZEN,NOT_FROZEN
H0636,HBG_a401f7ece236,1,True,True,NONE,NOT_FROZEN,NOT_FROZEN
H0637,HBG_fffa0acae2cb,2,False,True,NONE,NOT_FROZEN,NOT_FROZEN
H0638,HBG_a30fde5af80d,1,True,True,NONE,NOT_FROZEN,NOT_FROZEN
H0639,HBG_a156021a5b2c,1,True,True,NONE,NOT_FROZEN,NOT_FROZEN
H0640,HBG_3baa0b8af928,1,True,True,NONE,NOT_FROZEN,NOT_FROZEN
H0641,HBG_1f421def47a3,1,True,True,NONE,NOT_FROZEN,NOT_FROZEN
H0642,HBG_fd4c175e97d0,1,True,True,NONE,NOT_FROZEN,NOT_FROZEN
H0643,HBG_f3f13e6e1be1,1,True,True,NONE,NOT_FROZEN,NOT_FROZEN
H0644,HBG_c1bfd2fd9872,1,True,True,NONE,NOT_FROZEN,NOT_FROZEN
H0645,HBG_bf0d6a06d1f8,1,True,True,NONE,NOT_FROZEN,NOT_FROZEN
H0646,HBG_3f503109dfd4,1,True,True,NONE,NOT_FROZEN,NOT_FROZEN
H0647,HBG_28b26b19c3e6,2,False,True,NONE,NOT_FROZEN,NOT_FROZEN
H0648,HBG_5bc9543182ec,2,False,True,NONE,NOT_FROZEN,NOT_FROZEN
H0649,HBG_5bc9543182ec,2,False,True,NONE,NOT_FROZEN,NOT_FROZEN
H0650,HBG_b0968ba6c3b1,4,False,True,NONE,NOT_FROZEN,NOT_FROZEN
H0651,HBG_c2ee1a3368d3,2,False,True,NONE,NOT_FROZEN,NOT_FROZEN
H0652,HBG_c2ee1a3368d3,2,False,True,NONE,NOT_FROZEN,NOT_FROZEN
H0653,HBG_a12f576b905f,1,True,True,NONE,NOT_FROZEN,NOT_FROZEN
H0654,HBG_0d75e84c8cdd,1,True,True,NONE,NOT_FROZEN,NOT_FROZEN
H0655,HBG_b96180b40a83,1,True,True,NONE,NOT_FROZEN,NOT_FROZEN
H0656,HBG_9d30fa71cd8e,1,True,True,NONE,NOT_FROZEN,NOT_FROZEN
H0657,HBG_35ea648b06d0,1,True,True,NONE,NOT_FROZEN,NOT_FROZEN
H0658,HBG_43e14141a333,2,False,True,NONE,NOT_FROZEN,NOT_FROZEN
H0659,HBG_b0968ba6c3b1,4,False,True,NONE,NOT_FROZEN,NOT_FROZEN
H0660,HBG_7ecce4367dd5,1,True,True,NONE,NOT_FROZEN,NOT_FROZEN
H0661,HBG_27a287071d6b,1,True,True,NONE,NOT_FROZEN,NOT_FROZEN
H0662,HBG_e946ed2a81b3,1,True,True,NONE,NOT_FROZEN,NOT_FROZEN
H0663,HBG_4434169d63ef,1,True,True,NONE,NOT_FROZEN,NOT_FROZEN
H0664,HBG_ab4ae2581394,1,True,True,NONE,NOT_FROZEN,NOT_FROZEN
H0665,HBG_b0968ba6c3b1,4,False,True,NONE,NOT_FROZEN,NOT_FROZEN
H0666,HBG_967697e956c2,2,False,True,NONE,NOT_FROZEN,NOT_FROZEN
H0667,HBG_a8bfad9364eb,2,False,True,NONE,NOT_FROZEN,NOT_FROZEN
H0668,HBG_1c7a88bf329e,1,True,True,NONE,NOT_FROZEN,NOT_FROZEN
H0669,HBG_67853cc36d52,1,True,True,NONE,NOT_FROZEN,NOT_FROZEN
H0670,HBG_5d92b31c69fe,1,True,True,NONE,NOT_FROZEN,NOT_FROZEN
H0671,HBG_38943549616b,2,False,True,NONE,NOT_FROZEN,NOT_FROZEN
H0672,HBG_ee92b63d5e13,1,True,True,NONE,NOT_FROZEN,NOT_FROZEN
H0673,HBG_fb73341b109a,1,True,True,NONE,NOT_FROZEN,NOT_FROZEN
H0674,HBG_f2c821eb8699,4,False,True,NONE,NOT_FROZEN,NOT_FROZEN
H0675,HBG_f2c821eb8699,4,False,True,NONE,NOT_FROZEN,NOT_FROZEN
H0676,HBG_f2c821eb8699,4,False,True,NONE,NOT_FROZEN,NOT_FROZEN
H0677,HBG_829d47387bff,2,False,True,NONE,NOT_FROZEN,NOT_FROZEN
H0678,HBG_f2c821eb8699,4,False,True,NONE,NOT_FROZEN,NOT_FROZEN
H0679,HBG_bb8a0a88cbe8,1,True,True,NONE,NOT_FROZEN,NOT_FROZEN
H0680,HBG_5ef6a3caed67,2,False,True,NONE,NOT_FROZEN,NOT_FROZEN
H0681,HBG_5ef6a3caed67,2,False,True,NONE,NOT_FROZEN,NOT_FROZEN
H0682,HBG_ef58b94c11ae,7,False,True,NONE,NOT_FROZEN,NOT_FROZEN
H0683,HBG_0334116fede0,1,True,True,NONE,NOT_FROZEN,NOT_FROZEN
H0684,HBG_dde3b4d66cdf,1,True,True,NONE,NOT_FROZEN,NOT_FROZEN
H0685,HBG_5e9c38c57c16,1,True,True,NONE,NOT_FROZEN,NOT_FROZEN
H0686,HBG_beb7281626fa,1,True,True,NONE,NOT_FROZEN,NOT_FROZEN
H0687,HBG_aa103c698008,3,False,True,NONE,NOT_FROZEN,NOT_FROZEN
H0688,HBG_be975cb58574,2,False,True,NONE,NOT_FROZEN,NOT_FROZEN
H0689,HBG_41def223e543,1,True,True,NONE,NOT_FROZEN,NOT_FROZEN
H0690,HBG_eeacfade17e8,1,True,True,NONE,NOT_FROZEN,NOT_FROZEN
H0691,HBG_33420a4f35bf,1,True,True,NONE,NOT_FROZEN,NOT_FROZEN
H0692,HBG_b017cb17f084,1,True,True,ENGLISH_FIELD_DISABLED,NOT_FROZEN,NOT_FROZEN
H0693,HBG_8cd7e4b65ebf,1,True,True,NONE,NOT_FROZEN,NOT_FROZEN
H0694,HBG_6b33db510100,1,True,True,NONE,NOT_FROZEN,NOT_FROZEN
H0695,HBG_1c6fe51c19dd,1,True,True,NONE,NOT_FROZEN,NOT_FROZEN
H0696,HBG_4f8f7d4e5791,1,True,True,NONE,NOT_FROZEN,NOT_FROZEN
H0697,HBG_64de98de1e64,1,True,True,NONE,NOT_FROZEN,NOT_FROZEN
H0698,HBG_8135810d7aa0,3,False,True,NONE,NOT_FROZEN,NOT_FROZEN
H0699,HBG_1dd673709d30,1,True,True,NONE,NOT_FROZEN,NOT_FROZEN
H0700,HBG_ca9ad5720e39,1,True,True,NONE,NOT_FROZEN,NOT_FROZEN
H0701,HBG_80e3e97ddc76,1,True,True,NONE,NOT_FROZEN,NOT_FROZEN
H0702,HBG_3bb72e548ddf,1,True,True,NONE,NOT_FROZEN,NOT_FROZEN
H0703,HBG_1fe3b980b48c,1,True,True,NONE,NOT_FROZEN,NOT_FROZEN
H0704,HBG_615797f8f1a0,5,False,True,NONE,NOT_FROZEN,NOT_FROZEN
H0705,HBG_cb6dba37e698,1,True,True,NONE,NOT_FROZEN,NOT_FROZEN
H0706,HBG_1f1573d18be9,1,True,True,NONE,NOT_FROZEN,NOT_FROZEN
H0707,HBG_ec4349dd803d,5,False,True,NONE,NOT_FROZEN,NOT_FROZEN
H0708,HBG_ec4349dd803d,5,False,True,NONE,NOT_FROZEN,NOT_FROZEN
H0709,HBG_4543f7862ff3,1,True,True,NONE,NOT_FROZEN,NOT_FROZEN
H0710,HBG_ec4349dd803d,5,False,True,NONE,NOT_FROZEN,NOT_FROZEN
H0711,HBG_ec4349dd803d,5,False,True,NONE,NOT_FROZEN,NOT_FROZEN
H0712,HBG_a3f2d95fafdb,1,True,True,NONE,NOT_FROZEN,NOT_FROZEN
H0713,HBG_74e00cb42986,1,True,True,NONE,NOT_FROZEN,NOT_FROZEN
H0714,HBG_b0968ba6c3b1,4,False,True,NONE,NOT_FROZEN,NOT_FROZEN
H0715,HBG_1c4eb6b50cff,1,True,True,NONE,NOT_FROZEN,NOT_FROZEN
H0716,HBG_0c731d1afd0f,2,False,True,NONE,NOT_FROZEN,NOT_FROZEN
H0717,HBG_0c731d1afd0f,2,False,True,NONE,NOT_FROZEN,NOT_FROZEN
H0718,HBG_5d8afaa98564,2,False,True,NONE,NOT_FROZEN,NOT_FROZEN
H0719,HBG_a7eddf6a48c0,1,True,True,NONE,NOT_FROZEN,NOT_FROZEN
H0720,HBG_698e28e66f64,1,True,True,NONE,NOT_FROZEN,NOT_FROZEN
H0721,HBG_3f9020bc6752,1,True,True,NONE,NOT_FROZEN,NOT_FROZEN
H0722,HBG_bf516abe502c,2,False,True,NONE,NOT_FROZEN,NOT_FROZEN
H0723,HBG_2d8dd1b2e7fa,1,True,True,NONE,NOT_FROZEN,NOT_FROZEN
H0724,HBG_87b102e549a1,1,True,True,NONE,NOT_FROZEN,NOT_FROZEN
H0725,HBG_1e97727f686b,2,False,True,NONE,NOT_FROZEN,NOT_FROZEN
H0726,HBG_04cf9df84c0b,3,False,True,NONE,NOT_FROZEN,NOT_FROZEN
H0727,HBG_c138ad243cff,1,True,True,NONE,NOT_FROZEN,NOT_FROZEN
H0728,HBG_77ae051c673b,1,True,True,NONE,NOT_FROZEN,NOT_FROZEN
H0729,HBG_be0779f1a2d9,1,True,True,NONE,NOT_FROZEN,NOT_FROZEN
H0730,HBG_4de06fdf6443,1,True,True,ENGLISH_FIELD_DISABLED,NOT_FROZEN,NOT_FROZEN
H0731,HBG_5cfeb9d489e8,1,True,True,NONE,NOT_FROZEN,NOT_FROZEN
H0732,HBG_f5d3ff285109,1,True,True,NONE,NOT_FROZEN,NOT_FROZEN
H0733,HBG_56d2c3215c10,2,False,True,NONE,NOT_FROZEN,NOT_FROZEN
H0734,HBG_0a2cc1bda92c,2,False,True,NONE,NOT_FROZEN,NOT_FROZEN
H0735,HBG_34fabcdd0e22,1,True,True,NONE,NOT_FROZEN,NOT_FROZEN
H0736,HBG_37d96977c251,1,True,True,NONE,NOT_FROZEN,NOT_FROZEN
H0737,HBG_f3383250f4a2,1,True,True,NONE,NOT_FROZEN,NOT_FROZEN
H0738,HBG_3d5b5a862617,1,True,True,NONE,NOT_FROZEN,NOT_FROZEN
H0739,HBG_e2501b9e5098,1,True,True,NONE,NOT_FROZEN,NOT_FROZEN
H0740,HBG_ea8bf05fcc20,2,False,True,NONE,NOT_FROZEN,NOT_FROZEN
H0741,HBG_92121f039e03,1,True,True,NONE,NOT_FROZEN,NOT_FROZEN
H0742,HBG_2f345bb500a0,1,True,True,NONE,NOT_FROZEN,NOT_FROZEN
H0743,HBG_ea8bf05fcc20,2,False,True,NONE,NOT_FROZEN,NOT_FROZEN
H0744,HBG_dee471a97344,1,True,True,NONE,NOT_FROZEN,NOT_FROZEN
H0745,HBG_9a29e1334a62,3,False,True,NONE,NOT_FROZEN,NOT_FROZEN
H0746,HBG_9a29e1334a62,3,False,True,NONE,NOT_FROZEN,NOT_FROZEN
H0747,HBG_3939d145d81e,1,True,True,NONE,NOT_FROZEN,NOT_FROZEN
H0748,HBG_967697e956c2,2,False,True,NONE,NOT_FROZEN,NOT_FROZEN
H0749,HBG_5d407ee7b85b,1,True,True,NONE,NOT_FROZEN,NOT_FROZEN
H0750,HBG_941d2832fec4,3,False,True,NONE,NOT_FROZEN,NOT_FROZEN
H0751,HBG_e67229ff402f,3,False,True,NONE,NOT_FROZEN,NOT_FROZEN
H0752,HBG_e67229ff402f,3,False,True,NONE,NOT_FROZEN,NOT_FROZEN
H0753,HBG_e67229ff402f,3,False,True,NONE,NOT_FROZEN,NOT_FROZEN
H0754,HBG_8a181477b3c9,1,True,True,NONE,NOT_FROZEN,NOT_FROZEN
H0755,HBG_6d5f58b32ff2,1,True,True,NONE,NOT_FROZEN,NOT_FROZEN
H0756,HBG_ba17478be9ec,2,False,True,NONE,NOT_FROZEN,NOT_FROZEN
H0757,HBG_ba17478be9ec,2,False,True,NONE,NOT_FROZEN,NOT_FROZEN
H0758,HBG_3d71c8e92138,5,False,True,NONE,NOT_FROZEN,NOT_FROZEN
H0759,HBG_0d485f163e75,1,True,True,NONE,NOT_FROZEN,NOT_FROZEN
H0760,HBG_ef58b94c11ae,7,False,True,NONE,NOT_FROZEN,NOT_FROZEN
H0761,HBG_cbcabca7d0f6,1,True,True,NONE,NOT_FROZEN,NOT_FROZEN
H0762,HBG_b3c8258b0e1d,1,True,True,NONE,NOT_FROZEN,NOT_FROZEN
H0763,HBG_107f6ad73c18,1,True,True,NONE,NOT_FROZEN,NOT_FROZEN
H0764,HBG_21430d79b83e,1,True,True,NONE,NOT_FROZEN,NOT_FROZEN
H0765,HBG_c4637945081c,1,True,True,NONE,NOT_FROZEN,NOT_FROZEN
H0766,HBG_96b94307d8c9,1,True,True,NONE,NOT_FROZEN,NOT_FROZEN
H0767,HBG_aa103c698008,3,False,True,NONE,NOT_FROZEN,NOT_FROZEN
H0768,HBG_be975cb58574,2,False,True,NONE,NOT_FROZEN,NOT_FROZEN
H0769,HBG_9e8563c175b7,3,False,True,NONE,NOT_FROZEN,NOT_FROZEN
H0770,HBG_9e8563c175b7,3,False,True,NONE,NOT_FROZEN,NOT_FROZEN
H0771,HBG_9e8563c175b7,3,False,True,NONE,NOT_FROZEN,NOT_FROZEN
H0772,HBG_5bb7102ef2f5,1,True,True,NONE,NOT_FROZEN,NOT_FROZEN
H0773,HBG_ffaad43f8e1e,3,False,True,NONE,NOT_FROZEN,NOT_FROZEN
H0774,HBG_8893f7734445,1,True,True,NONE,NOT_FROZEN,NOT_FROZEN
H0775,HBG_44b2df3fd52f,1,True,True,NONE,NOT_FROZEN,NOT_FROZEN
H0776,HBG_320fad92c4f9,2,False,True,NONE,NOT_FROZEN,NOT_FROZEN
H0777,HBG_8135810d7aa0,3,False,True,NONE,NOT_FROZEN,NOT_FROZEN
H0778,HBG_320fad92c4f9,2,False,True,NONE,NOT_FROZEN,NOT_FROZEN
H0779,HBG_8135810d7aa0,3,False,True,NONE,NOT_FROZEN,NOT_FROZEN
H0780,HBG_19a1c3f77d5d,1,True,True,NONE,NOT_FROZEN,NOT_FROZEN
H0781,HBG_b40e68a47d96,1,True,True,NONE,NOT_FROZEN,NOT_FROZEN
H0782,HBG_394cc80eb83b,1,True,True,NONE,NOT_FROZEN,NOT_FROZEN
H0783,HBG_c434ec5b8794,1,True,True,NONE,NOT_FROZEN,NOT_FROZEN
H0784,HBG_d1a37864e921,1,True,True,NONE,NOT_FROZEN,NOT_FROZEN
H0785,HBG_ef58b94c11ae,7,False,True,NONE,NOT_FROZEN,NOT_FROZEN
H0786,HBG_0eebdfbfdb5f,5,False,True,NONE,NOT_FROZEN,NOT_FROZEN
H0787,HBG_0eebdfbfdb5f,5,False,True,NONE,NOT_FROZEN,NOT_FROZEN
H0788,HBG_0eebdfbfdb5f,5,False,True,NONE,NOT_FROZEN,NOT_FROZEN
H0789,HBG_0eebdfbfdb5f,5,False,True,NONE,NOT_FROZEN,NOT_FROZEN
H0790,HBG_0eebdfbfdb5f,5,False,True,NONE,NOT_FROZEN,NOT_FROZEN
H0791,HBG_f20db82ed82c,1,True,True,NONE,NOT_FROZEN,NOT_FROZEN
H0792,HBG_30a4d4e01b5c,1,True,True,NONE,NOT_FROZEN,NOT_FROZEN
H0793,HBG_f4567da904dc,1,True,True,NONE,NOT_FROZEN,NOT_FROZEN
H0794,HBG_f96196c34131,1,True,True,NONE,NOT_FROZEN,NOT_FROZEN
H0795,HBG_c1fe65ddc549,1,True,True,NONE,NOT_FROZEN,NOT_FROZEN
H0796,HBG_f2fe7117849d,3,False,True,NONE,NOT_FROZEN,NOT_FROZEN
H0797,HBG_d2af72122083,1,True,True,NONE,NOT_FROZEN,NOT_FROZEN
H0798,HBG_0a2cc1bda92c,2,False,True,NONE,NOT_FROZEN,NOT_FROZEN
H0799,HBG_f2fe7117849d,3,False,True,NONE,NOT_FROZEN,NOT_FROZEN
H0800,HBG_f2fe7117849d,3,False,True,NONE,NOT_FROZEN,NOT_FROZEN
H0801,HBG_bef11d45c157,1,True,True,NONE,NOT_FROZEN,NOT_FROZEN
H0802,HBG_3d71c8e92138,5,False,True,NONE,NOT_FROZEN,NOT_FROZEN
H0803,HBG_2c696ef7c110,3,False,True,NONE,NOT_FROZEN,NOT_FROZEN
H0804,HBG_3d71c8e92138,5,False,True,NONE,NOT_FROZEN,NOT_FROZEN
H0805,HBG_3d71c8e92138,5,False,True,NONE,NOT_FROZEN,NOT_FROZEN
H0806,HBG_1d4e70cb99cf,1,True,True,NONE,NOT_FROZEN,NOT_FROZEN
H0807,HBG_83f22a8f4dad,1,True,True,NONE,NOT_FROZEN,NOT_FROZEN
H0808,HBG_5c8a3f99a60c,1,True,True,NONE,NOT_FROZEN,NOT_FROZEN
H0809,HBG_03d225e78075,1,True,True,NONE,NOT_FROZEN,NOT_FROZEN
H0810,HBG_c386e1d3204d,1,True,True,NONE,NOT_FROZEN,NOT_FROZEN
H0811,HBG_9f5cbe9fbcfa,1,True,True,NONE,NOT_FROZEN,NOT_FROZEN
H0812,HBG_e96bcb549c87,1,True,True,NONE,NOT_FROZEN,NOT_FROZEN
H0813,HBG_3d71c8e92138,5,False,True,NONE,NOT_FROZEN,NOT_FROZEN
H0814,HBG_78b099bb2f40,1,True,True,NONE,NOT_FROZEN,NOT_FROZEN
H0815,HBG_aa103c698008,3,False,True,NONE,NOT_FROZEN,NOT_FROZEN
H0816,HBG_5b89d52435ce,2,False,True,NONE,NOT_FROZEN,NOT_FROZEN
H0817,HBG_3fcde9ae9ee1,1,True,True,NONE,NOT_FROZEN,NOT_FROZEN
H0818,HBG_b114d2ba6a29,2,False,True,NONE,NOT_FROZEN,NOT_FROZEN
H0819,HBG_b114d2ba6a29,2,False,True,NONE,NOT_FROZEN,NOT_FROZEN
H0820,HBG_eb898e69d639,1,True,True,NONE,NOT_FROZEN,NOT_FROZEN
H0821,HBG_5b89d52435ce,2,False,True,NONE,NOT_FROZEN,NOT_FROZEN
H0822,HBG_28b26b19c3e6,2,False,True,NONE,NOT_FROZEN,NOT_FROZEN
H0823,HBG_b6a7d94a342a,1,True,True,NONE,NOT_FROZEN,NOT_FROZEN
H0824,HBG_40cded32b1f5,1,True,True,NONE,NOT_FROZEN,NOT_FROZEN
H0825,HBG_48398c73717f,1,True,True,NONE,NOT_FROZEN,NOT_FROZEN
H0826,HBG_baa9e67e43e8,1,True,True,NONE,NOT_FROZEN,NOT_FROZEN
H0827,HBG_3110e24aca4a,1,True,True,NONE,NOT_FROZEN,NOT_FROZEN
H0828,HBG_dd1845df619d,1,True,True,NONE,NOT_FROZEN,NOT_FROZEN
H0829,HBG_779c35ecf04d,1,True,True,NONE,NOT_FROZEN,NOT_FROZEN
H0830,HBG_d2f3ed6788ea,2,False,True,NONE,NOT_FROZEN,NOT_FROZEN
H0831,HBG_c062103a2661,1,True,True,NONE,NOT_FROZEN,NOT_FROZEN
H0832,HBG_2bc011f9109a,1,True,True,NONE,NOT_FROZEN,NOT_FROZEN
H0833,HBG_30e4587ff4fe,1,True,True,NONE,NOT_FROZEN,NOT_FROZEN
H0834,HBG_d2f3ed6788ea,2,False,True,NONE,NOT_FROZEN,NOT_FROZEN
H0835,HBG_20553bc227b4,1,True,True,NONE,NOT_FROZEN,NOT_FROZEN
H0836,HBG_da88ae3587f6,3,False,True,NONE,NOT_FROZEN,NOT_FROZEN
H0837,HBG_82f5cb60d85c,2,False,True,NONE,NOT_FROZEN,NOT_FROZEN
H0838,HBG_07989d057eb7,1,True,True,NONE,NOT_FROZEN,NOT_FROZEN
H0839,HBG_38943549616b,2,False,True,NONE,NOT_FROZEN,NOT_FROZEN
H0840,HBG_17ae6d886f10,1,True,True,NONE,NOT_FROZEN,NOT_FROZEN
H0841,HBG_fcb15f16f0f6,2,False,True,NONE,NOT_FROZEN,NOT_FROZEN
H0842,HBG_c8ca54a9d725,1,True,True,NONE,NOT_FROZEN,NOT_FROZEN
H0843,HBG_ca0acb8f3a6c,1,True,True,NONE,NOT_FROZEN,NOT_FROZEN
H0844,HBG_99135c58abab,1,True,True,NONE,NOT_FROZEN,NOT_FROZEN
H0845,HBG_78a0d2ccac9b,1,True,True,NONE,NOT_FROZEN,NOT_FROZEN
H0846,HBG_fcb15f16f0f6,2,False,True,NONE,NOT_FROZEN,NOT_FROZEN
H0847,HBG_206b7932a9fe,1,True,False,BENCHMARK_QUARANTINED,NOT_FROZEN,NOT_FROZEN
H0848,HBG_6c8394f853e3,1,True,True,NONE,NOT_FROZEN,NOT_FROZEN
H0849,HBG_a5ca1c6e53e6,2,False,True,NONE,NOT_FROZEN,NOT_FROZEN
H0850,HBG_a5ca1c6e53e6,2,False,True,NONE,NOT_FROZEN,NOT_FROZEN
H0851,HBG_7a0b0d8e4cb7,1,True,True,NONE,NOT_FROZEN,NOT_FROZEN
H0852,HBG_92e6fafd314b,1,True,True,NONE,NOT_FROZEN,NOT_FROZEN
H0853,HBG_ba4fb545ef78,3,False,True,NONE,NOT_FROZEN,NOT_FROZEN
H0854,HBG_acb1a559df30,1,True,True,NONE,NOT_FROZEN,NOT_FROZEN
H0855,HBG_784326f3e60a,2,False,True,NONE,NOT_FROZEN,NOT_FROZEN
H0856,HBG_6f980e5834d1,4,False,True,NONE,NOT_FROZEN,NOT_FROZEN
H0857,HBG_6f980e5834d1,4,False,True,NONE,NOT_FROZEN,NOT_FROZEN
H0858,HBG_6f980e5834d1,4,False,True,NONE,NOT_FROZEN,NOT_FROZEN
H0859,HBG_784326f3e60a,2,False,True,NONE,NOT_FROZEN,NOT_FROZEN
H0860,HBG_6f980e5834d1,4,False,True,NONE,NOT_FROZEN,NOT_FROZEN
H0861,HBG_a1399bc2de3e,1,True,True,NONE,NOT_FROZEN,NOT_FROZEN
H0862,HBG_a6fdd18a660b,2,False,True,NONE,NOT_FROZEN,NOT_FROZEN
H0863,HBG_a01a3b9316d8,2,False,True,NONE,NOT_FROZEN,NOT_FROZEN
H0864,HBG_ccbe0e72f729,1,True,True,NONE,NOT_FROZEN,NOT_FROZEN
H0865,HBG_a6fdd18a660b,2,False,True,NONE,NOT_FROZEN,NOT_FROZEN
H0866,HBG_51e954dd7e8c,1,True,True,NONE,NOT_FROZEN,NOT_FROZEN
H0867,HBG_3e8450044b1e,2,False,True,NONE,NOT_FROZEN,NOT_FROZEN
H0868,HBG_953727e0f19c,2,False,True,NONE,NOT_FROZEN,NOT_FROZEN
H0869,HBG_7ca0db7c0946,3,False,True,NONE,NOT_FROZEN,NOT_FROZEN
H0870,HBG_9b29a6379c7b,1,True,True,NONE,NOT_FROZEN,NOT_FROZEN
H0871,HBG_02844fcf48ab,1,True,True,NONE,NOT_FROZEN,NOT_FROZEN
H0872,HBG_ef58b94c11ae,7,False,True,NONE,NOT_FROZEN,NOT_FROZEN
H0873,HBG_d7595041e852,1,True,True,NONE,NOT_FROZEN,NOT_FROZEN
H0874,HBG_d0d3328b8169,1,True,True,NONE,NOT_FROZEN,NOT_FROZEN
H0875,HBG_5bd61c7dbd77,1,True,True,NONE,NOT_FROZEN,NOT_FROZEN
H0876,HBG_18fa74276cb5,1,True,True,NONE,NOT_FROZEN,NOT_FROZEN
H0877,HBG_0620410523cb,1,True,True,NONE,NOT_FROZEN,NOT_FROZEN
H0878,HBG_7ca0db7c0946,3,False,True,NONE,NOT_FROZEN,NOT_FROZEN
H0879,HBG_cb7ede83831f,1,True,True,NONE,NOT_FROZEN,NOT_FROZEN
H0880,HBG_44c39709264b,2,False,True,NONE,NOT_FROZEN,NOT_FROZEN
H0881,HBG_9b56e3ab7876,1,True,True,NONE,NOT_FROZEN,NOT_FROZEN
H0882,HBG_bc0e3200354a,1,True,True,NONE,NOT_FROZEN,NOT_FROZEN
H0883,HBG_5a13d2574219,1,True,True,NONE,NOT_FROZEN,NOT_FROZEN
H0884,HBG_e32078d0500f,1,True,True,NONE,NOT_FROZEN,NOT_FROZEN
H0885,HBG_f67dca31411d,1,True,True,NONE,NOT_FROZEN,NOT_FROZEN
H0886,HBG_c7164f305682,4,False,True,NONE,NOT_FROZEN,NOT_FROZEN
H0887,HBG_c7164f305682,4,False,True,NONE,NOT_FROZEN,NOT_FROZEN
H0888,HBG_7ca0db7c0946,3,False,True,NONE,NOT_FROZEN,NOT_FROZEN
H0889,HBG_c7164f305682,4,False,True,NONE,NOT_FROZEN,NOT_FROZEN
H0890,HBG_c7164f305682,4,False,True,NONE,NOT_FROZEN,NOT_FROZEN
H0891,HBG_2677407683aa,1,True,True,NONE,NOT_FROZEN,NOT_FROZEN
H0892,HBG_a7984616dea4,2,False,True,NONE,NOT_FROZEN,NOT_FROZEN
H0893,HBG_a7984616dea4,2,False,True,NONE,NOT_FROZEN,NOT_FROZEN
H0894,HBG_c8e7aa31a30d,1,True,True,NONE,NOT_FROZEN,NOT_FROZEN
H0895,HBG_6410ad751165,1,True,True,NONE,NOT_FROZEN,NOT_FROZEN
H0896,HBG_12730193310a,1,True,True,NONE,NOT_FROZEN,NOT_FROZEN
H0897,HBG_d911d5ec22e5,1,True,True,NONE,NOT_FROZEN,NOT_FROZEN
H0898,HBG_0b46ea1108ae,2,False,True,NONE,NOT_FROZEN,NOT_FROZEN
H0899,HBG_0b46ea1108ae,2,False,True,NONE,NOT_FROZEN,NOT_FROZEN
H0900,HBG_88cb86fc1aae,1,True,True,NONE,NOT_FROZEN,NOT_FROZEN
H0901,HBG_b1928cc08877,1,True,True,NONE,NOT_FROZEN,NOT_FROZEN
H0902,HBG_5b1c1c9160b3,1,True,True,NONE,NOT_FROZEN,NOT_FROZEN
H0903,HBG_a7672936910a,1,True,True,NONE,NOT_FROZEN,NOT_FROZEN
H0904,HBG_88f1f4228f1a,2,False,True,NONE,NOT_FROZEN,NOT_FROZEN
H0905,HBG_b9a5844724d3,1,True,True,NONE,NOT_FROZEN,NOT_FROZEN
H0906,HBG_9061ad6d2b9f,1,True,True,NONE,NOT_FROZEN,NOT_FROZEN
H0907,HBG_3290516fbb04,1,True,True,NONE,NOT_FROZEN,NOT_FROZEN
H0908,HBG_40ac796ed032,5,False,True,NONE,NOT_FROZEN,NOT_FROZEN
H0909,HBG_40ac796ed032,5,False,True,NONE,NOT_FROZEN,NOT_FROZEN
H0910,HBG_40ac796ed032,5,False,True,NONE,NOT_FROZEN,NOT_FROZEN
H0911,HBG_f05264598ab7,1,True,True,NONE,NOT_FROZEN,NOT_FROZEN
H0912,HBG_40ac796ed032,5,False,True,NONE,NOT_FROZEN,NOT_FROZEN
H0913,HBG_40ac796ed032,5,False,True,NONE,NOT_FROZEN,NOT_FROZEN
H0914,HBG_adc3cea14e67,2,False,True,NONE,NOT_FROZEN,NOT_FROZEN
H0915,HBG_636690108da6,1,True,True,NONE,NOT_FROZEN,NOT_FROZEN
H0916,HBG_adc3cea14e67,2,False,True,NONE,NOT_FROZEN,NOT_FROZEN
H0917,HBG_4f183813675e,1,True,True,NONE,NOT_FROZEN,NOT_FROZEN
H0918,HBG_ec4349dd803d,5,False,True,NONE,NOT_FROZEN,NOT_FROZEN
H0919,HBG_592ce44ebce1,1,True,True,NONE,NOT_FROZEN,NOT_FROZEN
H0920,HBG_6b696b6d58d4,1,True,True,NONE,NOT_FROZEN,NOT_FROZEN
H0921,HBG_bd0b3ddd2063,1,True,True,NONE,NOT_FROZEN,NOT_FROZEN
H0922,HBG_ba0c857ba83c,1,True,True,NONE,NOT_FROZEN,NOT_FROZEN
H0923,HBG_4b6f9072e8e4,1,True,True,NONE,NOT_FROZEN,NOT_FROZEN
H0924,HBG_84988e4e869c,1,True,True,NONE,NOT_FROZEN,NOT_FROZEN
H0925,HBG_caee817f7ef5,1,True,True,NONE,NOT_FROZEN,NOT_FROZEN
H0926,HBG_9d8c32c09a36,3,False,True,NONE,NOT_FROZEN,NOT_FROZEN
H0927,HBG_9d8c32c09a36,3,False,True,NONE,NOT_FROZEN,NOT_FROZEN
H0928,HBG_9d8c32c09a36,3,False,True,NONE,NOT_FROZEN,NOT_FROZEN
H0929,HBG_008fb938cf34,1,True,True,NONE,NOT_FROZEN,NOT_FROZEN
H0930,HBG_c797cc1c36c4,3,False,True,NONE,NOT_FROZEN,NOT_FROZEN
H0931,HBG_c797cc1c36c4,3,False,True,NONE,NOT_FROZEN,NOT_FROZEN
H0932,HBG_51b5be3d1f17,1,True,True,NONE,NOT_FROZEN,NOT_FROZEN
H0933,HBG_c797cc1c36c4,3,False,True,NONE,NOT_FROZEN,NOT_FROZEN
H0934,HBG_2b2aef9a22bf,1,True,True,NONE,NOT_FROZEN,NOT_FROZEN
H0935,HBG_f6d1d4899699,1,True,True,NONE,NOT_FROZEN,NOT_FROZEN
H0936,HBG_1ce2cbd827ee,1,True,True,NONE,NOT_FROZEN,NOT_FROZEN
H0937,HBG_147057346d5e,1,True,True,NONE,NOT_FROZEN,NOT_FROZEN
H0938,HBG_45aa563130fa,1,True,True,NONE,NOT_FROZEN,NOT_FROZEN
H0939,HBG_41b9212a005f,1,True,True,NONE,NOT_FROZEN,NOT_FROZEN
H0940,HBG_1e26b149e9cb,1,True,True,NONE,NOT_FROZEN,NOT_FROZEN
H0941,HBG_c98bef700353,1,True,True,NONE,NOT_FROZEN,NOT_FROZEN
H0942,HBG_bc008e66288b,1,True,True,NONE,NOT_FROZEN,NOT_FROZEN
H0943,HBG_b37520902735,1,True,True,NONE,NOT_FROZEN,NOT_FROZEN
H0944,HBG_24641533cced,4,False,True,ENGLISH_FIELD_DISABLED,NOT_FROZEN,NOT_FROZEN
H0945,HBG_a871ab32e3d4,4,False,True,NONE,NOT_FROZEN,NOT_FROZEN
H0946,HBG_ecb32cdff3e6,1,True,True,NONE,NOT_FROZEN,NOT_FROZEN
H0947,HBG_89f70e3cf134,1,True,True,NONE,NOT_FROZEN,NOT_FROZEN
H0948,HBG_1ad666fe50ea,2,False,True,NONE,NOT_FROZEN,NOT_FROZEN
H0949,HBG_aade9ca6e472,3,False,True,NONE,NOT_FROZEN,NOT_FROZEN
H0950,HBG_aade9ca6e472,3,False,True,NONE,NOT_FROZEN,NOT_FROZEN
H0951,HBG_aade9ca6e472,3,False,True,NONE,NOT_FROZEN,NOT_FROZEN
H0952,HBG_24641533cced,4,False,True,ENGLISH_FIELD_DISABLED,NOT_FROZEN,NOT_FROZEN
H0953,HBG_1ad666fe50ea,2,False,True,NONE,NOT_FROZEN,NOT_FROZEN
H0954,HBG_1e12b659d031,1,True,True,NONE,NOT_FROZEN,NOT_FROZEN
H0955,HBG_a8c7a2e3b2df,2,False,True,NONE,NOT_FROZEN,NOT_FROZEN
H0956,HBG_a8c7a2e3b2df,2,False,True,ENGLISH_FIELD_DISABLED,NOT_FROZEN,NOT_FROZEN
H0957,HBG_c35834bdb19f,1,True,True,ENGLISH_FIELD_DISABLED,NOT_FROZEN,NOT_FROZEN
H0958,HBG_082b9891ede2,2,False,True,NONE,NOT_FROZEN,NOT_FROZEN
H0959,HBG_4bc96374eedd,1,True,True,NONE,NOT_FROZEN,NOT_FROZEN
H0960,HBG_082b9891ede2,2,False,True,NONE,NOT_FROZEN,NOT_FROZEN
H0961,HBG_7d8ed6b0d7e1,1,True,True,NONE,NOT_FROZEN,NOT_FROZEN
H0962,HBG_b91635ec7876,1,True,True,NONE,NOT_FROZEN,NOT_FROZEN
H0963,HBG_6da0a978b91e,1,True,True,NONE,NOT_FROZEN,NOT_FROZEN
H0964,HBG_3e8450044b1e,2,False,True,NONE,NOT_FROZEN,NOT_FROZEN
H0965,HBG_ce843446e503,1,True,True,NONE,NOT_FROZEN,NOT_FROZEN
H0966,HBG_7ce11234596b,1,True,True,NONE,NOT_FROZEN,NOT_FROZEN
H0967,HBG_4ab696bcd772,1,True,True,NONE,NOT_FROZEN,NOT_FROZEN
H0968,HBG_0d58166cffce,1,True,True,NONE,NOT_FROZEN,NOT_FROZEN
H0969,HBG_08439f9bb950,1,True,True,NONE,NOT_FROZEN,NOT_FROZEN
H0970,HBG_9fc449f0cff0,1,True,True,NONE,NOT_FROZEN,NOT_FROZEN
H0971,HBG_7d77f1fccabd,1,True,True,NONE,NOT_FROZEN,NOT_FROZEN
H0972,HBG_2765d73e44ed,4,False,True,NONE,NOT_FROZEN,NOT_FROZEN
H0973,HBG_2765d73e44ed,4,False,True,NONE,NOT_FROZEN,NOT_FROZEN
H0974,HBG_e99f9ecec9ca,2,False,True,NONE,NOT_FROZEN,NOT_FROZEN
H0975,HBG_e99f9ecec9ca,2,False,True,ENGLISH_FIELD_DISABLED,NOT_FROZEN,NOT_FROZEN
H0976,HBG_a8bfad9364eb,2,False,True,NONE,NOT_FROZEN,NOT_FROZEN
H0977,HBG_d6be6e5c9207,4,False,True,NONE,NOT_FROZEN,NOT_FROZEN
H0978,HBG_43e14141a333,2,False,True,NONE,NOT_FROZEN,NOT_FROZEN
H0979,HBG_fc708045068e,2,False,True,NONE,NOT_FROZEN,NOT_FROZEN
H0980,HBG_fc708045068e,2,False,True,NONE,NOT_FROZEN,NOT_FROZEN
H0981,HBG_da5bbe2e6875,1,True,True,NONE,NOT_FROZEN,NOT_FROZEN
H0982,HBG_d6be6e5c9207,4,False,True,NONE,NOT_FROZEN,NOT_FROZEN
H0983,HBG_04cf9df84c0b,3,False,True,NONE,NOT_FROZEN,NOT_FROZEN
H0984,HBG_04cf9df84c0b,3,False,True,NONE,NOT_FROZEN,NOT_FROZEN
H0985,HBG_82f5cb60d85c,2,False,True,NONE,NOT_FROZEN,NOT_FROZEN
H0986,HBG_cfedb189d003,1,True,True,NONE,NOT_FROZEN,NOT_FROZEN
H0987,HBG_d6be6e5c9207,4,False,True,NONE,NOT_FROZEN,NOT_FROZEN
H0988,HBG_53b8439ef10c,1,True,True,NONE,NOT_FROZEN,NOT_FROZEN
H0989,HBG_7438f8f126f4,1,True,True,NONE,NOT_FROZEN,NOT_FROZEN
H0990,HBG_6aab59f3eacc,2,False,True,NONE,NOT_FROZEN,NOT_FROZEN
H0991,HBG_d6be6e5c9207,4,False,True,NONE,NOT_FROZEN,NOT_FROZEN
H0992,HBG_ea1ead304dbf,1,True,True,NONE,NOT_FROZEN,NOT_FROZEN
H0993,HBG_5ee4510c7000,1,True,True,NONE,NOT_FROZEN,NOT_FROZEN
H0994,HBG_a9418b428f99,1,True,True,NONE,NOT_FROZEN,NOT_FROZEN
H0995,HBG_1431584e10f4,1,True,True,NONE,NOT_FROZEN,NOT_FROZEN
H0996,HBG_9d88a173fe85,2,False,True,NONE,NOT_FROZEN,NOT_FROZEN
H0997,HBG_9d88a173fe85,2,False,True,NONE,NOT_FROZEN,NOT_FROZEN
H0998,HBG_f014a5848c36,2,False,True,NONE,NOT_FROZEN,NOT_FROZEN
H0999,HBG_9a63abb3cdd2,1,True,True,NONE,NOT_FROZEN,NOT_FROZEN
H1000,HBG_f014a5848c36,2,False,True,NONE,NOT_FROZEN,NOT_FROZEN
H1001,HBG_c132aec841c7,1,True,True,NONE,NOT_FROZEN,NOT_FROZEN
H1002,HBG_99da9c220f89,3,False,True,NONE,NOT_FROZEN,NOT_FROZEN
H1003,HBG_99da9c220f89,3,False,True,NONE,NOT_FROZEN,NOT_FROZEN
H1004,HBG_fffa0acae2cb,2,False,True,NONE,NOT_FROZEN,NOT_FROZEN
H1005,HBG_0eb7cffdf36f,1,True,True,NONE,NOT_FROZEN,NOT_FROZEN
H1006,HBG_554b067bfb6d,1,True,True,NONE,NOT_FROZEN,NOT_FROZEN
H1007,HBG_24641533cced,4,False,True,NONE,NOT_FROZEN,NOT_FROZEN
H1008,HBG_e11feb61a438,1,True,True,NONE,NOT_FROZEN,NOT_FROZEN
H1009,HBG_953727e0f19c,2,False,True,NONE,NOT_FROZEN,NOT_FROZEN
H1010,HBG_5b3cecd90c07,2,False,True,NONE,NOT_FROZEN,NOT_FROZEN
H1011,HBG_1c53ad8297f8,2,False,True,NONE,NOT_FROZEN,NOT_FROZEN
H1012,HBG_2fb3bf687bf5,2,False,True,NONE,NOT_FROZEN,NOT_FROZEN
H1013,HBG_a269addafd87,1,True,True,NONE,NOT_FROZEN,NOT_FROZEN
H1014,HBG_6ef52a8f706a,1,True,True,NONE,NOT_FROZEN,NOT_FROZEN
H1015,HBG_fb3f19cd5c0a,3,False,True,NONE,NOT_FROZEN,NOT_FROZEN
H1016,HBG_fb3f19cd5c0a,3,False,True,NONE,NOT_FROZEN,NOT_FROZEN
H1017,HBG_fb3f19cd5c0a,3,False,True,NONE,NOT_FROZEN,NOT_FROZEN
H1018,HBG_7c2a40180195,1,True,True,NONE,NOT_FROZEN,NOT_FROZEN
H1019,HBG_98ec79ed556f,2,False,True,NONE,NOT_FROZEN,NOT_FROZEN
H1020,HBG_98ec79ed556f,2,False,True,NONE,NOT_FROZEN,NOT_FROZEN
H1021,HBG_189f3a701e2b,1,True,True,ENGLISH_FIELD_DISABLED,NOT_FROZEN,NOT_FROZEN
H1022,HBG_22ee4049cd25,1,True,True,NONE,NOT_FROZEN,NOT_FROZEN
H1023,HBG_e228eccb6bc2,1,True,True,NONE,NOT_FROZEN,NOT_FROZEN
H1024,HBG_ccff8704c15c,1,True,True,NONE,NOT_FROZEN,NOT_FROZEN
H1025,HBG_52a5f922d0f2,1,True,True,NONE,NOT_FROZEN,NOT_FROZEN
H1026,HBG_ba4fb545ef78,3,False,True,NONE,NOT_FROZEN,NOT_FROZEN
H1027,HBG_ed1f3d94aa21,1,True,True,NONE,NOT_FROZEN,NOT_FROZEN
H1028,HBG_1e97727f686b,2,False,True,NONE,NOT_FROZEN,NOT_FROZEN
H1029,HBG_1911acd50b6e,1,True,True,NONE,NOT_FROZEN,NOT_FROZEN
H1030,HBG_7de5a8b3e7f9,1,True,True,NONE,NOT_FROZEN,NOT_FROZEN
H1031,HBG_9fa405d7899d,1,True,True,NONE,NOT_FROZEN,NOT_FROZEN
H1032,HBG_32985646f961,1,True,True,NONE,NOT_FROZEN,NOT_FROZEN
H1033,HBG_29a6f39d5052,1,True,True,NONE,NOT_FROZEN,NOT_FROZEN
H1034,HBG_3dcc26eed848,1,True,True,ENGLISH_FIELD_DISABLED,NOT_FROZEN,NOT_FROZEN
H1035,HBG_ffaad43f8e1e,3,False,True,NONE,NOT_FROZEN,NOT_FROZEN
H1036,HBG_b4f44fc9e539,1,True,True,NONE,NOT_FROZEN,NOT_FROZEN
H1037,HBG_c4d4610dd910,1,True,True,NONE,NOT_FROZEN,NOT_FROZEN
H1038,HBG_aedcf3af8431,1,True,True,NONE,NOT_FROZEN,NOT_FROZEN
H1039,HBG_2fb3bf687bf5,2,False,True,NONE,NOT_FROZEN,NOT_FROZEN
H1040,HBG_d9f0fe6708b0,1,True,True,NONE,NOT_FROZEN,NOT_FROZEN
H1041,HBG_a01a3b9316d8,2,False,True,NONE,NOT_FROZEN,NOT_FROZEN
H1042,HBG_6a03e1703dcb,1,True,True,NONE,NOT_FROZEN,NOT_FROZEN
H1043,HBG_70532ed82d81,1,True,True,NONE,NOT_FROZEN,NOT_FROZEN
H1044,HBG_e3e46da5d7a0,1,True,True,NONE,NOT_FROZEN,NOT_FROZEN
H1045,HBG_f2810554dc6f,2,False,True,NONE,NOT_FROZEN,NOT_FROZEN
H1046,HBG_f2810554dc6f,2,False,True,NONE,NOT_FROZEN,NOT_FROZEN
H1047,HBG_2b23a3e4bd3f,3,False,True,NONE,NOT_FROZEN,NOT_FROZEN
H1048,HBG_15021dd7a4db,1,True,True,NONE,NOT_FROZEN,NOT_FROZEN
H1049,HBG_2b23a3e4bd3f,3,False,True,NONE,NOT_FROZEN,NOT_FROZEN
H1050,HBG_a4a24a469429,2,False,True,NONE,NOT_FROZEN,NOT_FROZEN
H1051,HBG_941d2832fec4,3,False,True,NONE,NOT_FROZEN,NOT_FROZEN
H1052,HBG_0b88b4c93ec8,1,True,True,NONE,NOT_FROZEN,NOT_FROZEN
H1053,HBG_ffaad43f8e1e,3,False,True,NONE,NOT_FROZEN,NOT_FROZEN
H1054,HBG_8ace3bd3f588,1,True,True,NONE,NOT_FROZEN,NOT_FROZEN
H1055,HBG_941d2832fec4,3,False,True,NONE,NOT_FROZEN,NOT_FROZEN
H1056,HBG_123c28dcb2a4,1,True,True,NONE,NOT_FROZEN,NOT_FROZEN
H1057,HBG_a871ab32e3d4,4,False,True,NONE,NOT_FROZEN,NOT_FROZEN
H1059,HBG_9a253e1c4385,1,True,True,NONE,NOT_FROZEN,NOT_FROZEN
H1060,HBG_98697b1d2c8a,1,True,True,NONE,NOT_FROZEN,NOT_FROZEN
H1061,HBG_c49ea814bdf0,2,False,True,NONE,NOT_FROZEN,NOT_FROZEN
H1062,HBG_a871ab32e3d4,4,False,True,NONE,NOT_FROZEN,NOT_FROZEN
H1063,HBG_a871ab32e3d4,4,False,True,NONE,NOT_FROZEN,NOT_FROZEN
H1064,HBG_57d4260a673b,1,True,True,NONE,NOT_FROZEN,NOT_FROZEN
H1065,HBG_6be83661d5dc,1,True,True,NONE,NOT_FROZEN,NOT_FROZEN
H1066,HBG_23bd7504ffd5,9,False,True,NONE,NOT_FROZEN,NOT_FROZEN
H1067,HBG_23bd7504ffd5,9,False,True,NONE,NOT_FROZEN,NOT_FROZEN
H1068,HBG_c49ea814bdf0,2,False,True,NONE,NOT_FROZEN,NOT_FROZEN
H1069,HBG_23bd7504ffd5,9,False,True,NONE,NOT_FROZEN,NOT_FROZEN
H1070,HBG_23bd7504ffd5,9,False,True,NONE,NOT_FROZEN,NOT_FROZEN
H1071,HBG_23bd7504ffd5,9,False,True,NONE,NOT_FROZEN,NOT_FROZEN
H1072,HBG_23bd7504ffd5,9,False,True,NONE,NOT_FROZEN,NOT_FROZEN
H1073,HBG_23bd7504ffd5,9,False,True,NONE,NOT_FROZEN,NOT_FROZEN
H1074,HBG_23bd7504ffd5,9,False,True,NONE,NOT_FROZEN,NOT_FROZEN
H1075,HBG_23bd7504ffd5,9,False,True,NONE,NOT_FROZEN,NOT_FROZEN
H1076,HBG_11f2a588f305,1,True,True,NONE,NOT_FROZEN,NOT_FROZEN
H1077,HBG_5007b7c5daae,3,False,True,NONE,NOT_FROZEN,NOT_FROZEN
H1078,HBG_829d47387bff,2,False,True,NONE,NOT_FROZEN,NOT_FROZEN
H1079,HBG_2765d73e44ed,4,False,True,NONE,NOT_FROZEN,NOT_FROZEN
H1080,HBG_e54293e3b42f,4,False,True,NONE,NOT_FROZEN,NOT_FROZEN
H1081,HBG_0f1b5d1e0e26,1,True,True,NONE,NOT_FROZEN,NOT_FROZEN
H1082,HBG_48d84bc56d8a,1,True,True,NONE,NOT_FROZEN,NOT_FROZEN
H1083,HBG_cae120c32752,1,True,True,NONE,NOT_FROZEN,NOT_FROZEN
H1084,HBG_2db7627af0cd,1,True,True,NONE,NOT_FROZEN,NOT_FROZEN
H1085,HBG_962153c78161,1,True,True,NONE,NOT_FROZEN,NOT_FROZEN
H1086,HBG_d76815b5fabc,1,True,True,NONE,NOT_FROZEN,NOT_FROZEN
H1087,HBG_e3f4826f70f4,1,True,True,NONE,NOT_FROZEN,NOT_FROZEN
H1088,HBG_2906cf399696,1,True,True,NONE,NOT_FROZEN,NOT_FROZEN
H1089,HBG_045a2b72d60d,1,True,True,NONE,NOT_FROZEN,NOT_FROZEN
H1090,HBG_95e156b8e95f,1,True,True,NONE,NOT_FROZEN,NOT_FROZEN
H1091,HBG_dceb7b6ac678,1,True,True,NONE,NOT_FROZEN,NOT_FROZEN
H1092,HBG_5fda4b83ea47,2,False,True,NONE,NOT_FROZEN,NOT_FROZEN
H1093,HBG_5fda4b83ea47,2,False,True,NONE,NOT_FROZEN,NOT_FROZEN
H1094,HBG_e54293e3b42f,4,False,True,NONE,NOT_FROZEN,NOT_FROZEN
H1095,HBG_e54293e3b42f,4,False,True,NONE,NOT_FROZEN,NOT_FROZEN
H1096,HBG_e54293e3b42f,4,False,True,NONE,NOT_FROZEN,NOT_FROZEN
H1097,HBG_6aab59f3eacc,2,False,True,ENGLISH_FIELD_DISABLED,NOT_FROZEN,NOT_FROZEN
H1098,HBG_ad3ff7d0f06b,1,True,True,NONE,NOT_FROZEN,NOT_FROZEN
H1099,HBG_1ef38191eed8,1,True,True,NONE,NOT_FROZEN,NOT_FROZEN
H1100,HBG_5e1c7633b3f2,1,True,True,NONE,NOT_FROZEN,NOT_FROZEN
H1101,HBG_a4a24a469429,2,False,True,NONE,NOT_FROZEN,NOT_FROZEN
H1102,HBG_3e150df43f89,1,True,True,NONE,NOT_FROZEN,NOT_FROZEN
H1103,HBG_60d871f40623,1,True,True,NONE,NOT_FROZEN,NOT_FROZEN
H1104,HBG_fc7acfa4d343,7,False,True,NONE,NOT_FROZEN,NOT_FROZEN
H1105,HBG_fc7acfa4d343,7,False,True,NONE,NOT_FROZEN,NOT_FROZEN
H1106,HBG_fc7acfa4d343,7,False,True,ENGLISH_FIELD_DISABLED,NOT_FROZEN,NOT_FROZEN
H1107,HBG_fc7acfa4d343,7,False,True,NONE,NOT_FROZEN,NOT_FROZEN
H1108,HBG_fc7acfa4d343,7,False,True,ENGLISH_FIELD_DISABLED,NOT_FROZEN,NOT_FROZEN
H1109,HBG_9da1426983c2,1,True,True,NONE,NOT_FROZEN,NOT_FROZEN
H1110,HBG_5cefda5a0042,1,True,True,NONE,NOT_FROZEN,NOT_FROZEN
H1111,HBG_fc7acfa4d343,7,False,True,NONE,NOT_FROZEN,NOT_FROZEN
H1112,HBG_fc7acfa4d343,7,False,True,NONE,NOT_FROZEN,NOT_FROZEN
H1113,HBG_a7a79230830f,1,True,True,NONE,NOT_FROZEN,NOT_FROZEN
H1114,HBG_1fce6eda1453,2,False,True,NONE,NOT_FROZEN,NOT_FROZEN
H1115,HBG_615797f8f1a0,5,False,True,NONE,NOT_FROZEN,NOT_FROZEN
H1116,HBG_52b214df152e,1,True,True,NONE,NOT_FROZEN,NOT_FROZEN
H1117,HBG_4c8207aae820,1,True,True,NONE,NOT_FROZEN,NOT_FROZEN
H1118,HBG_5d8afaa98564,2,False,True,NONE,NOT_FROZEN,NOT_FROZEN
H1119,HBG_ac4ad638f11b,1,True,True,NONE,NOT_FROZEN,NOT_FROZEN
H1120,HBG_5b3cecd90c07,2,False,True,NONE,NOT_FROZEN,NOT_FROZEN
H1121,HBG_88f1f4228f1a,2,False,True,NONE,NOT_FROZEN,NOT_FROZEN
H1122,HBG_ef636d357694,1,True,True,NONE,NOT_FROZEN,NOT_FROZEN
H1123,HBG_9ad7b46517a7,1,True,True,NONE,NOT_FROZEN,NOT_FROZEN
H1124,HBG_9a629fb56562,1,True,True,NONE,NOT_FROZEN,NOT_FROZEN
H1125,HBG_dddb0c7a5a97,1,True,True,NONE,NOT_FROZEN,NOT_FROZEN
H1126,HBG_02fac5b87e7e,1,True,True,NONE,NOT_FROZEN,NOT_FROZEN
H1127,HBG_56d2c3215c10,2,False,True,NONE,NOT_FROZEN,NOT_FROZEN
H1128,HBG_1900ff27f557,1,True,True,NONE,NOT_FROZEN,NOT_FROZEN
H1129,HBG_87b6d6492163,1,True,True,NONE,NOT_FROZEN,NOT_FROZEN
H1130,HBG_efc30d3327ec,1,True,True,NONE,NOT_FROZEN,NOT_FROZEN
H1131,HBG_9c3a91690ce6,1,True,True,NONE,NOT_FROZEN,NOT_FROZEN
H1132,HBG_102f0062f0a8,1,True,True,NONE,NOT_FROZEN,NOT_FROZEN
H1133,HBG_bb2b3d438d62,1,True,True,NONE,NOT_FROZEN,NOT_FROZEN
H1134,HBG_85a2d0181b53,1,True,True,NONE,NOT_FROZEN,NOT_FROZEN
H1135,HBG_1cf6493ae947,1,True,True,NONE,NOT_FROZEN,NOT_FROZEN
H1136,HBG_b5af9abf5f11,1,True,True,NONE,NOT_FROZEN,NOT_FROZEN
H1137,HBG_082a75b7cc63,1,True,True,ENGLISH_FIELD_DISABLED,NOT_FROZEN,NOT_FROZEN
H1138,HBG_889cc6984044,1,True,True,NONE,NOT_FROZEN,NOT_FROZEN
H1139,HBG_1fce6eda1453,2,False,True,NONE,NOT_FROZEN,NOT_FROZEN
H1140,HBG_1068856da35d,2,False,True,ENGLISH_FIELD_DISABLED,NOT_FROZEN,NOT_FROZEN
H1141,HBG_1068856da35d,2,False,True,NONE,NOT_FROZEN,NOT_FROZEN
H1142,HBG_f9af09d1b93f,1,True,True,NONE,NOT_FROZEN,NOT_FROZEN
H1143,HBG_13183e8a372a,1,True,True,NONE,NOT_FROZEN,NOT_FROZEN
H1144,HBG_2b23a3e4bd3f,3,False,True,NONE,NOT_FROZEN,NOT_FROZEN
H1145,HBG_5c75b82e3164,1,True,True,NONE,NOT_FROZEN,NOT_FROZEN
H1146,HBG_6105aa2f1f64,1,True,True,NONE,NOT_FROZEN,NOT_FROZEN
H1147,HBG_09367dd73e8b,4,False,True,NONE,NOT_FROZEN,NOT_FROZEN
H1148,HBG_09367dd73e8b,4,False,True,NONE,NOT_FROZEN,NOT_FROZEN
H1149,HBG_09367dd73e8b,4,False,True,NONE,NOT_FROZEN,NOT_FROZEN
H1150,HBG_09367dd73e8b,4,False,True,NONE,NOT_FROZEN,NOT_FROZEN
H1151,HBG_99da9c220f89,3,False,True,NONE,NOT_FROZEN,NOT_FROZEN
H1152,HBG_b5aad492be66,1,True,True,NONE,NOT_FROZEN,NOT_FROZEN
H1153,HBG_d680a42b2d0d,1,True,True,NONE,NOT_FROZEN,NOT_FROZEN
H1154,HBG_0864ba1357c3,1,True,True,NONE,NOT_FROZEN,NOT_FROZEN
H1155,HBG_2257cfc962dd,1,True,True,NONE,NOT_FROZEN,NOT_FROZEN
H1156,HBG_2765d73e44ed,4,False,True,NONE,NOT_FROZEN,NOT_FROZEN
H1157,HBG_526f41306d38,1,True,True,NONE,NOT_FROZEN,NOT_FROZEN
H1158,HBG_6b0bb3967115,1,True,True,NONE,NOT_FROZEN,NOT_FROZEN
H1159,HBG_f5e6c4e1d4f0,1,True,True,NONE,NOT_FROZEN,NOT_FROZEN
H1160,HBG_24ee82070b38,1,True,True,NONE,NOT_FROZEN,NOT_FROZEN
H1161,HBG_778789263c8b,1,True,True,NONE,NOT_FROZEN,NOT_FROZEN
H1162,HBG_5708180f62c7,1,True,True,NONE,NOT_FROZEN,NOT_FROZEN
H1163,HBG_42d3d061919b,1,True,True,NONE,NOT_FROZEN,NOT_FROZEN
H1164,HBG_da88ae3587f6,3,False,True,NONE,NOT_FROZEN,NOT_FROZEN
H1165,HBG_766fa6625009,1,True,True,NONE,NOT_FROZEN,NOT_FROZEN
H1166,HBG_a8a5748ba6c0,1,True,True,NONE,NOT_FROZEN,NOT_FROZEN
H1167,HBG_0627575a93de,2,False,True,NONE,NOT_FROZEN,NOT_FROZEN
H1168,HBG_0627575a93de,2,False,True,NONE,NOT_FROZEN,NOT_FROZEN
H1169,HBG_da88ae3587f6,3,False,True,NONE,NOT_FROZEN,NOT_FROZEN
H1170,HBG_f72474bc0ddb,2,False,True,NONE,NOT_FROZEN,NOT_FROZEN
H1171,HBG_f72474bc0ddb,2,False,True,NONE,NOT_FROZEN,NOT_FROZEN
H1172,HBG_6d6be19f5608,1,True,True,NONE,NOT_FROZEN,NOT_FROZEN
H1173,HBG_1c53ad8297f8,2,False,True,NONE,NOT_FROZEN,NOT_FROZEN
H1174,HBG_24641533cced,4,False,True,NONE,NOT_FROZEN,NOT_FROZEN
H1175,HBG_155729ed5825,1,True,True,NONE,NOT_FROZEN,NOT_FROZEN
H1176,HBG_5007b7c5daae,3,False,True,NONE,NOT_FROZEN,NOT_FROZEN
H1177,HBG_a6d5e6569946,1,True,True,NONE,NOT_FROZEN,NOT_FROZEN
H1178,HBG_c4df15bfca5e,1,True,True,NONE,NOT_FROZEN,NOT_FROZEN
H1179,HBG_d6715848d9c5,1,True,True,NONE,NOT_FROZEN,NOT_FROZEN
H1180,HBG_03eceaf747d7,1,True,True,NONE,NOT_FROZEN,NOT_FROZEN
H1181,HBG_cf1b6d92c31e,3,False,True,NONE,NOT_FROZEN,NOT_FROZEN
H1182,HBG_8f96bd0f52c8,1,True,True,NONE,NOT_FROZEN,NOT_FROZEN
H1183,HBG_a4a73c8fc474,1,True,True,NONE,NOT_FROZEN,NOT_FROZEN
H1184,HBG_42b4a7965b1c,1,True,True,NONE,NOT_FROZEN,NOT_FROZEN
H1185,HBG_2c3e5ea766a9,1,True,True,NONE,NOT_FROZEN,NOT_FROZEN
H1186,HBG_0e3e9104d4dd,1,True,True,NONE,NOT_FROZEN,NOT_FROZEN
H1187,HBG_c3ec45f3dbf0,1,True,True,NONE,NOT_FROZEN,NOT_FROZEN
H1188,HBG_0d1021cad155,1,True,True,NONE,NOT_FROZEN,NOT_FROZEN
H1189,HBG_3a49c6706d6e,1,True,True,NONE,NOT_FROZEN,NOT_FROZEN
H1190,HBG_db686f1fc52b,1,True,True,NONE,NOT_FROZEN,NOT_FROZEN
H1191,HBG_c098b07dc6c2,1,True,True,NONE,NOT_FROZEN,NOT_FROZEN
H1192,HBG_17cb7e8426b9,3,False,True,NONE,NOT_FROZEN,NOT_FROZEN
H1193,HBG_17cb7e8426b9,3,False,True,ENGLISH_FIELD_DISABLED,NOT_FROZEN,NOT_FROZEN
H1194,HBG_17cb7e8426b9,3,False,True,ENGLISH_FIELD_DISABLED,NOT_FROZEN,NOT_FROZEN
H1195,HBG_a57f35712a1e,1,True,True,NONE,NOT_FROZEN,NOT_FROZEN
H1196,HBG_44c39709264b,2,False,True,NONE,NOT_FROZEN,NOT_FROZEN
H1197,HBG_f5d4d1d65c57,1,True,True,NONE,NOT_FROZEN,NOT_FROZEN
H1198,HBG_c22be55e1f48,1,True,True,NONE,NOT_FROZEN,NOT_FROZEN
H1199,HBG_62b6fb672999,1,True,True,NONE,NOT_FROZEN,NOT_FROZEN
H1200,HBG_b1cfc8363771,1,True,True,NONE,NOT_FROZEN,NOT_FROZEN
H1201,HBG_da98a13518b0,1,True,True,NONE,NOT_FROZEN,NOT_FROZEN
H1202,HBG_4a976df4b8f6,1,True,True,NONE,NOT_FROZEN,NOT_FROZEN
H1203,HBG_71fe0f0f7210,1,True,True,NONE,NOT_FROZEN,NOT_FROZEN
H1204,HBG_5007b7c5daae,3,False,True,NONE,NOT_FROZEN,NOT_FROZEN
H1205,HBG_7c4654aaef41,1,True,True,NONE,NOT_FROZEN,NOT_FROZEN
H1206,HBG_dd17e8e6814a,1,True,True,NONE,NOT_FROZEN,NOT_FROZEN
H1207,HBG_cf1b6d92c31e,3,False,True,NONE,NOT_FROZEN,NOT_FROZEN
H1208,HBG_cf1b6d92c31e,3,False,True,NONE,NOT_FROZEN,NOT_FROZEN
H1209,HBG_1b8c1875da4c,2,False,True,NONE,NOT_FROZEN,NOT_FROZEN
H1210,HBG_bf516abe502c,2,False,True,NONE,NOT_FROZEN,NOT_FROZEN
H1211,HBG_fdcc485d52a8,1,True,True,NONE,NOT_FROZEN,NOT_FROZEN
H1212,HBG_b8ffaf87c34d,1,True,True,ENGLISH_FIELD_DISABLED,NOT_FROZEN,NOT_FROZEN
H1213,HBG_de7b6ea10465,1,True,True,NONE,NOT_FROZEN,NOT_FROZEN
H1214,HBG_ca38343942f6,1,True,True,NONE,NOT_FROZEN,NOT_FROZEN
H1215,HBG_6260999fea64,1,True,True,NONE,NOT_FROZEN,NOT_FROZEN
H1216,HBG_f4b2ad141283,1,True,True,NONE,NOT_FROZEN,NOT_FROZEN
H1217,HBG_6bf526c7746c,3,False,True,NONE,NOT_FROZEN,NOT_FROZEN
H1218,HBG_19db8d1b42bf,2,False,True,ENGLISH_AUXILIARY_ONLY,NOT_FROZEN,NOT_FROZEN
H1219,HBG_19db8d1b42bf,2,False,True,ENGLISH_AUXILIARY_ONLY,NOT_FROZEN,NOT_FROZEN
H1220,HBG_8f2b2da0c7e8,2,False,True,ENGLISH_FIELD_DISABLED,NOT_FROZEN,NOT_FROZEN
H1221,HBG_8f2b2da0c7e8,2,False,True,ENGLISH_FIELD_DISABLED,NOT_FROZEN,NOT_FROZEN
H1222,HBG_06b6a964fba4,4,False,True,NONE,NOT_FROZEN,NOT_FROZEN
H1223,HBG_ba4fb545ef78,3,False,True,ENGLISH_FIELD_DISABLED,NOT_FROZEN,NOT_FROZEN
H1224,HBG_06b6a964fba4,4,False,True,NONE,NOT_FROZEN,NOT_FROZEN
H1225,HBG_06b6a964fba4,4,False,True,ENGLISH_FIELD_DISABLED,NOT_FROZEN,NOT_FROZEN
H1226,HBG_40c78bab6c15,1,True,True,NONE,NOT_FROZEN,NOT_FROZEN
H1227,HBG_06b6a964fba4,4,False,True,ENGLISH_FIELD_DISABLED,NOT_FROZEN,NOT_FROZEN
H1228,HBG_615797f8f1a0,5,False,True,NONE,NOT_FROZEN,NOT_FROZEN
H1229,HBG_a3317d8fce68,1,True,True,NONE,NOT_FROZEN,NOT_FROZEN
H1230,HBG_615797f8f1a0,5,False,True,NONE,NOT_FROZEN,NOT_FROZEN
H1231,HBG_615797f8f1a0,5,False,True,NONE,NOT_FROZEN,NOT_FROZEN
H1232,HBG_a47c1fa3d696,1,True,True,ENGLISH_FIELD_DISABLED,NOT_FROZEN,NOT_FROZEN
H1233,HBG_5bd94cd31993,1,True,True,NONE,NOT_FROZEN,NOT_FROZEN
H1234,HBG_c57c5cab66af,1,True,True,NONE,NOT_FROZEN,NOT_FROZEN
H1235,HBG_b9e56aa641d7,1,True,True,NONE,NOT_FROZEN,NOT_FROZEN
H1236,HBG_a84426352825,1,True,True,NONE,NOT_FROZEN,NOT_FROZEN
H1237,HBG_aad5191638e1,1,True,True,NONE,NOT_FROZEN,NOT_FROZEN
H1238,HBG_2c696ef7c110,3,False,True,NONE,NOT_FROZEN,NOT_FROZEN
H1239,HBG_2c696ef7c110,3,False,True,NONE,NOT_FROZEN,NOT_FROZEN
H1240,HBG_25bce595388f,1,True,True,ENGLISH_FIELD_DISABLED,NOT_FROZEN,NOT_FROZEN
H1241,HBG_ef58b94c11ae,7,False,True,NONE,NOT_FROZEN,NOT_FROZEN
H1242,HBG_ef58b94c11ae,7,False,True,NONE,NOT_FROZEN,NOT_FROZEN
H1243,HBG_ef58b94c11ae,7,False,True,NONE,NOT_FROZEN,NOT_FROZEN
H1244,HBG_353c5798293c,1,True,True,ENGLISH_FIELD_DISABLED,NOT_FROZEN,NOT_FROZEN
H1245,HBG_e905688855f1,1,True,True,NONE,NOT_FROZEN,NOT_FROZEN
H1246,HBG_a12b3ace65f7,1,True,True,NONE,NOT_FROZEN,NOT_FROZEN
H1247,HBG_adaf95cb0098,4,False,True,NONE,NOT_FROZEN,NOT_FROZEN
H1248,HBG_adaf95cb0098,4,False,True,NONE,NOT_FROZEN,NOT_FROZEN
H1249,HBG_adaf95cb0098,4,False,True,NONE,NOT_FROZEN,NOT_FROZEN
H1250,HBG_adaf95cb0098,4,False,True,NONE,NOT_FROZEN,NOT_FROZEN
H1251,HBG_3379727f2d33,4,False,True,NONE,NOT_FROZEN,NOT_FROZEN
H1252,HBG_3379727f2d33,4,False,True,NONE,NOT_FROZEN,NOT_FROZEN
H1253,HBG_3379727f2d33,4,False,True,NONE,NOT_FROZEN,NOT_FROZEN
H1254,HBG_3379727f2d33,4,False,True,NONE,NOT_FROZEN,NOT_FROZEN
