herb_id,P1_group_signature,P2_group_signature,same_member_set,P2_added_connectivity,difference_reason
H0001,P1SIG_6033a296141f,P2SIG_6033a296141f,True,False,
H0002,P1SIG_c7cf09940944,P2SIG_c7cf09940944,True,False,
H0003,P1SIG_aaf603a01cbb,P2SIG_aaf603a01cbb,True,False,
H0004,P1SIG_fb66ebdaeeb7,P2SIG_fb66ebdaeeb7,True,False,
H0005,P1SIG_a293c605eef1,P2SIG_a293c605eef1,True,False,
H0006,P1SIG_09d240b0d799,P2SIG_09d240b0d799,True,False,
H0007,P1SIG_73a6e8381336,P2SIG_73a6e8381336,True,False,
H0008,P1SIG_8a464c1150b8,P2SIG_8a464c1150b8,True,False,
H0009,P1SIG_9e096939c148,P2SIG_9e096939c148,True,False,
H0010,P1SIG_d0375c911ce0,P2SIG_d0375c911ce0,True,False,
H0011,P1SIG_0a33d5099e23,P2SIG_0a33d5099e23,True,False,
H0012,P1SIG_420c94e2b3f6,P2SIG_420c94e2b3f6,True,False,
H0013,P1SIG_09ea31ca8958,P2SIG_09ea31ca8958,True,False,
H0014,P1SIG_b461cb2f02b4,P2SIG_b461cb2f02b4,True,False,
H0015,P1SIG_5df6ebecfee4,P2SIG_5df6ebecfee4,True,False,
H0016,P1SIG_70ffc16b529b,P2SIG_70ffc16b529b,True,False,
H0017,P1SIG_8d51e4930e0d,P2SIG_8d51e4930e0d,True,False,
H0018,P1SIG_d5198175a674,P2SIG_d5198175a674,True,False,
H0019,P1SIG_609c304b4596,P2SIG_609c304b4596,True,False,
H0020,P1SIG_971307da6658,P2SIG_971307da6658,True,False,
H0021,P1SIG_6e45041dcc74,P2SIG_6e45041dcc74,True,False,
H0022,P1SIG_c621ae793c3d,P2SIG_c621ae793c3d,True,False,
H0023,P1SIG_6a3f70a039af,P2SIG_6a3f70a039af,True,False,
H0024,P1SIG_d75df6c4a386,P2SIG_d75df6c4a386,True,False,
H0025,P1SIG_3e9e70f014b5,P2SIG_3e9e70f014b5,True,False,
H0026,P1SIG_816cee921353,P2SIG_816cee921353,True,False,
H0027,P1SIG_c0aee8e1706c,P2SIG_c0aee8e1706c,True,False,
H0028,P1SIG_1e7a78a59ac0,P2SIG_1e7a78a59ac0,True,False,
H0029,P1SIG_f57e849cee44,P2SIG_f57e849cee44,True,False,
H0030,P1SIG_451375b97916,P2SIG_451375b97916,True,False,
H0031,P1SIG_d5e4138b9246,P2SIG_d5e4138b9246,True,False,
H0032,P1SIG_4b1c72edc5dc,P2SIG_4b1c72edc5dc,True,False,
H0033,P1SIG_48ded1d3302f,P2SIG_48ded1d3302f,True,False,
H0034,P1SIG_7527298cea64,P2SIG_7527298cea64,True,False,
H0035,P1SIG_8ea0937ca3c6,P2SIG_8ea0937ca3c6,True,False,
H0036,P1SIG_95d97bde754e,P2SIG_95d97bde754e,True,False,
H0037,P1SIG_c28e2aebc877,P2SIG_c28e2aebc877,True,False,
H0038,P1SIG_3124325fc5d7,P2SIG_3124325fc5d7,True,False,
H0039,P1SIG_8f1a3c1a28a0,P2SIG_8f1a3c1a28a0,True,False,
H0040,P1SIG_6ce35231c8e2,P2SIG_6ce35231c8e2,True,False,
H0041,P1SIG_4908e4e80fd2,P2SIG_4908e4e80fd2,True,False,
H0042,P1SIG_a3274ea4d2ac,P2SIG_a3274ea4d2ac,True,False,
H0043,P1SIG_a31373d8b238,P2SIG_a31373d8b238,True,False,
H0044,P1SIG_1aa82c7db728,P2SIG_1aa82c7db728,True,False,
H0045,P1SIG_13fc924be3e1,P2SIG_13fc924be3e1,True,False,
H0046,P1SIG_fa330c6da92b,P2SIG_fa330c6da92b,True,False,
H0047,P1SIG_bf8b5230c2ef,P2SIG_bf8b5230c2ef,True,False,
H0048,P1SIG_33cfc130abfd,P2SIG_33cfc130abfd,True,False,
H0049,P1SIG_0c1a772b814e,P2SIG_0c1a772b814e,True,False,
H0050,P1SIG_415bc1cab7b0,P2SIG_415bc1cab7b0,True,False,
H0051,P1SIG_e9c50fe6718d,P2SIG_e9c50fe6718d,True,False,
H0052,P1SIG_0b29c5ef152f,P2SIG_0b29c5ef152f,True,False,
H0053,P1SIG_a8eeafbdba48,P2SIG_a8eeafbdba48,True,False,
H0054,P1SIG_60476bb8a197,P2SIG_60476bb8a197,True,False,
H0055,P1SIG_68f659cd4991,P2SIG_68f659cd4991,True,False,
H0056,P1SIG_005628e0e7c1,P2SIG_005628e0e7c1,True,False,
H0057,P1SIG_013c8034d077,P2SIG_013c8034d077,True,False,
H0058,P1SIG_1abc2c8d0407,P2SIG_1abc2c8d0407,True,False,
H0059,P1SIG_2b0daa529576,P2SIG_2b0daa529576,True,False,
H0060,P1SIG_7aa668a52fc9,P2SIG_7aa668a52fc9,True,False,
H0061,P1SIG_3bbcd1186275,P2SIG_3bbcd1186275,True,False,
H0063,P1SIG_ea3f697c44e9,P2SIG_ea3f697c44e9,True,False,
H0064,P1SIG_e6b5c54a7bd3,P2SIG_e6b5c54a7bd3,True,False,
H0065,P1SIG_a8880224b0de,P2SIG_a8880224b0de,True,False,
H0066,P1SIG_eb5ee4fffb9f,P2SIG_eb5ee4fffb9f,True,False,
H0067,P1SIG_c6eb1610999f,P2SIG_c6eb1610999f,True,False,
H0068,P1SIG_8675e75ba87d,P2SIG_8675e75ba87d,True,False,
H0069,P1SIG_7d4ec12d686b,P2SIG_7d4ec12d686b,True,False,
H0070,P1SIG_ae9fec52efd0,P2SIG_ae9fec52efd0,True,False,
H0071,P1SIG_134da396d8d5,P2SIG_134da396d8d5,True,False,
H0072,P1SIG_3f54413b1364,P2SIG_3f54413b1364,True,False,
H0073,P1SIG_1c55930ace59,P2SIG_1c55930ace59,True,False,
H0074,P1SIG_d0d367b7e3ea,P2SIG_d0d367b7e3ea,True,False,
H0075,P1SIG_f4bf38e339de,P2SIG_f4bf38e339de,True,False,
H0076,P1SIG_5da2f0fa4378,P2SIG_5da2f0fa4378,True,False,
H0077,P1SIG_473893237809,P2SIG_473893237809,True,False,
H0078,P1SIG_f77bd9e0b6ab,P2SIG_f77bd9e0b6ab,True,False,
H0079,P1SIG_ac75075aad13,P2SIG_ac75075aad13,True,False,
H0080,P1SIG_0f7692e6ff25,P2SIG_0f7692e6ff25,True,False,
H0081,P1SIG_c0e51621d209,P2SIG_c0e51621d209,True,False,
H0082,P1SIG_05638e08eab1,P2SIG_05638e08eab1,True,False,
H0083,P1SIG_7e6ffff9bcdc,P2SIG_7e6ffff9bcdc,True,False,
H0084,P1SIG_2906bdd99bcb,P2SIG_2906bdd99bcb,True,False,
H0085,P1SIG_0828edcebfd3,P2SIG_0828edcebfd3,True,False,
H0086,P1SIG_0530df36afaf,P2SIG_0530df36afaf,True,False,
H0087,P1SIG_4767320870ea,P2SIG_4767320870ea,True,False,
H0088,P1SIG_4e2b0b716c0f,P2SIG_4e2b0b716c0f,True,False,
H0089,P1SIG_ed4b55ceb16c,P2SIG_ed4b55ceb16c,True,False,
H0090,P1SIG_9b0f40d8135d,P2SIG_9b0f40d8135d,True,False,
H0091,P1SIG_f00c546fdaef,P2SIG_f00c546fdaef,True,False,
H0092,P1SIG_d54070b673a2,P2SIG_d54070b673a2,True,False,
H0093,P1SIG_71ca8b3954af,P2SIG_71ca8b3954af,True,False,
H0094,P1SIG_21782fd22a93,P2SIG_21782fd22a93,True,False,
H0095,P1SIG_b2ef075ca5b1,P2SIG_b2ef075ca5b1,True,False,
H0096,P1SIG_2721b304cb93,P2SIG_2721b304cb93,True,False,
H0097,P1SIG_3edba5160e58,P2SIG_3edba5160e58,True,False,
H0098,P1SIG_1d5decc1aaca,P2SIG_1d5decc1aaca,True,False,
H0099,P1SIG_74669cbbc77f,P2SIG_74669cbbc77f,True,False,
H0100,P1SIG_5a9ffce16ed0,P2SIG_5a9ffce16ed0,True,False,
H0101,P1SIG_c5a7530d271c,P2SIG_c5a7530d271c,True,False,
H0102,P1SIG_46932cc89bdd,P2SIG_46932cc89bdd,True,False,
H0103,P1SIG_d251820dd6eb,P2SIG_d251820dd6eb,True,False,
H0104,P1SIG_b70d0203c5c5,P2SIG_b70d0203c5c5,True,False,
H0105,P1SIG_27822b90ea02,P2SIG_27822b90ea02,True,False,
H0107,P1SIG_88c1ce97c1fd,P2SIG_88c1ce97c1fd,True,False,
H0108,P1SIG_d27eeec00002,P2SIG_d27eeec00002,True,False,
H0109,P1SIG_acd14e75e933,P2SIG_acd14e75e933,True,False,
H0110,P1SIG_c095131f4657,P2SIG_c095131f4657,True,False,
H0111,P1SIG_828211664a4e,P2SIG_828211664a4e,True,False,
H0112,P1SIG_b0f6e44b98b2,P2SIG_b0f6e44b98b2,True,False,
H0113,P1SIG_242d509d4888,P2SIG_242d509d4888,True,False,
H0114,P1SIG_34f6085f650f,P2SIG_34f6085f650f,True,False,
H0115,P1SIG_14deb49af05a,P2SIG_14deb49af05a,True,False,
H0116,P1SIG_d468ee6f56d8,P2SIG_d468ee6f56d8,True,False,
H0117,P1SIG_9f8cb2888692,P2SIG_9f8cb2888692,True,False,
H0118,P1SIG_c7526dd1e10f,P2SIG_c7526dd1e10f,True,False,
H0119,P1SIG_ddd14028b6a6,P2SIG_ddd14028b6a6,True,False,
H0120,P1SIG_e84f12bdb03b,P2SIG_e84f12bdb03b,True,False,
H0121,P1SIG_ffcacb2d9531,P2SIG_ffcacb2d9531,True,False,
H0122,P1SIG_da878cdb26fe,P2SIG_da878cdb26fe,True,False,
H0123,P1SIG_94692bcf2af9,P2SIG_94692bcf2af9,True,False,
H0124,P1SIG_32687a7f7193,P2SIG_32687a7f7193,True,False,
H0125,P1SIG_04c124fe2872,P2SIG_04c124fe2872,True,False,
H0126,P1SIG_6e9cb680bece,P2SIG_6e9cb680bece,True,False,
H0127,P1SIG_ab3f45c15e77,P2SIG_ab3f45c15e77,True,False,
H0128,P1SIG_5c516e8e020c,P2SIG_5c516e8e020c,True,False,
H0129,P1SIG_d3daefd07e0c,P2SIG_d3daefd07e0c,True,False,
H0130,P1SIG_040d5c2eb105,P2SIG_040d5c2eb105,True,False,
H0131,P1SIG_511bba71b2a4,P2SIG_511bba71b2a4,True,False,
H0132,P1SIG_b036d8e6afc7,P2SIG_b036d8e6afc7,True,False,
H0133,P1SIG_6105dd9d0445,P2SIG_6105dd9d0445,True,False,
H0134,P1SIG_ed6f7e49e92f,P2SIG_ed6f7e49e92f,True,False,
H0135,P1SIG_4cfdd54d2c7a,P2SIG_4cfdd54d2c7a,True,False,
H0136,P1SIG_0e10bda9fc3e,P2SIG_0e10bda9fc3e,True,False,
H0137,P1SIG_9a1b93f73472,P2SIG_9a1b93f73472,True,False,
H0139,P1SIG_43d4b185c587,P2SIG_43d4b185c587,True,False,
H0140,P1SIG_05d279bc2a51,P2SIG_05d279bc2a51,True,False,
H0141,P1SIG_7c40421878f6,P2SIG_7c40421878f6,True,False,
H0142,P1SIG_ac9290ea5120,P2SIG_ac9290ea5120,True,False,
H0143,P1SIG_d366eacaa79b,P2SIG_d366eacaa79b,True,False,
H0144,P1SIG_4feb6e715361,P2SIG_4feb6e715361,True,False,
H0145,P1SIG_ad615e372662,P2SIG_ad615e372662,True,False,
H0146,P1SIG_b481f9e19d80,P2SIG_b481f9e19d80,True,False,
H0147,P1SIG_1ab4c80fee92,P2SIG_1ab4c80fee92,True,False,
H0148,P1SIG_f0239922bdad,P2SIG_f0239922bdad,True,False,
H0149,P1SIG_e4e1de1db9ff,P2SIG_e4e1de1db9ff,True,False,
H0150,P1SIG_785b5dac4f43,P2SIG_785b5dac4f43,True,False,
H0151,P1SIG_f40f1a788222,P2SIG_f40f1a788222,True,False,
H0152,P1SIG_3a6131f78e9d,P2SIG_3a6131f78e9d,True,False,
H0153,P1SIG_419503b33a51,P2SIG_419503b33a51,True,False,
H0154,P1SIG_b25e7c832a06,P2SIG_b25e7c832a06,True,False,
H0155,P1SIG_2edd65079091,P2SIG_2edd65079091,True,False,
H0156,P1SIG_17085bc9d05c,P2SIG_17085bc9d05c,True,False,
H0157,P1SIG_512f498377a2,P2SIG_512f498377a2,True,False,
H0158,P1SIG_d0e0b94b6933,P2SIG_d0e0b94b6933,True,False,
H0159,P1SIG_4c56ff943698,P2SIG_4c56ff943698,True,False,
H0160,P1SIG_a751ce8e8ceb,P2SIG_a751ce8e8ceb,True,False,
H0161,P1SIG_3895046302e1,P2SIG_3895046302e1,True,False,
H0162,P1SIG_7af5cb1f6b2d,P2SIG_7af5cb1f6b2d,True,False,
H0163,P1SIG_bc6d8e1f19f4,P2SIG_bc6d8e1f19f4,True,False,
H0164,P1SIG_b40ff5a8d10f,P2SIG_b40ff5a8d10f,True,False,
H0165,P1SIG_a14e49dc1be2,P2SIG_a14e49dc1be2,True,False,
H0166,P1SIG_e98b81a2ca4a,P2SIG_e98b81a2ca4a,True,False,
H0167,P1SIG_28661fb98359,P2SIG_28661fb98359,True,False,
H0168,P1SIG_9d1a8b53cbe8,P2SIG_9d1a8b53cbe8,True,False,
H0169,P1SIG_a8a46d7c7b96,P2SIG_a8a46d7c7b96,True,False,
H0170,P1SIG_1ddc7a859844,P2SIG_1ddc7a859844,True,False,
H0171,P1SIG_ba059f1e6a5c,P2SIG_ba059f1e6a5c,True,False,
H0172,P1SIG_5e730c7c7c6e,P2SIG_5e730c7c7c6e,True,False,
H0173,P1SIG_31be0748f848,P2SIG_31be0748f848,True,False,
H0174,P1SIG_79559a8f80f5,P2SIG_79559a8f80f5,True,False,
H0175,P1SIG_cefa4c4089da,P2SIG_cefa4c4089da,True,False,
H0176,P1SIG_61bf94746666,P2SIG_61bf94746666,True,False,
H0177,P1SIG_ad156a310c1b,P2SIG_ad156a310c1b,True,False,
H0178,P1SIG_19014f2b6721,P2SIG_19014f2b6721,True,False,
H0179,P1SIG_08ef0a19f4af,P2SIG_08ef0a19f4af,True,False,
H0180,P1SIG_77c456492ed0,P2SIG_77c456492ed0,True,False,
H0181,P1SIG_e6918ebb81ee,P2SIG_e6918ebb81ee,True,False,
H0182,P1SIG_99f2a38441f2,P2SIG_99f2a38441f2,True,False,
H0183,P1SIG_08937bb0fadb,P2SIG_08937bb0fadb,True,False,
H0184,P1SIG_6685424d4261,P2SIG_6685424d4261,True,False,
H0185,P1SIG_4916c664edfc,P2SIG_4916c664edfc,True,False,
H0186,P1SIG_bb9dab509f9b,P2SIG_bb9dab509f9b,True,False,
H0187,P1SIG_2607af7df66c,P2SIG_2607af7df66c,True,False,
H0188,P1SIG_b26ccec44311,P2SIG_b26ccec44311,True,False,
H0189,P1SIG_7d5b8ca46aae,P2SIG_7d5b8ca46aae,True,False,
H0190,P1SIG_0ad3bf48bf53,P2SIG_0ad3bf48bf53,True,False,
H0192,P1SIG_420563d963a0,P2SIG_420563d963a0,True,False,
H0193,P1SIG_90d3a22f0110,P2SIG_90d3a22f0110,True,False,
H0194,P1SIG_c16f4496c543,P2SIG_c16f4496c543,True,False,
H0195,P1SIG_e0d6e55ad5bf,P2SIG_e0d6e55ad5bf,True,False,
H0196,P1SIG_f9d436be5eb6,P2SIG_f9d436be5eb6,True,False,
H0197,P1SIG_6553e94e6439,P2SIG_6553e94e6439,True,False,
H0198,P1SIG_01a40ac6bac4,P2SIG_01a40ac6bac4,True,False,
H0199,P1SIG_19043ee1548b,P2SIG_19043ee1548b,True,False,
H0200,P1SIG_2309cdae6107,P2SIG_2309cdae6107,True,False,
H0201,P1SIG_b1c4b983f881,P2SIG_b1c4b983f881,True,False,
H0202,P1SIG_c0339c840228,P2SIG_c0339c840228,True,False,
H0203,P1SIG_705aa08eafd2,P2SIG_705aa08eafd2,True,False,
H0204,P1SIG_079e3e8041d7,P2SIG_079e3e8041d7,True,False,
H0205,P1SIG_feaadf1ce0c5,P2SIG_feaadf1ce0c5,True,False,
H0206,P1SIG_6405fac782c5,P2SIG_6405fac782c5,True,False,
H0207,P1SIG_e20aadaea247,P2SIG_e20aadaea247,True,False,
H0208,P1SIG_d17d4a773a7a,P2SIG_d17d4a773a7a,True,False,
H0209,P1SIG_6823de565549,P2SIG_6823de565549,True,False,
H0210,P1SIG_61864423a13a,P2SIG_61864423a13a,True,False,
H0211,P1SIG_7eda6e11e566,P2SIG_7eda6e11e566,True,False,
H0212,P1SIG_efaa69ade0fa,P2SIG_efaa69ade0fa,True,False,
H0213,P1SIG_a2e72632f694,P2SIG_a2e72632f694,True,False,
H0214,P1SIG_d2dc72c4ebd0,P2SIG_d2dc72c4ebd0,True,False,
H0215,P1SIG_50622f91509c,P2SIG_50622f91509c,True,False,
H0216,P1SIG_f765878bb205,P2SIG_f765878bb205,True,False,
H0217,P1SIG_bf3a5b2d1008,P2SIG_bf3a5b2d1008,True,False,
H0218,P1SIG_0e02cca3a84c,P2SIG_0e02cca3a84c,True,False,
H0219,P1SIG_72d05b44c2e1,P2SIG_72d05b44c2e1,True,False,
H0220,P1SIG_b0d9f45df402,P2SIG_b0d9f45df402,True,False,
H0221,P1SIG_c366c2e774ea,P2SIG_c366c2e774ea,True,False,
H0222,P1SIG_4b6264affd6a,P2SIG_4b6264affd6a,True,False,
H0223,P1SIG_8ca2b71438a2,P2SIG_8ca2b71438a2,True,False,
H0224,P1SIG_ea9e07cb8c75,P2SIG_ea9e07cb8c75,True,False,
H0225,P1SIG_4e066a9410ca,P2SIG_4e066a9410ca,True,False,
H0226,P1SIG_e542d87db819,P2SIG_e542d87db819,True,False,
H0227,P1SIG_00e1946398f7,P2SIG_00e1946398f7,True,False,
H0228,P1SIG_a780b4fb239b,P2SIG_a780b4fb239b,True,False,
H0229,P1SIG_ed09b82af626,P2SIG_ed09b82af626,True,False,
H0230,P1SIG_209da42b4511,P2SIG_209da42b4511,True,False,
H0231,P1SIG_af4f7e6acedd,P2SIG_af4f7e6acedd,True,False,
H0232,P1SIG_884101640b7c,P2SIG_884101640b7c,True,False,
H0233,P1SIG_00b7bc63c9b2,P2SIG_00b7bc63c9b2,True,False,
H0234,P1SIG_b0678a9f0bdc,P2SIG_b0678a9f0bdc,True,False,
H0235,P1SIG_b26c6f0227ce,P2SIG_b26c6f0227ce,True,False,
H0236,P1SIG_8e6d7af57d47,P2SIG_8e6d7af57d47,True,False,
H0237,P1SIG_77c8e78060fe,P2SIG_77c8e78060fe,True,False,
H0238,P1SIG_26b0c172a29c,P2SIG_26b0c172a29c,True,False,
H0239,P1SIG_8a2a893cbeb7,P2SIG_8a2a893cbeb7,True,False,
H0240,P1SIG_49396bc4a23a,P2SIG_49396bc4a23a,True,False,
H0241,P1SIG_8ca2861e6468,P2SIG_8ca2861e6468,True,False,
H0242,P1SIG_e4dfb575fbdc,P2SIG_e4dfb575fbdc,True,False,
H0243,P1SIG_8b3ba105a70a,P2SIG_8b3ba105a70a,True,False,
H0244,P1SIG_3c0f1ae19e37,P2SIG_3c0f1ae19e37,True,False,
H0245,P1SIG_8afdbcffe25d,P2SIG_8afdbcffe25d,True,False,
H0246,P1SIG_511d59f0d56f,P2SIG_511d59f0d56f,True,False,
H0247,P1SIG_01b5eececfe9,P2SIG_01b5eececfe9,True,False,
H0248,P1SIG_f4d16e1d45b9,P2SIG_f4d16e1d45b9,True,False,
H0249,P1SIG_ce5a5fca397d,P2SIG_ce5a5fca397d,True,False,
H0250,P1SIG_b70df8604dde,P2SIG_b70df8604dde,True,False,
H0251,P1SIG_f8d71c3e4fba,P2SIG_f8d71c3e4fba,True,False,
H0252,P1SIG_f74c7553e800,P2SIG_f74c7553e800,True,False,
H0253,P1SIG_9f26e07c97cf,P2SIG_9f26e07c97cf,True,False,
H0254,P1SIG_c80c6c782d4d,P2SIG_c80c6c782d4d,True,False,
H0255,P1SIG_163f3d4f3449,P2SIG_163f3d4f3449,True,False,
H0256,P1SIG_f8f7cffcb7b7,P2SIG_f8f7cffcb7b7,True,False,
H0257,P1SIG_900ce8f7b622,P2SIG_900ce8f7b622,True,False,
H0258,P1SIG_f3165ab95bee,P2SIG_f3165ab95bee,True,False,
H0259,P1SIG_581aa9fd9acc,P2SIG_581aa9fd9acc,True,False,
H0260,P1SIG_a5cc93c3ffc4,P2SIG_a5cc93c3ffc4,True,False,
H0261,P1SIG_6721d9b5f187,P2SIG_6721d9b5f187,True,False,
H0262,P1SIG_920c24a48119,P2SIG_920c24a48119,True,False,
H0263,P1SIG_1ce5fd0f7ac7,P2SIG_1ce5fd0f7ac7,True,False,
H0264,P1SIG_c36dd378b306,P2SIG_c36dd378b306,True,False,
H0265,P1SIG_1efe23e9796e,P2SIG_1efe23e9796e,True,False,
H0266,P1SIG_fc34a4e05d4f,P2SIG_fc34a4e05d4f,True,False,
H0267,P1SIG_a6dfed9e0b3f,P2SIG_a6dfed9e0b3f,True,False,
H0268,P1SIG_4463e70e3ec1,P2SIG_4463e70e3ec1,True,False,
H0269,P1SIG_bf81ee4a0c18,P2SIG_bf81ee4a0c18,True,False,
H0270,P1SIG_9b3954115105,P2SIG_9b3954115105,True,False,
H0271,P1SIG_cd99dd844695,P2SIG_cd99dd844695,True,False,
H0272,P1SIG_7fd94bf78162,P2SIG_7fd94bf78162,True,False,
H0273,P1SIG_d075aded01f1,P2SIG_d075aded01f1,True,False,
H0274,P1SIG_d240e4462c44,P2SIG_d240e4462c44,True,False,
H0275,P1SIG_d1fb95bc1560,P2SIG_d1fb95bc1560,True,False,
H0276,P1SIG_c69bacbbeb14,P2SIG_c69bacbbeb14,True,False,
H0277,P1SIG_2bee0e5fc310,P2SIG_2bee0e5fc310,True,False,
H0278,P1SIG_a4281583c570,P2SIG_a4281583c570,True,False,
H0279,P1SIG_4ef581b59b1a,P2SIG_4ef581b59b1a,True,False,
H0280,P1SIG_1e5dd67e7d47,P2SIG_1e5dd67e7d47,True,False,
H0281,P1SIG_2bd21d965cc3,P2SIG_2bd21d965cc3,True,False,
H0282,P1SIG_3211c58460ae,P2SIG_3211c58460ae,True,False,
H0283,P1SIG_bd318eebad02,P2SIG_bd318eebad02,True,False,
H0284,P1SIG_bfb33f323b1c,P2SIG_bfb33f323b1c,True,False,
H0285,P1SIG_98a9f3cee748,P2SIG_98a9f3cee748,True,False,
H0286,P1SIG_df0c3983c233,P2SIG_df0c3983c233,True,False,
H0287,P1SIG_4c72d8df2496,P2SIG_4c72d8df2496,True,False,
H0288,P1SIG_16c77ada2c46,P2SIG_16c77ada2c46,True,False,
H0289,P1SIG_6b263d4971e5,P2SIG_6b263d4971e5,True,False,
H0290,P1SIG_9ab0d42c7d83,P2SIG_9ab0d42c7d83,True,False,
H0291,P1SIG_01974337c0b6,P2SIG_01974337c0b6,True,False,
H0292,P1SIG_d97b1f9cd7b0,P2SIG_d97b1f9cd7b0,True,False,
H0293,P1SIG_fbf5f1124e8a,P2SIG_fbf5f1124e8a,True,False,
H0294,P1SIG_7461a6e7847e,P2SIG_7461a6e7847e,True,False,
H0295,P1SIG_0b4d30887393,P2SIG_0b4d30887393,True,False,
H0296,P1SIG_29d3e4101991,P2SIG_29d3e4101991,True,False,
H0297,P1SIG_16be65383c64,P2SIG_16be65383c64,True,False,
H0298,P1SIG_da8da9310f57,P2SIG_da8da9310f57,True,False,
H0299,P1SIG_3c1da4339656,P2SIG_3c1da4339656,True,False,
H0300,P1SIG_a381ad3c58f1,P2SIG_a381ad3c58f1,True,False,
H0301,P1SIG_2e62b1ce6e5f,P2SIG_2e62b1ce6e5f,True,False,
H0302,P1SIG_5de5754c3f1f,P2SIG_5de5754c3f1f,True,False,
H0303,P1SIG_f67555fc162e,P2SIG_f67555fc162e,True,False,
H0304,P1SIG_eb1c72f24d30,P2SIG_eb1c72f24d30,True,False,
H0305,P1SIG_5c8eab18e7bf,P2SIG_5c8eab18e7bf,True,False,
H0306,P1SIG_4de16f4a9be2,P2SIG_4de16f4a9be2,True,False,
H0307,P1SIG_c236e9c8d6d8,P2SIG_c236e9c8d6d8,True,False,
H0308,P1SIG_a61f2937d841,P2SIG_a61f2937d841,True,False,
H0309,P1SIG_6175dbb326c1,P2SIG_6175dbb326c1,True,False,
H0310,P1SIG_6c9251aeeed7,P2SIG_6c9251aeeed7,True,False,
H0311,P1SIG_bcd59887a69a,P2SIG_bcd59887a69a,True,False,
H0312,P1SIG_7943b9185efe,P2SIG_7943b9185efe,True,False,
H0313,P1SIG_f5e94faafa1b,P2SIG_f5e94faafa1b,True,False,
H0314,P1SIG_d6835b166ae4,P2SIG_d6835b166ae4,True,False,
H0315,P1SIG_eb65279b0570,P2SIG_eb65279b0570,True,False,
H0316,P1SIG_ff815a9e6f21,P2SIG_ff815a9e6f21,True,False,
H0317,P1SIG_145cbe84d77d,P2SIG_145cbe84d77d,True,False,
H0318,P1SIG_655621d6c839,P2SIG_655621d6c839,True,False,
H0319,P1SIG_06fcbce280af,P2SIG_06fcbce280af,True,False,
H0320,P1SIG_76ab73e9d098,P2SIG_76ab73e9d098,True,False,
H0321,P1SIG_1565a9dfb95a,P2SIG_1565a9dfb95a,True,False,
H0322,P1SIG_2997b7d21ebb,P2SIG_2997b7d21ebb,True,False,
H0323,P1SIG_7117d7453c1d,P2SIG_7117d7453c1d,True,False,
H0324,P1SIG_9bd26bdb9646,P2SIG_9bd26bdb9646,True,False,
H0325,P1SIG_adca28b27935,P2SIG_adca28b27935,True,False,
H0326,P1SIG_3c8e24ce9ac8,P2SIG_3c8e24ce9ac8,True,False,
H0327,P1SIG_87b38640a310,P2SIG_87b38640a310,True,False,
H0328,P1SIG_8c9c78e7e442,P2SIG_8c9c78e7e442,True,False,
H0329,P1SIG_3b6489613bba,P2SIG_3b6489613bba,True,False,
H0330,P1SIG_c475dcd83415,P2SIG_c475dcd83415,True,False,
H0331,P1SIG_9adaa9d1af73,P2SIG_9adaa9d1af73,True,False,
H0332,P1SIG_c747127375d9,P2SIG_c747127375d9,True,False,
H0333,P1SIG_0226177b6285,P2SIG_0226177b6285,True,False,
H0334,P1SIG_563f0b50dc29,P2SIG_563f0b50dc29,True,False,
H0335,P1SIG_3465f2194eb2,P2SIG_3465f2194eb2,True,False,
H0336,P1SIG_05c355e99122,P2SIG_05c355e99122,True,False,
H0337,P1SIG_41c6de794179,P2SIG_41c6de794179,True,False,
H0338,P1SIG_a486b6470890,P2SIG_a486b6470890,True,False,
H0339,P1SIG_02b0c6b80aab,P2SIG_02b0c6b80aab,True,False,
H0340,P1SIG_bdf4876614af,P2SIG_bdf4876614af,True,False,
H0341,P1SIG_5192e6ae665b,P2SIG_5192e6ae665b,True,False,
H0342,P1SIG_7209d401c96a,P2SIG_7209d401c96a,True,False,
H0343,P1SIG_f9fb53beab0f,P2SIG_f9fb53beab0f,True,False,
H0344,P1SIG_b49b85cd269c,P2SIG_b49b85cd269c,True,False,
H0345,P1SIG_040ab2801ceb,P2SIG_040ab2801ceb,True,False,
H0346,P1SIG_942f3bf3e55e,P2SIG_942f3bf3e55e,True,False,
H0347,P1SIG_739c53630b6c,P2SIG_739c53630b6c,True,False,
H0348,P1SIG_3fc25e135cd5,P2SIG_3fc25e135cd5,True,False,
H0349,P1SIG_73bf5b5be2ab,P2SIG_73bf5b5be2ab,True,False,
H0350,P1SIG_a40375597c64,P2SIG_a40375597c64,True,False,
H0351,P1SIG_01a172d77d34,P2SIG_01a172d77d34,True,False,
H0352,P1SIG_72c7f4d88cf6,P2SIG_72c7f4d88cf6,True,False,
H0354,P1SIG_77af7795e49a,P2SIG_77af7795e49a,True,False,
H0355,P1SIG_bccb8369fc2f,P2SIG_bccb8369fc2f,True,False,
H0356,P1SIG_0c407566f8d3,P2SIG_0c407566f8d3,True,False,
H0357,P1SIG_3988ecc3471b,P2SIG_3988ecc3471b,True,False,
H0358,P1SIG_da7b8a4ecec8,P2SIG_da7b8a4ecec8,True,False,
H0359,P1SIG_94302f97a0a6,P2SIG_94302f97a0a6,True,False,
H0360,P1SIG_d268971c3427,P2SIG_d268971c3427,True,False,
H0361,P1SIG_4b2044b419d9,P2SIG_4b2044b419d9,True,False,
H0362,P1SIG_102f866d9510,P2SIG_102f866d9510,True,False,
H0363,P1SIG_613a268e62ec,P2SIG_613a268e62ec,True,False,
H0364,P1SIG_a1bb5bdc7c01,P2SIG_a1bb5bdc7c01,True,False,
H0365,P1SIG_737645a52b5d,P2SIG_737645a52b5d,True,False,
H0366,P1SIG_a8f64801f028,P2SIG_a8f64801f028,True,False,
H0367,P1SIG_9ee4fc4396c5,P2SIG_9ee4fc4396c5,True,False,
H0368,P1SIG_f6c7bb006334,P2SIG_f6c7bb006334,True,False,
H0369,P1SIG_7e124b30f014,P2SIG_7e124b30f014,True,False,
H0370,P1SIG_0337cf72ccba,P2SIG_0337cf72ccba,True,False,
H0371,P1SIG_725de1740352,P2SIG_725de1740352,True,False,
H0372,P1SIG_11be7b052bde,P2SIG_11be7b052bde,True,False,
H0373,P1SIG_a8bebef8a883,P2SIG_a8bebef8a883,True,False,
H0374,P1SIG_84f25d00d778,P2SIG_84f25d00d778,True,False,
H0375,P1SIG_206b31263bac,P2SIG_206b31263bac,True,False,
H0376,P1SIG_12f5b18a1706,P2SIG_12f5b18a1706,True,False,
H0377,P1SIG_431a455112ad,P2SIG_431a455112ad,True,False,
H0378,P1SIG_ad35adcde207,P2SIG_ad35adcde207,True,False,
H0379,P1SIG_03d1fa53466f,P2SIG_03d1fa53466f,True,False,
H0380,P1SIG_ff015d2d8efd,P2SIG_ff015d2d8efd,True,False,
H0381,P1SIG_9fb1f5f48cda,P2SIG_9fb1f5f48cda,True,False,
H0382,P1SIG_cba1e9beee90,P2SIG_cba1e9beee90,True,False,
H0383,P1SIG_32801bbcd4a3,P2SIG_32801bbcd4a3,True,False,
H0384,P1SIG_7cb31eb6e6dd,P2SIG_7cb31eb6e6dd,True,False,
H0385,P1SIG_31e6caadeccb,P2SIG_31e6caadeccb,True,False,
H0386,P1SIG_46c024366d23,P2SIG_46c024366d23,True,False,
H0387,P1SIG_cd8b18a06035,P2SIG_cd8b18a06035,True,False,
H0388,P1SIG_3ae8e4e6377e,P2SIG_3ae8e4e6377e,True,False,
H0389,P1SIG_3c74bb83f1cb,P2SIG_3c74bb83f1cb,True,False,
H0390,P1SIG_f8788fb7b175,P2SIG_f8788fb7b175,True,False,
H0391,P1SIG_849dec518c11,P2SIG_849dec518c11,True,False,
H0392,P1SIG_e4e3fa2c37f0,P2SIG_e4e3fa2c37f0,True,False,
H0393,P1SIG_743fd079145b,P2SIG_743fd079145b,True,False,
H0394,P1SIG_8aaec4e37329,P2SIG_8aaec4e37329,True,False,
H0395,P1SIG_3a7fcf7bb270,P2SIG_3a7fcf7bb270,True,False,
H0396,P1SIG_a91e1fec7687,P2SIG_a91e1fec7687,True,False,
H0397,P1SIG_f20b8c485d6b,P2SIG_f20b8c485d6b,True,False,
H0398,P1SIG_bcd5390bc381,P2SIG_bcd5390bc381,True,False,
H0399,P1SIG_f23bba8b852a,P2SIG_f23bba8b852a,True,False,
H0400,P1SIG_7764976a37fb,P2SIG_7764976a37fb,True,False,
H0401,P1SIG_909570e05923,P2SIG_909570e05923,True,False,
H0402,P1SIG_bd4b25967b4b,P2SIG_bd4b25967b4b,True,False,
H0403,P1SIG_e882399dd95e,P2SIG_e882399dd95e,True,False,
H0404,P1SIG_86329f498db3,P2SIG_86329f498db3,True,False,
H0405,P1SIG_d2a8bfb99e70,P2SIG_d2a8bfb99e70,True,False,
H0406,P1SIG_1527ed3e5cf7,P2SIG_1527ed3e5cf7,True,False,
H0407,P1SIG_41ff31516a48,P2SIG_41ff31516a48,True,False,
H0408,P1SIG_eb5d5cd7bb24,P2SIG_eb5d5cd7bb24,True,False,
H0409,P1SIG_f656f12978f8,P2SIG_f656f12978f8,True,False,
H0410,P1SIG_ee6dc6e190af,P2SIG_ee6dc6e190af,True,False,
H0411,P1SIG_20e0deba1ee8,P2SIG_20e0deba1ee8,True,False,
H0412,P1SIG_4fd233106f07,P2SIG_4fd233106f07,True,False,
H0413,P1SIG_92557418b1f2,P2SIG_92557418b1f2,True,False,
H0414,P1SIG_c61d4fb07bdc,P2SIG_c61d4fb07bdc,True,False,
H0415,P1SIG_6cd1c353b429,P2SIG_6cd1c353b429,True,False,
H0416,P1SIG_46d8e0a3476a,P2SIG_46d8e0a3476a,True,False,
H0417,P1SIG_5f4a74286192,P2SIG_5f4a74286192,True,False,
H0418,P1SIG_b0389b60c7cc,P2SIG_b0389b60c7cc,True,False,
H0419,P1SIG_1f742c6c4504,P2SIG_1f742c6c4504,True,False,
H0420,P1SIG_a85b8bcdccf5,P2SIG_a85b8bcdccf5,True,False,
H0421,P1SIG_ad3d69b56aaf,P2SIG_ad3d69b56aaf,True,False,
H0422,P1SIG_0bc5edc2c38a,P2SIG_0bc5edc2c38a,True,False,
H0423,P1SIG_92d3c4803cda,P2SIG_92d3c4803cda,True,False,
H0424,P1SIG_7d7fab4baf49,P2SIG_7d7fab4baf49,True,False,
H0425,P1SIG_aff57715880c,P2SIG_aff57715880c,True,False,
H0426,P1SIG_823153db7e34,P2SIG_823153db7e34,True,False,
H0427,P1SIG_25da2b02ff3e,P2SIG_25da2b02ff3e,True,False,
H0428,P1SIG_fdf3358da778,P2SIG_fdf3358da778,True,False,
H0429,P1SIG_51d75d8d605c,P2SIG_51d75d8d605c,True,False,
H0430,P1SIG_d85912756249,P2SIG_d85912756249,True,False,
H0431,P1SIG_0592e812a8ef,P2SIG_0592e812a8ef,True,False,
H0432,P1SIG_07030dbe09ab,P2SIG_07030dbe09ab,True,False,
H0433,P1SIG_31e01e152e9c,P2SIG_31e01e152e9c,True,False,
H0434,P1SIG_d1fe53c4029c,P2SIG_d1fe53c4029c,True,False,
H0435,P1SIG_d34569f0d353,P2SIG_d34569f0d353,True,False,
H0436,P1SIG_3229740c3e1c,P2SIG_3229740c3e1c,True,False,
H0437,P1SIG_332ffc56d3f3,P2SIG_332ffc56d3f3,True,False,
H0438,P1SIG_50f90142bd0c,P2SIG_50f90142bd0c,True,False,
H0439,P1SIG_51e8da35a2f4,P2SIG_51e8da35a2f4,True,False,
H0440,P1SIG_9361e82c8d15,P2SIG_9361e82c8d15,True,False,
H0441,P1SIG_f036083179c7,P2SIG_f036083179c7,True,False,
H0442,P1SIG_bba4ca5eed61,P2SIG_bba4ca5eed61,True,False,
H0443,P1SIG_372c6bc45d29,P2SIG_372c6bc45d29,True,False,
H0444,P1SIG_bff3511f2607,P2SIG_bff3511f2607,True,False,
H0445,P1SIG_16e872d84c4d,P2SIG_16e872d84c4d,True,False,
H0446,P1SIG_6cd56a48988c,P2SIG_6cd56a48988c,True,False,
H0447,P1SIG_e30901576d76,P2SIG_e30901576d76,True,False,
H0448,P1SIG_092d6bd8b0c6,P2SIG_092d6bd8b0c6,True,False,
H0449,P1SIG_407d7a777fb2,P2SIG_407d7a777fb2,True,False,
H0450,P1SIG_b8f07f9b5361,P2SIG_b8f07f9b5361,True,False,
H0451,P1SIG_8d5d9ba827aa,P2SIG_8d5d9ba827aa,True,False,
H0452,P1SIG_03c79ad1832e,P2SIG_03c79ad1832e,True,False,
H0453,P1SIG_4b20af09e6b6,P2SIG_4b20af09e6b6,True,False,
H0454,P1SIG_728d734c1e21,P2SIG_728d734c1e21,True,False,
H0455,P1SIG_9a10ee7741bc,P2SIG_9a10ee7741bc,True,False,
H0456,P1SIG_bb40b3396517,P2SIG_bb40b3396517,True,False,
H0457,P1SIG_9c1f1cdb89ad,P2SIG_9c1f1cdb89ad,True,False,
H0458,P1SIG_a0fc5f841749,P2SIG_a0fc5f841749,True,False,
H0459,P1SIG_842c0e3c415e,P2SIG_842c0e3c415e,True,False,
H0461,P1SIG_c1ed9c7c10c6,P2SIG_c1ed9c7c10c6,True,False,
H0462,P1SIG_ecb63d3918a2,P2SIG_ecb63d3918a2,True,False,
H0463,P1SIG_53425b025aa7,P2SIG_53425b025aa7,True,False,
H0464,P1SIG_fac46ccd943f,P2SIG_fac46ccd943f,True,False,
H0465,P1SIG_b620f75510c9,P2SIG_b620f75510c9,True,False,
H0466,P1SIG_80c3c15bf679,P2SIG_80c3c15bf679,True,False,
H0467,P1SIG_e9f226072a24,P2SIG_e9f226072a24,True,False,
H0468,P1SIG_82cc07821380,P2SIG_82cc07821380,True,False,
H0469,P1SIG_b8e8026327a6,P2SIG_b8e8026327a6,True,False,
H0470,P1SIG_580a9571d1e9,P2SIG_580a9571d1e9,True,False,
H0471,P1SIG_02f6e3c66dff,P2SIG_02f6e3c66dff,True,False,
H0472,P1SIG_a4ba50bb638f,P2SIG_a4ba50bb638f,True,False,
H0473,P1SIG_094050e2750c,P2SIG_094050e2750c,True,False,
H0474,P1SIG_40e11207ddf1,P2SIG_40e11207ddf1,True,False,
H0475,P1SIG_cf876a733bad,P2SIG_cf876a733bad,True,False,
H0476,P1SIG_9d61c55e1537,P2SIG_9d61c55e1537,True,False,
H0477,P1SIG_bcdc9fa15163,P2SIG_bcdc9fa15163,True,False,
H0478,P1SIG_b0c50c688ada,P2SIG_b0c50c688ada,True,False,
H0479,P1SIG_9f1a27cb03ff,P2SIG_9f1a27cb03ff,True,False,
H0480,P1SIG_e73ec81b4d5e,P2SIG_e73ec81b4d5e,True,False,
H0481,P1SIG_939836d767b6,P2SIG_939836d767b6,True,False,
H0482,P1SIG_014b20d392a8,P2SIG_014b20d392a8,True,False,
H0483,P1SIG_d3e18ca25c15,P2SIG_d3e18ca25c15,True,False,
H0484,P1SIG_09387d1f9b83,P2SIG_09387d1f9b83,True,False,
H0485,P1SIG_42ab0e175cbf,P2SIG_42ab0e175cbf,True,False,
H0486,P1SIG_77707dcb9dc1,P2SIG_77707dcb9dc1,True,False,
H0487,P1SIG_214a2b0e4ee2,P2SIG_214a2b0e4ee2,True,False,
H0488,P1SIG_df482f4f6e2e,P2SIG_df482f4f6e2e,True,False,
H0489,P1SIG_62c8b2fe3a9f,P2SIG_62c8b2fe3a9f,True,False,
H0490,P1SIG_f6dbab37ada3,P2SIG_f6dbab37ada3,True,False,
H0491,P1SIG_2be67737c1dd,P2SIG_2be67737c1dd,True,False,
H0492,P1SIG_9ad3b39a3b55,P2SIG_9ad3b39a3b55,True,False,
H0493,P1SIG_75bb877d0098,P2SIG_75bb877d0098,True,False,
H0494,P1SIG_db056a0f1b07,P2SIG_db056a0f1b07,True,False,
H0495,P1SIG_6a17c790c715,P2SIG_6a17c790c715,True,False,
H0496,P1SIG_b2ddf3539832,P2SIG_b2ddf3539832,True,False,
H0497,P1SIG_288e15a18005,P2SIG_288e15a18005,True,False,
H0498,P1SIG_e2cd1b53937d,P2SIG_e2cd1b53937d,True,False,
H0499,P1SIG_f26a50092aab,P2SIG_f26a50092aab,True,False,
H0500,P1SIG_66980c98ddf8,P2SIG_66980c98ddf8,True,False,
H0501,P1SIG_c5ce84655028,P2SIG_c5ce84655028,True,False,
H0502,P1SIG_c9877303a06b,P2SIG_c9877303a06b,True,False,
H0503,P1SIG_19ff9cedb22a,P2SIG_19ff9cedb22a,True,False,
H0504,P1SIG_3e55ef64a56b,P2SIG_3e55ef64a56b,True,False,
H0505,P1SIG_f7e1154b55f8,P2SIG_f7e1154b55f8,True,False,
H0506,P1SIG_f88093f8a65a,P2SIG_f88093f8a65a,True,False,
H0507,P1SIG_98d42316ab29,P2SIG_98d42316ab29,True,False,
H0508,P1SIG_58bc45f877d8,P2SIG_58bc45f877d8,True,False,
H0509,P1SIG_e6cbc7d37253,P2SIG_e6cbc7d37253,True,False,
H0510,P1SIG_ce071ac58d54,P2SIG_ce071ac58d54,True,False,
H0511,P1SIG_c22f9f43eb1c,P2SIG_c22f9f43eb1c,True,False,
H0512,P1SIG_08eccae4b698,P2SIG_08eccae4b698,True,False,
H0513,P1SIG_33124f72760c,P2SIG_33124f72760c,True,False,
H0514,P1SIG_74d8207082ee,P2SIG_74d8207082ee,True,False,
H0515,P1SIG_0d0b3964d24d,P2SIG_0d0b3964d24d,True,False,
H0516,P1SIG_7af48edb2110,P2SIG_7af48edb2110,True,False,
H0517,P1SIG_85859628bdf9,P2SIG_85859628bdf9,True,False,
H0518,P1SIG_199a887e157d,P2SIG_199a887e157d,True,False,
H0519,P1SIG_e85051cb2ae6,P2SIG_e85051cb2ae6,True,False,
H0520,P1SIG_940f34a54c52,P2SIG_940f34a54c52,True,False,
H0521,P1SIG_48e2c9cf7a3d,P2SIG_48e2c9cf7a3d,True,False,
H0522,P1SIG_a7a6a3a0d545,P2SIG_a7a6a3a0d545,True,False,
H0523,P1SIG_af5ef696bb03,P2SIG_af5ef696bb03,True,False,
H0524,P1SIG_633d2a0f9abe,P2SIG_633d2a0f9abe,True,False,
H0525,P1SIG_0a5090eb5c4b,P2SIG_0a5090eb5c4b,True,False,
H0526,P1SIG_29d2b80aba5b,P2SIG_29d2b80aba5b,True,False,
H0527,P1SIG_41264269783d,P2SIG_41264269783d,True,False,
H0528,P1SIG_8035806c0c6b,P2SIG_8035806c0c6b,True,False,
H0529,P1SIG_c71cee121365,P2SIG_c71cee121365,True,False,
H0530,P1SIG_64e8fef04ed7,P2SIG_64e8fef04ed7,True,False,
H0531,P1SIG_c2e4205519f8,P2SIG_c2e4205519f8,True,False,
H0532,P1SIG_8206fc145eb5,P2SIG_8206fc145eb5,True,False,
H0533,P1SIG_14b29dc5cab4,P2SIG_14b29dc5cab4,True,False,
H0534,P1SIG_df7822531bbe,P2SIG_df7822531bbe,True,False,
H0535,P1SIG_9d5b1b00dbaf,P2SIG_9d5b1b00dbaf,True,False,
H0536,P1SIG_ca5a856d831c,P2SIG_ca5a856d831c,True,False,
H0537,P1SIG_09ca0f434d77,P2SIG_09ca0f434d77,True,False,
H0538,P1SIG_c97a1c5e436e,P2SIG_c97a1c5e436e,True,False,
H0539,P1SIG_f0c540dd172a,P2SIG_f0c540dd172a,True,False,
H0540,P1SIG_e4a99b40a797,P2SIG_e4a99b40a797,True,False,
H0541,P1SIG_c3261028a132,P2SIG_c3261028a132,True,False,
H0542,P1SIG_4f237b4b2c0b,P2SIG_4f237b4b2c0b,True,False,
H0543,P1SIG_7bc9d33885e4,P2SIG_7bc9d33885e4,True,False,
H0544,P1SIG_35ffc36a4986,P2SIG_35ffc36a4986,True,False,
H0545,P1SIG_bb2532c4f1b2,P2SIG_bb2532c4f1b2,True,False,
H0546,P1SIG_bc9564d1d603,P2SIG_bc9564d1d603,True,False,
H0547,P1SIG_25bed7adce8f,P2SIG_25bed7adce8f,True,False,
H0548,P1SIG_3272252af6a7,P2SIG_3272252af6a7,True,False,
H0549,P1SIG_fa68a3596d7f,P2SIG_fa68a3596d7f,True,False,
H0550,P1SIG_b54a275b51ec,P2SIG_b54a275b51ec,True,False,
H0551,P1SIG_844c23e65fb2,P2SIG_844c23e65fb2,True,False,
H0552,P1SIG_88084b3b7533,P2SIG_88084b3b7533,True,False,
H0553,P1SIG_3e4039eccfd4,P2SIG_3e4039eccfd4,True,False,
H0554,P1SIG_9fdf0d9304a9,P2SIG_9fdf0d9304a9,True,False,
H0555,P1SIG_ce178ca9305f,P2SIG_ce178ca9305f,True,False,
H0556,P1SIG_a4a9a348956c,P2SIG_a4a9a348956c,True,False,
H0557,P1SIG_2b828a106771,P2SIG_2b828a106771,True,False,
H0558,P1SIG_e8713f65724b,P2SIG_e8713f65724b,True,False,
H0559,P1SIG_d4ef955c829a,P2SIG_d4ef955c829a,True,False,
H0560,P1SIG_c5a8ee5a5a11,P2SIG_c5a8ee5a5a11,True,False,
H0561,P1SIG_c8d5d23cb744,P2SIG_c8d5d23cb744,True,False,
H0562,P1SIG_4db937417cb6,P2SIG_4db937417cb6,True,False,
H0563,P1SIG_e0002583e40e,P2SIG_e0002583e40e,True,False,
H0564,P1SIG_7c4030de8198,P2SIG_7c4030de8198,True,False,
H0565,P1SIG_5e8d987276f1,P2SIG_5e8d987276f1,True,False,
H0566,P1SIG_389f3a2a2bee,P2SIG_389f3a2a2bee,True,False,
H0567,P1SIG_dd5219cae731,P2SIG_dd5219cae731,True,False,
H0568,P1SIG_07b0c21c7913,P2SIG_07b0c21c7913,True,False,
H0569,P1SIG_081e3e678ec4,P2SIG_081e3e678ec4,True,False,
H0570,P1SIG_bb14f11f09b3,P2SIG_bb14f11f09b3,True,False,
H0571,P1SIG_34fa7d9b11fb,P2SIG_34fa7d9b11fb,True,False,
H0572,P1SIG_e5cd3a5f157d,P2SIG_e5cd3a5f157d,True,False,
H0573,P1SIG_fe988ef286ae,P2SIG_fe988ef286ae,True,False,
H0574,P1SIG_b04dc0035444,P2SIG_b04dc0035444,True,False,
H0575,P1SIG_4548ac75d7b4,P2SIG_4548ac75d7b4,True,False,
H0576,P1SIG_c294b861c230,P2SIG_c294b861c230,True,False,
H0577,P1SIG_e14a4d648c53,P2SIG_e14a4d648c53,True,False,
H0578,P1SIG_8711842e3f4e,P2SIG_8711842e3f4e,True,False,
H0579,P1SIG_c6ce20955e35,P2SIG_c6ce20955e35,True,False,
H0580,P1SIG_fbcf4eab591b,P2SIG_fbcf4eab591b,True,False,
H0581,P1SIG_fbcf4eab591b,P2SIG_fbcf4eab591b,True,False,
H0582,P1SIG_da6b646a90bc,P2SIG_da6b646a90bc,True,False,
H0583,P1SIG_fbcf4eab591b,P2SIG_fbcf4eab591b,True,False,
H0584,P1SIG_9fde26f6e7c1,P2SIG_9fde26f6e7c1,True,False,
H0585,P1SIG_9a29e1334a62,P2SIG_9a29e1334a62,True,False,
H0586,P1SIG_c93376fdd4f4,P2SIG_c93376fdd4f4,True,False,
H0587,P1SIG_c93376fdd4f4,P2SIG_c93376fdd4f4,True,False,
H0588,P1SIG_eb45a6a5bba1,P2SIG_eb45a6a5bba1,True,False,
H0589,P1SIG_8018479382da,P2SIG_8018479382da,True,False,
H0590,P1SIG_8f7b1fcc65a2,P2SIG_8f7b1fcc65a2,True,False,
H0591,P1SIG_747ee4596665,P2SIG_747ee4596665,True,False,
H0592,P1SIG_8f7b1fcc65a2,P2SIG_8f7b1fcc65a2,True,False,
H0593,P1SIG_08254f17ca2d,P2SIG_08254f17ca2d,True,False,
H0594,P1SIG_51a5cb53dae6,P2SIG_51a5cb53dae6,True,False,
H0595,P1SIG_6d6823fd90b5,P2SIG_6d6823fd90b5,True,False,
H0596,P1SIG_9d1e0e7e59c2,P2SIG_9d1e0e7e59c2,True,False,
H0597,P1SIG_9fde26f6e7c1,P2SIG_9fde26f6e7c1,True,False,
H0598,P1SIG_32aaba810db6,P2SIG_32aaba810db6,True,False,
H0599,P1SIG_32aaba810db6,P2SIG_32aaba810db6,True,False,
H0600,P1SIG_32aaba810db6,P2SIG_32aaba810db6,True,False,
H0601,P1SIG_6bf526c7746c,P2SIG_6bf526c7746c,True,False,
H0602,P1SIG_6bf526c7746c,P2SIG_6bf526c7746c,True,False,
H0603,P1SIG_01280f0541a1,P2SIG_01280f0541a1,True,False,
H0604,P1SIG_f1a3ccbac25c,P2SIG_f1a3ccbac25c,True,False,
H0605,P1SIG_17e0687d24b6,P2SIG_17e0687d24b6,True,False,
H0606,P1SIG_17e0687d24b6,P2SIG_17e0687d24b6,True,False,
H0607,P1SIG_17e0687d24b6,P2SIG_17e0687d24b6,True,False,
H0608,P1SIG_17e0687d24b6,P2SIG_17e0687d24b6,True,False,
H0609,P1SIG_17e0687d24b6,P2SIG_17e0687d24b6,True,False,
H0610,P1SIG_d08a8346fd87,P2SIG_d08a8346fd87,True,False,
H0611,P1SIG_bc5cd7b0cd65,P2SIG_bc5cd7b0cd65,True,False,
H0612,P1SIG_4aa7f6bd737f,P2SIG_4aa7f6bd737f,True,False,
H0613,P1SIG_98a6f5465bda,P2SIG_98a6f5465bda,True,False,
H0614,P1SIG_00cf0ff0d299,P2SIG_00cf0ff0d299,True,False,
H0615,P1SIG_f87bca8aa9da,P2SIG_f87bca8aa9da,True,False,
H0616,P1SIG_db1d114655ba,P2SIG_db1d114655ba,True,False,
H0617,P1SIG_f6209911ce1f,P2SIG_f6209911ce1f,True,False,
H0618,P1SIG_0be7d9e6c975,P2SIG_0be7d9e6c975,True,False,
H0619,P1SIG_67a4ca9c3dec,P2SIG_67a4ca9c3dec,True,False,
H0620,P1SIG_b65a8b6c40d9,P2SIG_b65a8b6c40d9,True,False,
H0621,P1SIG_b017c2b62f4b,P2SIG_b017c2b62f4b,True,False,
H0622,P1SIG_e9f08ce953e9,P2SIG_e9f08ce953e9,True,False,
H0623,P1SIG_d7033349bbe5,P2SIG_d7033349bbe5,True,False,
H0624,P1SIG_1b8c1875da4c,P2SIG_1b8c1875da4c,True,False,
H0625,P1SIG_b333db010a78,P2SIG_b333db010a78,True,False,
H0626,P1SIG_79a71bcd645c,P2SIG_79a71bcd645c,True,False,
H0627,P1SIG_0c3767419c38,P2SIG_0c3767419c38,True,False,
H0628,P1SIG_c57f4279183d,P2SIG_c57f4279183d,True,False,
H0629,P1SIG_507e5adc452e,P2SIG_507e5adc452e,True,False,
H0630,P1SIG_f4d8dce6e702,P2SIG_f4d8dce6e702,True,False,
H0631,P1SIG_84dff7648550,P2SIG_84dff7648550,True,False,
H0632,P1SIG_e84e64aee72a,P2SIG_e84e64aee72a,True,False,
H0633,P1SIG_30ea05e068aa,P2SIG_30ea05e068aa,True,False,
H0634,P1SIG_7193e93a12cb,P2SIG_7193e93a12cb,True,False,
H0635,P1SIG_7193e93a12cb,P2SIG_7193e93a12cb,True,False,
H0636,P1SIG_a401f7ece236,P2SIG_a401f7ece236,True,False,
H0637,P1SIG_fffa0acae2cb,P2SIG_fffa0acae2cb,True,False,
H0638,P1SIG_a30fde5af80d,P2SIG_a30fde5af80d,True,False,
H0639,P1SIG_a156021a5b2c,P2SIG_a156021a5b2c,True,False,
H0640,P1SIG_3baa0b8af928,P2SIG_3baa0b8af928,True,False,
H0641,P1SIG_1f421def47a3,P2SIG_1f421def47a3,True,False,
H0642,P1SIG_fd4c175e97d0,P2SIG_fd4c175e97d0,True,False,
H0643,P1SIG_f3f13e6e1be1,P2SIG_f3f13e6e1be1,True,False,
H0644,P1SIG_c1bfd2fd9872,P2SIG_c1bfd2fd9872,True,False,
H0645,P1SIG_bf0d6a06d1f8,P2SIG_bf0d6a06d1f8,True,False,
H0646,P1SIG_3f503109dfd4,P2SIG_3f503109dfd4,True,False,
H0647,P1SIG_28b26b19c3e6,P2SIG_28b26b19c3e6,True,False,
H0648,P1SIG_5bc9543182ec,P2SIG_5bc9543182ec,True,False,
H0649,P1SIG_5bc9543182ec,P2SIG_5bc9543182ec,True,False,
H0650,P1SIG_b0968ba6c3b1,P2SIG_b0968ba6c3b1,True,False,
H0651,P1SIG_c2ee1a3368d3,P2SIG_c2ee1a3368d3,True,False,
H0652,P1SIG_c2ee1a3368d3,P2SIG_c2ee1a3368d3,True,False,
H0653,P1SIG_a12f576b905f,P2SIG_a12f576b905f,True,False,
H0654,P1SIG_0d75e84c8cdd,P2SIG_0d75e84c8cdd,True,False,
H0655,P1SIG_b96180b40a83,P2SIG_b96180b40a83,True,False,
H0656,P1SIG_9d30fa71cd8e,P2SIG_9d30fa71cd8e,True,False,
H0657,P1SIG_35ea648b06d0,P2SIG_35ea648b06d0,True,False,
H0658,P1SIG_43e14141a333,P2SIG_43e14141a333,True,False,
H0659,P1SIG_b0968ba6c3b1,P2SIG_b0968ba6c3b1,True,False,
H0660,P1SIG_7ecce4367dd5,P2SIG_7ecce4367dd5,True,False,
H0661,P1SIG_27a287071d6b,P2SIG_27a287071d6b,True,False,
H0662,P1SIG_e946ed2a81b3,P2SIG_e946ed2a81b3,True,False,
H0663,P1SIG_4434169d63ef,P2SIG_4434169d63ef,True,False,
H0664,P1SIG_ab4ae2581394,P2SIG_ab4ae2581394,True,False,
H0665,P1SIG_b0968ba6c3b1,P2SIG_b0968ba6c3b1,True,False,
H0666,P1SIG_967697e956c2,P2SIG_967697e956c2,True,False,
H0667,P1SIG_a8bfad9364eb,P2SIG_a8bfad9364eb,True,False,
H0668,P1SIG_1c7a88bf329e,P2SIG_1c7a88bf329e,True,False,
H0669,P1SIG_67853cc36d52,P2SIG_67853cc36d52,True,False,
H0670,P1SIG_5d92b31c69fe,P2SIG_5d92b31c69fe,True,False,
H0671,P1SIG_38943549616b,P2SIG_38943549616b,True,False,
H0672,P1SIG_ee92b63d5e13,P2SIG_ee92b63d5e13,True,False,
H0673,P1SIG_fb73341b109a,P2SIG_fb73341b109a,True,False,
H0674,P1SIG_f2c821eb8699,P2SIG_f2c821eb8699,True,False,
H0675,P1SIG_f2c821eb8699,P2SIG_f2c821eb8699,True,False,
H0676,P1SIG_f2c821eb8699,P2SIG_f2c821eb8699,True,False,
H0677,P1SIG_829d47387bff,P2SIG_829d47387bff,True,False,
H0678,P1SIG_f2c821eb8699,P2SIG_f2c821eb8699,True,False,
H0679,P1SIG_bb8a0a88cbe8,P2SIG_bb8a0a88cbe8,True,False,
H0680,P1SIG_5ef6a3caed67,P2SIG_5ef6a3caed67,True,False,
H0681,P1SIG_5ef6a3caed67,P2SIG_5ef6a3caed67,True,False,
H0682,P1SIG_ef58b94c11ae,P2SIG_ef58b94c11ae,True,False,
H0683,P1SIG_0334116fede0,P2SIG_0334116fede0,True,False,
H0684,P1SIG_dde3b4d66cdf,P2SIG_dde3b4d66cdf,True,False,
H0685,P1SIG_5e9c38c57c16,P2SIG_5e9c38c57c16,True,False,
H0686,P1SIG_beb7281626fa,P2SIG_beb7281626fa,True,False,
H0687,P1SIG_aa103c698008,P2SIG_aa103c698008,True,False,
H0688,P1SIG_be975cb58574,P2SIG_be975cb58574,True,False,
H0689,P1SIG_41def223e543,P2SIG_41def223e543,True,False,
H0690,P1SIG_eeacfade17e8,P2SIG_eeacfade17e8,True,False,
H0691,P1SIG_33420a4f35bf,P2SIG_33420a4f35bf,True,False,
H0692,P1SIG_b017cb17f084,P2SIG_b017cb17f084,True,False,
H0693,P1SIG_8cd7e4b65ebf,P2SIG_8cd7e4b65ebf,True,False,
H0694,P1SIG_6b33db510100,P2SIG_6b33db510100,True,False,
H0695,P1SIG_1c6fe51c19dd,P2SIG_1c6fe51c19dd,True,False,
H0696,P1SIG_4f8f7d4e5791,P2SIG_4f8f7d4e5791,True,False,
H0697,P1SIG_64de98de1e64,P2SIG_64de98de1e64,True,False,
H0698,P1SIG_8135810d7aa0,P2SIG_8135810d7aa0,True,False,
H0699,P1SIG_1dd673709d30,P2SIG_1dd673709d30,True,False,
H0700,P1SIG_ca9ad5720e39,P2SIG_ca9ad5720e39,True,False,
H0701,P1SIG_80e3e97ddc76,P2SIG_80e3e97ddc76,True,False,
H0702,P1SIG_3bb72e548ddf,P2SIG_3bb72e548ddf,True,False,
H0703,P1SIG_1fe3b980b48c,P2SIG_1fe3b980b48c,True,False,
H0704,P1SIG_615797f8f1a0,P2SIG_615797f8f1a0,True,False,
H0705,P1SIG_cb6dba37e698,P2SIG_cb6dba37e698,True,False,
H0706,P1SIG_1f1573d18be9,P2SIG_1f1573d18be9,True,False,
H0707,P1SIG_ec4349dd803d,P2SIG_ec4349dd803d,True,False,
H0708,P1SIG_ec4349dd803d,P2SIG_ec4349dd803d,True,False,
H0709,P1SIG_4543f7862ff3,P2SIG_4543f7862ff3,True,False,
H0710,P1SIG_ec4349dd803d,P2SIG_ec4349dd803d,True,False,
H0711,P1SIG_ec4349dd803d,P2SIG_ec4349dd803d,True,False,
H0712,P1SIG_a3f2d95fafdb,P2SIG_a3f2d95fafdb,True,False,
H0713,P1SIG_74e00cb42986,P2SIG_74e00cb42986,True,False,
H0714,P1SIG_b0968ba6c3b1,P2SIG_b0968ba6c3b1,True,False,
H0715,P1SIG_1c4eb6b50cff,P2SIG_1c4eb6b50cff,True,False,
H0716,P1SIG_0c731d1afd0f,P2SIG_0c731d1afd0f,True,False,
H0717,P1SIG_0c731d1afd0f,P2SIG_0c731d1afd0f,True,False,
H0718,P1SIG_5d8afaa98564,P2SIG_5d8afaa98564,True,False,
H0719,P1SIG_a7eddf6a48c0,P2SIG_a7eddf6a48c0,True,False,
H0720,P1SIG_698e28e66f64,P2SIG_698e28e66f64,True,False,
H0721,P1SIG_3f9020bc6752,P2SIG_3f9020bc6752,True,False,
H0722,P1SIG_bf516abe502c,P2SIG_bf516abe502c,True,False,
H0723,P1SIG_2d8dd1b2e7fa,P2SIG_2d8dd1b2e7fa,True,False,
H0724,P1SIG_87b102e549a1,P2SIG_87b102e549a1,True,False,
H0725,P1SIG_1e97727f686b,P2SIG_1e97727f686b,True,False,
H0726,P1SIG_04cf9df84c0b,P2SIG_04cf9df84c0b,True,False,
H0727,P1SIG_c138ad243cff,P2SIG_c138ad243cff,True,False,
H0728,P1SIG_77ae051c673b,P2SIG_77ae051c673b,True,False,
H0729,P1SIG_be0779f1a2d9,P2SIG_be0779f1a2d9,True,False,
H0730,P1SIG_4de06fdf6443,P2SIG_4de06fdf6443,True,False,
H0731,P1SIG_5cfeb9d489e8,P2SIG_5cfeb9d489e8,True,False,
H0732,P1SIG_f5d3ff285109,P2SIG_f5d3ff285109,True,False,
H0733,P1SIG_56d2c3215c10,P2SIG_56d2c3215c10,True,False,
H0734,P1SIG_0a2cc1bda92c,P2SIG_0a2cc1bda92c,True,False,
H0735,P1SIG_34fabcdd0e22,P2SIG_34fabcdd0e22,True,False,
H0736,P1SIG_37d96977c251,P2SIG_37d96977c251,True,False,
H0737,P1SIG_f3383250f4a2,P2SIG_f3383250f4a2,True,False,
H0738,P1SIG_3d5b5a862617,P2SIG_3d5b5a862617,True,False,
H0739,P1SIG_e2501b9e5098,P2SIG_e2501b9e5098,True,False,
H0740,P1SIG_ea8bf05fcc20,P2SIG_ea8bf05fcc20,True,False,
H0741,P1SIG_92121f039e03,P2SIG_92121f039e03,True,False,
H0742,P1SIG_2f345bb500a0,P2SIG_2f345bb500a0,True,False,
H0743,P1SIG_ea8bf05fcc20,P2SIG_ea8bf05fcc20,True,False,
H0744,P1SIG_dee471a97344,P2SIG_dee471a97344,True,False,
H0745,P1SIG_9a29e1334a62,P2SIG_9a29e1334a62,True,False,
H0746,P1SIG_9a29e1334a62,P2SIG_9a29e1334a62,True,False,
H0747,P1SIG_3939d145d81e,P2SIG_3939d145d81e,True,False,
H0748,P1SIG_967697e956c2,P2SIG_967697e956c2,True,False,
H0749,P1SIG_5d407ee7b85b,P2SIG_5d407ee7b85b,True,False,
H0750,P1SIG_941d2832fec4,P2SIG_941d2832fec4,True,False,
H0751,P1SIG_e67229ff402f,P2SIG_e67229ff402f,True,False,
H0752,P1SIG_e67229ff402f,P2SIG_e67229ff402f,True,False,
H0753,P1SIG_e67229ff402f,P2SIG_e67229ff402f,True,False,
H0754,P1SIG_8a181477b3c9,P2SIG_8a181477b3c9,True,False,
H0755,P1SIG_6d5f58b32ff2,P2SIG_6d5f58b32ff2,True,False,
H0756,P1SIG_ba17478be9ec,P2SIG_ba17478be9ec,True,False,
H0757,P1SIG_ba17478be9ec,P2SIG_ba17478be9ec,True,False,
H0758,P1SIG_3d71c8e92138,P2SIG_3d71c8e92138,True,False,
H0759,P1SIG_0d485f163e75,P2SIG_0d485f163e75,True,False,
H0760,P1SIG_ef58b94c11ae,P2SIG_ef58b94c11ae,True,False,
H0761,P1SIG_cbcabca7d0f6,P2SIG_cbcabca7d0f6,True,False,
H0762,P1SIG_b3c8258b0e1d,P2SIG_b3c8258b0e1d,True,False,
H0763,P1SIG_107f6ad73c18,P2SIG_107f6ad73c18,True,False,
H0764,P1SIG_21430d79b83e,P2SIG_21430d79b83e,True,False,
H0765,P1SIG_c4637945081c,P2SIG_c4637945081c,True,False,
H0766,P1SIG_96b94307d8c9,P2SIG_96b94307d8c9,True,False,
H0767,P1SIG_aa103c698008,P2SIG_aa103c698008,True,False,
H0768,P1SIG_be975cb58574,P2SIG_be975cb58574,True,False,
H0769,P1SIG_9e8563c175b7,P2SIG_9e8563c175b7,True,False,
H0770,P1SIG_9e8563c175b7,P2SIG_9e8563c175b7,True,False,
H0771,P1SIG_9e8563c175b7,P2SIG_9e8563c175b7,True,False,
H0772,P1SIG_5bb7102ef2f5,P2SIG_5bb7102ef2f5,True,False,
H0773,P1SIG_ffaad43f8e1e,P2SIG_ffaad43f8e1e,True,False,
H0774,P1SIG_8893f7734445,P2SIG_8893f7734445,True,False,
H0775,P1SIG_44b2df3fd52f,P2SIG_44b2df3fd52f,True,False,
H0776,P1SIG_320fad92c4f9,P2SIG_320fad92c4f9,True,False,
H0777,P1SIG_8135810d7aa0,P2SIG_8135810d7aa0,True,False,
H0778,P1SIG_320fad92c4f9,P2SIG_320fad92c4f9,True,False,
H0779,P1SIG_8135810d7aa0,P2SIG_8135810d7aa0,True,False,
H0780,P1SIG_19a1c3f77d5d,P2SIG_19a1c3f77d5d,True,False,
H0781,P1SIG_b40e68a47d96,P2SIG_b40e68a47d96,True,False,
H0782,P1SIG_394cc80eb83b,P2SIG_394cc80eb83b,True,False,
H0783,P1SIG_c434ec5b8794,P2SIG_c434ec5b8794,True,False,
H0784,P1SIG_d1a37864e921,P2SIG_d1a37864e921,True,False,
H0785,P1SIG_ef58b94c11ae,P2SIG_ef58b94c11ae,True,False,
H0786,P1SIG_0eebdfbfdb5f,P2SIG_0eebdfbfdb5f,True,False,
H0787,P1SIG_0eebdfbfdb5f,P2SIG_0eebdfbfdb5f,True,False,
H0788,P1SIG_0eebdfbfdb5f,P2SIG_0eebdfbfdb5f,True,False,
H0789,P1SIG_0eebdfbfdb5f,P2SIG_0eebdfbfdb5f,True,False,
H0790,P1SIG_0eebdfbfdb5f,P2SIG_0eebdfbfdb5f,True,False,
H0791,P1SIG_f20db82ed82c,P2SIG_f20db82ed82c,True,False,
H0792,P1SIG_30a4d4e01b5c,P2SIG_30a4d4e01b5c,True,False,
H0793,P1SIG_f4567da904dc,P2SIG_f4567da904dc,True,False,
H0794,P1SIG_f96196c34131,P2SIG_f96196c34131,True,False,
H0795,P1SIG_c1fe65ddc549,P2SIG_c1fe65ddc549,True,False,
H0796,P1SIG_f2fe7117849d,P2SIG_f2fe7117849d,True,False,
H0797,P1SIG_d2af72122083,P2SIG_d2af72122083,True,False,
H0798,P1SIG_0a2cc1bda92c,P2SIG_0a2cc1bda92c,True,False,
H0799,P1SIG_f2fe7117849d,P2SIG_f2fe7117849d,True,False,
H0800,P1SIG_f2fe7117849d,P2SIG_f2fe7117849d,True,False,
H0801,P1SIG_bef11d45c157,P2SIG_bef11d45c157,True,False,
H0802,P1SIG_3d71c8e92138,P2SIG_3d71c8e92138,True,False,
H0803,P1SIG_2c696ef7c110,P2SIG_2c696ef7c110,True,False,
H0804,P1SIG_3d71c8e92138,P2SIG_3d71c8e92138,True,False,
H0805,P1SIG_3d71c8e92138,P2SIG_3d71c8e92138,True,False,
H0806,P1SIG_1d4e70cb99cf,P2SIG_1d4e70cb99cf,True,False,
H0807,P1SIG_83f22a8f4dad,P2SIG_83f22a8f4dad,True,False,
H0808,P1SIG_5c8a3f99a60c,P2SIG_5c8a3f99a60c,True,False,
H0809,P1SIG_03d225e78075,P2SIG_03d225e78075,True,False,
H0810,P1SIG_c386e1d3204d,P2SIG_c386e1d3204d,True,False,
H0811,P1SIG_9f5cbe9fbcfa,P2SIG_9f5cbe9fbcfa,True,False,
H0812,P1SIG_e96bcb549c87,P2SIG_e96bcb549c87,True,False,
H0813,P1SIG_3d71c8e92138,P2SIG_3d71c8e92138,True,False,
H0814,P1SIG_78b099bb2f40,P2SIG_78b099bb2f40,True,False,
H0815,P1SIG_aa103c698008,P2SIG_aa103c698008,True,False,
H0816,P1SIG_5b89d52435ce,P2SIG_5b89d52435ce,True,False,
H0817,P1SIG_3fcde9ae9ee1,P2SIG_3fcde9ae9ee1,True,False,
H0818,P1SIG_b114d2ba6a29,P2SIG_b114d2ba6a29,True,False,
H0819,P1SIG_b114d2ba6a29,P2SIG_b114d2ba6a29,True,False,
H0820,P1SIG_eb898e69d639,P2SIG_eb898e69d639,True,False,
H0821,P1SIG_5b89d52435ce,P2SIG_5b89d52435ce,True,False,
H0822,P1SIG_28b26b19c3e6,P2SIG_28b26b19c3e6,True,False,
H0823,P1SIG_b6a7d94a342a,P2SIG_b6a7d94a342a,True,False,
H0824,P1SIG_40cded32b1f5,P2SIG_40cded32b1f5,True,False,
H0825,P1SIG_48398c73717f,P2SIG_48398c73717f,True,False,
H0826,P1SIG_baa9e67e43e8,P2SIG_baa9e67e43e8,True,False,
H0827,P1SIG_3110e24aca4a,P2SIG_3110e24aca4a,True,False,
H0828,P1SIG_dd1845df619d,P2SIG_dd1845df619d,True,False,
H0829,P1SIG_779c35ecf04d,P2SIG_779c35ecf04d,True,False,
H0830,P1SIG_d2f3ed6788ea,P2SIG_d2f3ed6788ea,True,False,
H0831,P1SIG_c062103a2661,P2SIG_c062103a2661,True,False,
H0832,P1SIG_2bc011f9109a,P2SIG_2bc011f9109a,True,False,
H0833,P1SIG_30e4587ff4fe,P2SIG_30e4587ff4fe,True,False,
H0834,P1SIG_d2f3ed6788ea,P2SIG_d2f3ed6788ea,True,False,
H0835,P1SIG_20553bc227b4,P2SIG_20553bc227b4,True,False,
H0836,P1SIG_da88ae3587f6,P2SIG_da88ae3587f6,True,False,
H0837,P1SIG_82f5cb60d85c,P2SIG_82f5cb60d85c,True,False,
H0838,P1SIG_07989d057eb7,P2SIG_07989d057eb7,True,False,
H0839,P1SIG_38943549616b,P2SIG_38943549616b,True,False,
H0840,P1SIG_17ae6d886f10,P2SIG_17ae6d886f10,True,False,
H0841,P1SIG_fcb15f16f0f6,P2SIG_fcb15f16f0f6,True,False,
H0842,P1SIG_c8ca54a9d725,P2SIG_c8ca54a9d725,True,False,
H0843,P1SIG_ca0acb8f3a6c,P2SIG_ca0acb8f3a6c,True,False,
H0844,P1SIG_99135c58abab,P2SIG_99135c58abab,True,False,
H0845,P1SIG_78a0d2ccac9b,P2SIG_78a0d2ccac9b,True,False,
H0846,P1SIG_fcb15f16f0f6,P2SIG_fcb15f16f0f6,True,False,
H0847,P1SIG_206b7932a9fe,P2SIG_206b7932a9fe,True,False,
H0848,P1SIG_6c8394f853e3,P2SIG_6c8394f853e3,True,False,
H0849,P1SIG_a5ca1c6e53e6,P2SIG_a5ca1c6e53e6,True,False,
H0850,P1SIG_a5ca1c6e53e6,P2SIG_a5ca1c6e53e6,True,False,
H0851,P1SIG_7a0b0d8e4cb7,P2SIG_7a0b0d8e4cb7,True,False,
H0852,P1SIG_92e6fafd314b,P2SIG_92e6fafd314b,True,False,
H0853,P1SIG_ba4fb545ef78,P2SIG_ba4fb545ef78,True,False,
H0854,P1SIG_acb1a559df30,P2SIG_acb1a559df30,True,False,
H0855,P1SIG_784326f3e60a,P2SIG_784326f3e60a,True,False,
H0856,P1SIG_6f980e5834d1,P2SIG_6f980e5834d1,True,False,
H0857,P1SIG_6f980e5834d1,P2SIG_6f980e5834d1,True,False,
H0858,P1SIG_6f980e5834d1,P2SIG_6f980e5834d1,True,False,
H0859,P1SIG_784326f3e60a,P2SIG_784326f3e60a,True,False,
H0860,P1SIG_6f980e5834d1,P2SIG_6f980e5834d1,True,False,
H0861,P1SIG_a1399bc2de3e,P2SIG_a1399bc2de3e,True,False,
H0862,P1SIG_a6fdd18a660b,P2SIG_a6fdd18a660b,True,False,
H0863,P1SIG_a01a3b9316d8,P2SIG_a01a3b9316d8,True,False,
H0864,P1SIG_ccbe0e72f729,P2SIG_ccbe0e72f729,True,False,
H0865,P1SIG_a6fdd18a660b,P2SIG_a6fdd18a660b,True,False,
H0866,P1SIG_51e954dd7e8c,P2SIG_51e954dd7e8c,True,False,
H0867,P1SIG_3e8450044b1e,P2SIG_3e8450044b1e,True,False,
H0868,P1SIG_953727e0f19c,P2SIG_953727e0f19c,True,False,
H0869,P1SIG_7ca0db7c0946,P2SIG_7ca0db7c0946,True,False,
H0870,P1SIG_9b29a6379c7b,P2SIG_9b29a6379c7b,True,False,
H0871,P1SIG_02844fcf48ab,P2SIG_02844fcf48ab,True,False,
H0872,P1SIG_ef58b94c11ae,P2SIG_ef58b94c11ae,True,False,
H0873,P1SIG_d7595041e852,P2SIG_d7595041e852,True,False,
H0874,P1SIG_d0d3328b8169,P2SIG_d0d3328b8169,True,False,
H0875,P1SIG_5bd61c7dbd77,P2SIG_5bd61c7dbd77,True,False,
H0876,P1SIG_18fa74276cb5,P2SIG_18fa74276cb5,True,False,
H0877,P1SIG_0620410523cb,P2SIG_0620410523cb,True,False,
H0878,P1SIG_7ca0db7c0946,P2SIG_7ca0db7c0946,True,False,
H0879,P1SIG_cb7ede83831f,P2SIG_cb7ede83831f,True,False,
H0880,P1SIG_44c39709264b,P2SIG_44c39709264b,True,False,
H0881,P1SIG_9b56e3ab7876,P2SIG_9b56e3ab7876,True,False,
H0882,P1SIG_bc0e3200354a,P2SIG_bc0e3200354a,True,False,
H0883,P1SIG_5a13d2574219,P2SIG_5a13d2574219,True,False,
H0884,P1SIG_e32078d0500f,P2SIG_e32078d0500f,True,False,
H0885,P1SIG_f67dca31411d,P2SIG_f67dca31411d,True,False,
H0886,P1SIG_c7164f305682,P2SIG_c7164f305682,True,False,
H0887,P1SIG_c7164f305682,P2SIG_c7164f305682,True,False,
H0888,P1SIG_7ca0db7c0946,P2SIG_7ca0db7c0946,True,False,
H0889,P1SIG_c7164f305682,P2SIG_c7164f305682,True,False,
H0890,P1SIG_c7164f305682,P2SIG_c7164f305682,True,False,
H0891,P1SIG_2677407683aa,P2SIG_2677407683aa,True,False,
H0892,P1SIG_a7984616dea4,P2SIG_a7984616dea4,True,False,
H0893,P1SIG_a7984616dea4,P2SIG_a7984616dea4,True,False,
H0894,P1SIG_c8e7aa31a30d,P2SIG_c8e7aa31a30d,True,False,
H0895,P1SIG_6410ad751165,P2SIG_6410ad751165,True,False,
H0896,P1SIG_12730193310a,P2SIG_12730193310a,True,False,
H0897,P1SIG_d911d5ec22e5,P2SIG_d911d5ec22e5,True,False,
H0898,P1SIG_0b46ea1108ae,P2SIG_0b46ea1108ae,True,False,
H0899,P1SIG_0b46ea1108ae,P2SIG_0b46ea1108ae,True,False,
H0900,P1SIG_88cb86fc1aae,P2SIG_88cb86fc1aae,True,False,
H0901,P1SIG_b1928cc08877,P2SIG_b1928cc08877,True,False,
H0902,P1SIG_5b1c1c9160b3,P2SIG_5b1c1c9160b3,True,False,
H0903,P1SIG_a7672936910a,P2SIG_a7672936910a,True,False,
H0904,P1SIG_88f1f4228f1a,P2SIG_88f1f4228f1a,True,False,
H0905,P1SIG_b9a5844724d3,P2SIG_b9a5844724d3,True,False,
H0906,P1SIG_9061ad6d2b9f,P2SIG_9061ad6d2b9f,True,False,
H0907,P1SIG_3290516fbb04,P2SIG_3290516fbb04,True,False,
H0908,P1SIG_40ac796ed032,P2SIG_40ac796ed032,True,False,
H0909,P1SIG_40ac796ed032,P2SIG_40ac796ed032,True,False,
H0910,P1SIG_40ac796ed032,P2SIG_40ac796ed032,True,False,
H0911,P1SIG_f05264598ab7,P2SIG_f05264598ab7,True,False,
H0912,P1SIG_40ac796ed032,P2SIG_40ac796ed032,True,False,
H0913,P1SIG_40ac796ed032,P2SIG_40ac796ed032,True,False,
H0914,P1SIG_adc3cea14e67,P2SIG_adc3cea14e67,True,False,
H0915,P1SIG_636690108da6,P2SIG_636690108da6,True,False,
H0916,P1SIG_adc3cea14e67,P2SIG_adc3cea14e67,True,False,
H0917,P1SIG_4f183813675e,P2SIG_4f183813675e,True,False,
H0918,P1SIG_ec4349dd803d,P2SIG_ec4349dd803d,True,False,
H0919,P1SIG_592ce44ebce1,P2SIG_592ce44ebce1,True,False,
H0920,P1SIG_6b696b6d58d4,P2SIG_6b696b6d58d4,True,False,
H0921,P1SIG_bd0b3ddd2063,P2SIG_bd0b3ddd2063,True,False,
H0922,P1SIG_ba0c857ba83c,P2SIG_ba0c857ba83c,True,False,
H0923,P1SIG_4b6f9072e8e4,P2SIG_4b6f9072e8e4,True,False,
H0924,P1SIG_84988e4e869c,P2SIG_84988e4e869c,True,False,
H0925,P1SIG_caee817f7ef5,P2SIG_caee817f7ef5,True,False,
H0926,P1SIG_9d8c32c09a36,P2SIG_9d8c32c09a36,True,False,
H0927,P1SIG_9d8c32c09a36,P2SIG_9d8c32c09a36,True,False,
H0928,P1SIG_9d8c32c09a36,P2SIG_9d8c32c09a36,True,False,
H0929,P1SIG_008fb938cf34,P2SIG_008fb938cf34,True,False,
H0930,P1SIG_c797cc1c36c4,P2SIG_c797cc1c36c4,True,False,
H0931,P1SIG_c797cc1c36c4,P2SIG_c797cc1c36c4,True,False,
H0932,P1SIG_51b5be3d1f17,P2SIG_51b5be3d1f17,True,False,
H0933,P1SIG_c797cc1c36c4,P2SIG_c797cc1c36c4,True,False,
H0934,P1SIG_2b2aef9a22bf,P2SIG_2b2aef9a22bf,True,False,
H0935,P1SIG_f6d1d4899699,P2SIG_f6d1d4899699,True,False,
H0936,P1SIG_1ce2cbd827ee,P2SIG_1ce2cbd827ee,True,False,
H0937,P1SIG_147057346d5e,P2SIG_147057346d5e,True,False,
H0938,P1SIG_45aa563130fa,P2SIG_45aa563130fa,True,False,
H0939,P1SIG_41b9212a005f,P2SIG_41b9212a005f,True,False,
H0940,P1SIG_1e26b149e9cb,P2SIG_1e26b149e9cb,True,False,
H0941,P1SIG_c98bef700353,P2SIG_c98bef700353,True,False,
H0942,P1SIG_bc008e66288b,P2SIG_bc008e66288b,True,False,
H0943,P1SIG_b37520902735,P2SIG_b37520902735,True,False,
H0944,P1SIG_24641533cced,P2SIG_24641533cced,True,False,
H0945,P1SIG_a871ab32e3d4,P2SIG_a871ab32e3d4,True,False,
H0946,P1SIG_ecb32cdff3e6,P2SIG_ecb32cdff3e6,True,False,
H0947,P1SIG_89f70e3cf134,P2SIG_89f70e3cf134,True,False,
H0948,P1SIG_1ad666fe50ea,P2SIG_1ad666fe50ea,True,False,
H0949,P1SIG_aade9ca6e472,P2SIG_aade9ca6e472,True,False,
H0950,P1SIG_aade9ca6e472,P2SIG_aade9ca6e472,True,False,
H0951,P1SIG_aade9ca6e472,P2SIG_aade9ca6e472,True,False,
H0952,P1SIG_24641533cced,P2SIG_24641533cced,True,False,
H0953,P1SIG_1ad666fe50ea,P2SIG_1ad666fe50ea,True,False,
H0954,P1SIG_1e12b659d031,P2SIG_1e12b659d031,True,False,
H0955,P1SIG_a8c7a2e3b2df,P2SIG_a8c7a2e3b2df,True,False,
H0956,P1SIG_a8c7a2e3b2df,P2SIG_a8c7a2e3b2df,True,False,
H0957,P1SIG_c35834bdb19f,P2SIG_c35834bdb19f,True,False,
H0958,P1SIG_082b9891ede2,P2SIG_082b9891ede2,True,False,
H0959,P1SIG_4bc96374eedd,P2SIG_4bc96374eedd,True,False,
H0960,P1SIG_082b9891ede2,P2SIG_082b9891ede2,True,False,
H0961,P1SIG_7d8ed6b0d7e1,P2SIG_7d8ed6b0d7e1,True,False,
H0962,P1SIG_b91635ec7876,P2SIG_b91635ec7876,True,False,
H0963,P1SIG_6da0a978b91e,P2SIG_6da0a978b91e,True,False,
H0964,P1SIG_3e8450044b1e,P2SIG_3e8450044b1e,True,False,
H0965,P1SIG_ce843446e503,P2SIG_ce843446e503,True,False,
H0966,P1SIG_7ce11234596b,P2SIG_7ce11234596b,True,False,
H0967,P1SIG_4ab696bcd772,P2SIG_4ab696bcd772,True,False,
H0968,P1SIG_0d58166cffce,P2SIG_0d58166cffce,True,False,
H0969,P1SIG_08439f9bb950,P2SIG_08439f9bb950,True,False,
H0970,P1SIG_9fc449f0cff0,P2SIG_9fc449f0cff0,True,False,
H0971,P1SIG_7d77f1fccabd,P2SIG_7d77f1fccabd,True,False,
H0972,P1SIG_2765d73e44ed,P2SIG_2765d73e44ed,True,False,
H0973,P1SIG_2765d73e44ed,P2SIG_2765d73e44ed,True,False,
H0974,P1SIG_e99f9ecec9ca,P2SIG_e99f9ecec9ca,True,False,
H0975,P1SIG_e99f9ecec9ca,P2SIG_e99f9ecec9ca,True,False,
H0976,P1SIG_a8bfad9364eb,P2SIG_a8bfad9364eb,True,False,
H0977,P1SIG_d6be6e5c9207,P2SIG_d6be6e5c9207,True,False,
H0978,P1SIG_43e14141a333,P2SIG_43e14141a333,True,False,
H0979,P1SIG_fc708045068e,P2SIG_fc708045068e,True,False,
H0980,P1SIG_fc708045068e,P2SIG_fc708045068e,True,False,
H0981,P1SIG_da5bbe2e6875,P2SIG_da5bbe2e6875,True,False,
H0982,P1SIG_d6be6e5c9207,P2SIG_d6be6e5c9207,True,False,
H0983,P1SIG_04cf9df84c0b,P2SIG_04cf9df84c0b,True,False,
H0984,P1SIG_04cf9df84c0b,P2SIG_04cf9df84c0b,True,False,
H0985,P1SIG_82f5cb60d85c,P2SIG_82f5cb60d85c,True,False,
H0986,P1SIG_cfedb189d003,P2SIG_cfedb189d003,True,False,
H0987,P1SIG_d6be6e5c9207,P2SIG_d6be6e5c9207,True,False,
H0988,P1SIG_53b8439ef10c,P2SIG_53b8439ef10c,True,False,
H0989,P1SIG_7438f8f126f4,P2SIG_7438f8f126f4,True,False,
H0990,P1SIG_6aab59f3eacc,P2SIG_6aab59f3eacc,True,False,
H0991,P1SIG_d6be6e5c9207,P2SIG_d6be6e5c9207,True,False,
H0992,P1SIG_ea1ead304dbf,P2SIG_ea1ead304dbf,True,False,
H0993,P1SIG_5ee4510c7000,P2SIG_5ee4510c7000,True,False,
H0994,P1SIG_a9418b428f99,P2SIG_a9418b428f99,True,False,
H0995,P1SIG_1431584e10f4,P2SIG_1431584e10f4,True,False,
H0996,P1SIG_9d88a173fe85,P2SIG_9d88a173fe85,True,False,
H0997,P1SIG_9d88a173fe85,P2SIG_9d88a173fe85,True,False,
H0998,P1SIG_f014a5848c36,P2SIG_f014a5848c36,True,False,
H0999,P1SIG_9a63abb3cdd2,P2SIG_9a63abb3cdd2,True,False,
H1000,P1SIG_f014a5848c36,P2SIG_f014a5848c36,True,False,
H1001,P1SIG_c132aec841c7,P2SIG_c132aec841c7,True,False,
H1002,P1SIG_99da9c220f89,P2SIG_99da9c220f89,True,False,
H1003,P1SIG_99da9c220f89,P2SIG_99da9c220f89,True,False,
H1004,P1SIG_fffa0acae2cb,P2SIG_fffa0acae2cb,True,False,
H1005,P1SIG_0eb7cffdf36f,P2SIG_0eb7cffdf36f,True,False,
H1006,P1SIG_554b067bfb6d,P2SIG_554b067bfb6d,True,False,
H1007,P1SIG_24641533cced,P2SIG_24641533cced,True,False,
H1008,P1SIG_e11feb61a438,P2SIG_e11feb61a438,True,False,
H1009,P1SIG_953727e0f19c,P2SIG_953727e0f19c,True,False,
H1010,P1SIG_5b3cecd90c07,P2SIG_5b3cecd90c07,True,False,
H1011,P1SIG_1c53ad8297f8,P2SIG_1c53ad8297f8,True,False,
H1012,P1SIG_2fb3bf687bf5,P2SIG_2fb3bf687bf5,True,False,
H1013,P1SIG_a269addafd87,P2SIG_a269addafd87,True,False,
H1014,P1SIG_6ef52a8f706a,P2SIG_6ef52a8f706a,True,False,
H1015,P1SIG_fb3f19cd5c0a,P2SIG_fb3f19cd5c0a,True,False,
H1016,P1SIG_fb3f19cd5c0a,P2SIG_fb3f19cd5c0a,True,False,
H1017,P1SIG_fb3f19cd5c0a,P2SIG_fb3f19cd5c0a,True,False,
H1018,P1SIG_7c2a40180195,P2SIG_7c2a40180195,True,False,
H1019,P1SIG_98ec79ed556f,P2SIG_98ec79ed556f,True,False,
H1020,P1SIG_98ec79ed556f,P2SIG_98ec79ed556f,True,False,
H1021,P1SIG_189f3a701e2b,P2SIG_189f3a701e2b,True,False,
H1022,P1SIG_22ee4049cd25,P2SIG_22ee4049cd25,True,False,
H1023,P1SIG_e228eccb6bc2,P2SIG_e228eccb6bc2,True,False,
H1024,P1SIG_ccff8704c15c,P2SIG_ccff8704c15c,True,False,
H1025,P1SIG_52a5f922d0f2,P2SIG_52a5f922d0f2,True,False,
H1026,P1SIG_ba4fb545ef78,P2SIG_ba4fb545ef78,True,False,
H1027,P1SIG_ed1f3d94aa21,P2SIG_ed1f3d94aa21,True,False,
H1028,P1SIG_1e97727f686b,P2SIG_1e97727f686b,True,False,
H1029,P1SIG_1911acd50b6e,P2SIG_1911acd50b6e,True,False,
H1030,P1SIG_7de5a8b3e7f9,P2SIG_7de5a8b3e7f9,True,False,
H1031,P1SIG_9fa405d7899d,P2SIG_9fa405d7899d,True,False,
H1032,P1SIG_32985646f961,P2SIG_32985646f961,True,False,
H1033,P1SIG_29a6f39d5052,P2SIG_29a6f39d5052,True,False,
H1034,P1SIG_3dcc26eed848,P2SIG_3dcc26eed848,True,False,
H1035,P1SIG_ffaad43f8e1e,P2SIG_ffaad43f8e1e,True,False,
H1036,P1SIG_b4f44fc9e539,P2SIG_b4f44fc9e539,True,False,
H1037,P1SIG_c4d4610dd910,P2SIG_c4d4610dd910,True,False,
H1038,P1SIG_aedcf3af8431,P2SIG_aedcf3af8431,True,False,
H1039,P1SIG_2fb3bf687bf5,P2SIG_2fb3bf687bf5,True,False,
H1040,P1SIG_d9f0fe6708b0,P2SIG_d9f0fe6708b0,True,False,
H1041,P1SIG_a01a3b9316d8,P2SIG_a01a3b9316d8,True,False,
H1042,P1SIG_6a03e1703dcb,P2SIG_6a03e1703dcb,True,False,
H1043,P1SIG_70532ed82d81,P2SIG_70532ed82d81,True,False,
H1044,P1SIG_e3e46da5d7a0,P2SIG_e3e46da5d7a0,True,False,
H1045,P1SIG_f2810554dc6f,P2SIG_f2810554dc6f,True,False,
H1046,P1SIG_f2810554dc6f,P2SIG_f2810554dc6f,True,False,
H1047,P1SIG_2b23a3e4bd3f,P2SIG_2b23a3e4bd3f,True,False,
H1048,P1SIG_15021dd7a4db,P2SIG_15021dd7a4db,True,False,
H1049,P1SIG_2b23a3e4bd3f,P2SIG_2b23a3e4bd3f,True,False,
H1050,P1SIG_a4a24a469429,P2SIG_a4a24a469429,True,False,
H1051,P1SIG_941d2832fec4,P2SIG_941d2832fec4,True,False,
H1052,P1SIG_0b88b4c93ec8,P2SIG_0b88b4c93ec8,True,False,
H1053,P1SIG_ffaad43f8e1e,P2SIG_ffaad43f8e1e,True,False,
H1054,P1SIG_8ace3bd3f588,P2SIG_8ace3bd3f588,True,False,
H1055,P1SIG_941d2832fec4,P2SIG_941d2832fec4,True,False,
H1056,P1SIG_123c28dcb2a4,P2SIG_123c28dcb2a4,True,False,
H1057,P1SIG_a871ab32e3d4,P2SIG_a871ab32e3d4,True,False,
H1059,P1SIG_9a253e1c4385,P2SIG_9a253e1c4385,True,False,
H1060,P1SIG_98697b1d2c8a,P2SIG_98697b1d2c8a,True,False,
H1061,P1SIG_c49ea814bdf0,P2SIG_c49ea814bdf0,True,False,
H1062,P1SIG_a871ab32e3d4,P2SIG_a871ab32e3d4,True,False,
H1063,P1SIG_a871ab32e3d4,P2SIG_a871ab32e3d4,True,False,
H1064,P1SIG_57d4260a673b,P2SIG_57d4260a673b,True,False,
H1065,P1SIG_6be83661d5dc,P2SIG_6be83661d5dc,True,False,
H1066,P1SIG_23bd7504ffd5,P2SIG_23bd7504ffd5,True,False,
H1067,P1SIG_23bd7504ffd5,P2SIG_23bd7504ffd5,True,False,
H1068,P1SIG_c49ea814bdf0,P2SIG_c49ea814bdf0,True,False,
H1069,P1SIG_23bd7504ffd5,P2SIG_23bd7504ffd5,True,False,
H1070,P1SIG_23bd7504ffd5,P2SIG_23bd7504ffd5,True,False,
H1071,P1SIG_23bd7504ffd5,P2SIG_23bd7504ffd5,True,False,
H1072,P1SIG_23bd7504ffd5,P2SIG_23bd7504ffd5,True,False,
H1073,P1SIG_23bd7504ffd5,P2SIG_23bd7504ffd5,True,False,
H1074,P1SIG_23bd7504ffd5,P2SIG_23bd7504ffd5,True,False,
H1075,P1SIG_23bd7504ffd5,P2SIG_23bd7504ffd5,True,False,
H1076,P1SIG_11f2a588f305,P2SIG_11f2a588f305,True,False,
H1077,P1SIG_5007b7c5daae,P2SIG_5007b7c5daae,True,False,
H1078,P1SIG_829d47387bff,P2SIG_829d47387bff,True,False,
H1079,P1SIG_2765d73e44ed,P2SIG_2765d73e44ed,True,False,
H1080,P1SIG_e54293e3b42f,P2SIG_e54293e3b42f,True,False,
H1081,P1SIG_0f1b5d1e0e26,P2SIG_0f1b5d1e0e26,True,False,
H1082,P1SIG_48d84bc56d8a,P2SIG_48d84bc56d8a,True,False,
H1083,P1SIG_cae120c32752,P2SIG_cae120c32752,True,False,
H1084,P1SIG_2db7627af0cd,P2SIG_2db7627af0cd,True,False,
H1085,P1SIG_962153c78161,P2SIG_962153c78161,True,False,
H1086,P1SIG_d76815b5fabc,P2SIG_d76815b5fabc,True,False,
H1087,P1SIG_e3f4826f70f4,P2SIG_e3f4826f70f4,True,False,
H1088,P1SIG_2906cf399696,P2SIG_2906cf399696,True,False,
H1089,P1SIG_045a2b72d60d,P2SIG_045a2b72d60d,True,False,
H1090,P1SIG_95e156b8e95f,P2SIG_95e156b8e95f,True,False,
H1091,P1SIG_dceb7b6ac678,P2SIG_dceb7b6ac678,True,False,
H1092,P1SIG_5fda4b83ea47,P2SIG_5fda4b83ea47,True,False,
H1093,P1SIG_5fda4b83ea47,P2SIG_5fda4b83ea47,True,False,
H1094,P1SIG_e54293e3b42f,P2SIG_e54293e3b42f,True,False,
H1095,P1SIG_e54293e3b42f,P2SIG_e54293e3b42f,True,False,
H1096,P1SIG_e54293e3b42f,P2SIG_e54293e3b42f,True,False,
H1097,P1SIG_6aab59f3eacc,P2SIG_6aab59f3eacc,True,False,
H1098,P1SIG_ad3ff7d0f06b,P2SIG_ad3ff7d0f06b,True,False,
H1099,P1SIG_1ef38191eed8,P2SIG_1ef38191eed8,True,False,
H1100,P1SIG_5e1c7633b3f2,P2SIG_5e1c7633b3f2,True,False,
H1101,P1SIG_a4a24a469429,P2SIG_a4a24a469429,True,False,
H1102,P1SIG_3e150df43f89,P2SIG_3e150df43f89,True,False,
H1103,P1SIG_60d871f40623,P2SIG_60d871f40623,True,False,
H1104,P1SIG_fc7acfa4d343,P2SIG_fc7acfa4d343,True,False,
H1105,P1SIG_fc7acfa4d343,P2SIG_fc7acfa4d343,True,False,
H1106,P1SIG_fc7acfa4d343,P2SIG_fc7acfa4d343,True,False,
H1107,P1SIG_fc7acfa4d343,P2SIG_fc7acfa4d343,True,False,
H1108,P1SIG_fc7acfa4d343,P2SIG_fc7acfa4d343,True,False,
H1109,P1SIG_9da1426983c2,P2SIG_9da1426983c2,True,False,
H1110,P1SIG_5cefda5a0042,P2SIG_5cefda5a0042,True,False,
H1111,P1SIG_fc7acfa4d343,P2SIG_fc7acfa4d343,True,False,
H1112,P1SIG_fc7acfa4d343,P2SIG_fc7acfa4d343,True,False,
H1113,P1SIG_a7a79230830f,P2SIG_a7a79230830f,True,False,
H1114,P1SIG_1fce6eda1453,P2SIG_1fce6eda1453,True,False,
H1115,P1SIG_615797f8f1a0,P2SIG_615797f8f1a0,True,False,
H1116,P1SIG_52b214df152e,P2SIG_52b214df152e,True,False,
H1117,P1SIG_4c8207aae820,P2SIG_4c8207aae820,True,False,
H1118,P1SIG_5d8afaa98564,P2SIG_5d8afaa98564,True,False,
H1119,P1SIG_ac4ad638f11b,P2SIG_ac4ad638f11b,True,False,
H1120,P1SIG_5b3cecd90c07,P2SIG_5b3cecd90c07,True,False,
H1121,P1SIG_88f1f4228f1a,P2SIG_88f1f4228f1a,True,False,
H1122,P1SIG_ef636d357694,P2SIG_ef636d357694,True,False,
H1123,P1SIG_9ad7b46517a7,P2SIG_9ad7b46517a7,True,False,
H1124,P1SIG_9a629fb56562,P2SIG_9a629fb56562,True,False,
H1125,P1SIG_dddb0c7a5a97,P2SIG_dddb0c7a5a97,True,False,
H1126,P1SIG_02fac5b87e7e,P2SIG_02fac5b87e7e,True,False,
H1127,P1SIG_56d2c3215c10,P2SIG_56d2c3215c10,True,False,
H1128,P1SIG_1900ff27f557,P2SIG_1900ff27f557,True,False,
H1129,P1SIG_87b6d6492163,P2SIG_87b6d6492163,True,False,
H1130,P1SIG_efc30d3327ec,P2SIG_efc30d3327ec,True,False,
H1131,P1SIG_9c3a91690ce6,P2SIG_9c3a91690ce6,True,False,
H1132,P1SIG_102f0062f0a8,P2SIG_102f0062f0a8,True,False,
H1133,P1SIG_bb2b3d438d62,P2SIG_bb2b3d438d62,True,False,
H1134,P1SIG_85a2d0181b53,P2SIG_85a2d0181b53,True,False,
H1135,P1SIG_1cf6493ae947,P2SIG_1cf6493ae947,True,False,
H1136,P1SIG_b5af9abf5f11,P2SIG_b5af9abf5f11,True,False,
H1137,P1SIG_082a75b7cc63,P2SIG_082a75b7cc63,True,False,
H1138,P1SIG_889cc6984044,P2SIG_889cc6984044,True,False,
H1139,P1SIG_1fce6eda1453,P2SIG_1fce6eda1453,True,False,
H1140,P1SIG_1068856da35d,P2SIG_1068856da35d,True,False,
H1141,P1SIG_1068856da35d,P2SIG_1068856da35d,True,False,
H1142,P1SIG_f9af09d1b93f,P2SIG_f9af09d1b93f,True,False,
H1143,P1SIG_13183e8a372a,P2SIG_13183e8a372a,True,False,
H1144,P1SIG_2b23a3e4bd3f,P2SIG_2b23a3e4bd3f,True,False,
H1145,P1SIG_5c75b82e3164,P2SIG_5c75b82e3164,True,False,
H1146,P1SIG_6105aa2f1f64,P2SIG_6105aa2f1f64,True,False,
H1147,P1SIG_09367dd73e8b,P2SIG_09367dd73e8b,True,False,
H1148,P1SIG_09367dd73e8b,P2SIG_09367dd73e8b,True,False,
H1149,P1SIG_09367dd73e8b,P2SIG_09367dd73e8b,True,False,
H1150,P1SIG_09367dd73e8b,P2SIG_09367dd73e8b,True,False,
H1151,P1SIG_99da9c220f89,P2SIG_99da9c220f89,True,False,
H1152,P1SIG_b5aad492be66,P2SIG_b5aad492be66,True,False,
H1153,P1SIG_d680a42b2d0d,P2SIG_d680a42b2d0d,True,False,
H1154,P1SIG_0864ba1357c3,P2SIG_0864ba1357c3,True,False,
H1155,P1SIG_2257cfc962dd,P2SIG_2257cfc962dd,True,False,
H1156,P1SIG_2765d73e44ed,P2SIG_2765d73e44ed,True,False,
H1157,P1SIG_526f41306d38,P2SIG_526f41306d38,True,False,
H1158,P1SIG_6b0bb3967115,P2SIG_6b0bb3967115,True,False,
H1159,P1SIG_f5e6c4e1d4f0,P2SIG_f5e6c4e1d4f0,True,False,
H1160,P1SIG_24ee82070b38,P2SIG_24ee82070b38,True,False,
H1161,P1SIG_778789263c8b,P2SIG_778789263c8b,True,False,
H1162,P1SIG_5708180f62c7,P2SIG_5708180f62c7,True,False,
H1163,P1SIG_42d3d061919b,P2SIG_42d3d061919b,True,False,
H1164,P1SIG_da88ae3587f6,P2SIG_da88ae3587f6,True,False,
H1165,P1SIG_766fa6625009,P2SIG_766fa6625009,True,False,
H1166,P1SIG_a8a5748ba6c0,P2SIG_a8a5748ba6c0,True,False,
H1167,P1SIG_0627575a93de,P2SIG_0627575a93de,True,False,
H1168,P1SIG_0627575a93de,P2SIG_0627575a93de,True,False,
H1169,P1SIG_da88ae3587f6,P2SIG_da88ae3587f6,True,False,
H1170,P1SIG_f72474bc0ddb,P2SIG_f72474bc0ddb,True,False,
H1171,P1SIG_f72474bc0ddb,P2SIG_f72474bc0ddb,True,False,
H1172,P1SIG_6d6be19f5608,P2SIG_6d6be19f5608,True,False,
H1173,P1SIG_1c53ad8297f8,P2SIG_1c53ad8297f8,True,False,
H1174,P1SIG_24641533cced,P2SIG_24641533cced,True,False,
H1175,P1SIG_155729ed5825,P2SIG_155729ed5825,True,False,
H1176,P1SIG_5007b7c5daae,P2SIG_5007b7c5daae,True,False,
H1177,P1SIG_a6d5e6569946,P2SIG_a6d5e6569946,True,False,
H1178,P1SIG_c4df15bfca5e,P2SIG_c4df15bfca5e,True,False,
H1179,P1SIG_d6715848d9c5,P2SIG_d6715848d9c5,True,False,
H1180,P1SIG_03eceaf747d7,P2SIG_03eceaf747d7,True,False,
H1181,P1SIG_cf1b6d92c31e,P2SIG_cf1b6d92c31e,True,False,
H1182,P1SIG_8f96bd0f52c8,P2SIG_8f96bd0f52c8,True,False,
H1183,P1SIG_a4a73c8fc474,P2SIG_a4a73c8fc474,True,False,
H1184,P1SIG_42b4a7965b1c,P2SIG_42b4a7965b1c,True,False,
H1185,P1SIG_2c3e5ea766a9,P2SIG_2c3e5ea766a9,True,False,
H1186,P1SIG_0e3e9104d4dd,P2SIG_0e3e9104d4dd,True,False,
H1187,P1SIG_c3ec45f3dbf0,P2SIG_c3ec45f3dbf0,True,False,
H1188,P1SIG_0d1021cad155,P2SIG_0d1021cad155,True,False,
H1189,P1SIG_3a49c6706d6e,P2SIG_3a49c6706d6e,True,False,
H1190,P1SIG_db686f1fc52b,P2SIG_db686f1fc52b,True,False,
H1191,P1SIG_c098b07dc6c2,P2SIG_c098b07dc6c2,True,False,
H1192,P1SIG_17cb7e8426b9,P2SIG_17cb7e8426b9,True,False,
H1193,P1SIG_17cb7e8426b9,P2SIG_17cb7e8426b9,True,False,
H1194,P1SIG_17cb7e8426b9,P2SIG_17cb7e8426b9,True,False,
H1195,P1SIG_a57f35712a1e,P2SIG_a57f35712a1e,True,False,
H1196,P1SIG_44c39709264b,P2SIG_44c39709264b,True,False,
H1197,P1SIG_f5d4d1d65c57,P2SIG_f5d4d1d65c57,True,False,
H1198,P1SIG_c22be55e1f48,P2SIG_c22be55e1f48,True,False,
H1199,P1SIG_62b6fb672999,P2SIG_62b6fb672999,True,False,
H1200,P1SIG_b1cfc8363771,P2SIG_b1cfc8363771,True,False,
H1201,P1SIG_da98a13518b0,P2SIG_da98a13518b0,True,False,
H1202,P1SIG_4a976df4b8f6,P2SIG_4a976df4b8f6,True,False,
H1203,P1SIG_71fe0f0f7210,P2SIG_71fe0f0f7210,True,False,
H1204,P1SIG_5007b7c5daae,P2SIG_5007b7c5daae,True,False,
H1205,P1SIG_7c4654aaef41,P2SIG_7c4654aaef41,True,False,
H1206,P1SIG_dd17e8e6814a,P2SIG_dd17e8e6814a,True,False,
H1207,P1SIG_cf1b6d92c31e,P2SIG_cf1b6d92c31e,True,False,
H1208,P1SIG_cf1b6d92c31e,P2SIG_cf1b6d92c31e,True,False,
H1209,P1SIG_1b8c1875da4c,P2SIG_1b8c1875da4c,True,False,
H1210,P1SIG_bf516abe502c,P2SIG_bf516abe502c,True,False,
H1211,P1SIG_fdcc485d52a8,P2SIG_fdcc485d52a8,True,False,
H1212,P1SIG_b8ffaf87c34d,P2SIG_b8ffaf87c34d,True,False,
H1213,P1SIG_de7b6ea10465,P2SIG_de7b6ea10465,True,False,
H1214,P1SIG_ca38343942f6,P2SIG_ca38343942f6,True,False,
H1215,P1SIG_6260999fea64,P2SIG_6260999fea64,True,False,
H1216,P1SIG_f4b2ad141283,P2SIG_f4b2ad141283,True,False,
H1217,P1SIG_6bf526c7746c,P2SIG_6bf526c7746c,True,False,
H1218,P1SIG_19db8d1b42bf,P2SIG_19db8d1b42bf,True,False,
H1219,P1SIG_19db8d1b42bf,P2SIG_19db8d1b42bf,True,False,
H1220,P1SIG_8f2b2da0c7e8,P2SIG_8f2b2da0c7e8,True,False,
H1221,P1SIG_8f2b2da0c7e8,P2SIG_8f2b2da0c7e8,True,False,
H1222,P1SIG_06b6a964fba4,P2SIG_06b6a964fba4,True,False,
H1223,P1SIG_ba4fb545ef78,P2SIG_ba4fb545ef78,True,False,
H1224,P1SIG_06b6a964fba4,P2SIG_06b6a964fba4,True,False,
H1225,P1SIG_06b6a964fba4,P2SIG_06b6a964fba4,True,False,
H1226,P1SIG_40c78bab6c15,P2SIG_40c78bab6c15,True,False,
H1227,P1SIG_06b6a964fba4,P2SIG_06b6a964fba4,True,False,
H1228,P1SIG_615797f8f1a0,P2SIG_615797f8f1a0,True,False,
H1229,P1SIG_a3317d8fce68,P2SIG_a3317d8fce68,True,False,
H1230,P1SIG_615797f8f1a0,P2SIG_615797f8f1a0,True,False,
H1231,P1SIG_615797f8f1a0,P2SIG_615797f8f1a0,True,False,
H1232,P1SIG_a47c1fa3d696,P2SIG_a47c1fa3d696,True,False,
H1233,P1SIG_5bd94cd31993,P2SIG_5bd94cd31993,True,False,
H1234,P1SIG_c57c5cab66af,P2SIG_c57c5cab66af,True,False,
H1235,P1SIG_b9e56aa641d7,P2SIG_b9e56aa641d7,True,False,
H1236,P1SIG_a84426352825,P2SIG_a84426352825,True,False,
H1237,P1SIG_aad5191638e1,P2SIG_aad5191638e1,True,False,
H1238,P1SIG_2c696ef7c110,P2SIG_2c696ef7c110,True,False,
H1239,P1SIG_2c696ef7c110,P2SIG_2c696ef7c110,True,False,
H1240,P1SIG_25bce595388f,P2SIG_25bce595388f,True,False,
H1241,P1SIG_ef58b94c11ae,P2SIG_ef58b94c11ae,True,False,
H1242,P1SIG_ef58b94c11ae,P2SIG_ef58b94c11ae,True,False,
H1243,P1SIG_ef58b94c11ae,P2SIG_ef58b94c11ae,True,False,
H1244,P1SIG_353c5798293c,P2SIG_353c5798293c,True,False,
H1245,P1SIG_e905688855f1,P2SIG_e905688855f1,True,False,
H1246,P1SIG_a12b3ace65f7,P2SIG_a12b3ace65f7,True,False,
H1247,P1SIG_adaf95cb0098,P2SIG_adaf95cb0098,True,False,
H1248,P1SIG_adaf95cb0098,P2SIG_adaf95cb0098,True,False,
H1249,P1SIG_adaf95cb0098,P2SIG_adaf95cb0098,True,False,
H1250,P1SIG_adaf95cb0098,P2SIG_adaf95cb0098,True,False,
H1251,P1SIG_3379727f2d33,P2SIG_3379727f2d33,True,False,
H1252,P1SIG_3379727f2d33,P2SIG_3379727f2d33,True,False,
H1253,P1SIG_3379727f2d33,P2SIG_3379727f2d33,True,False,
H1254,P1SIG_3379727f2d33,P2SIG_3379727f2d33,True,False,
