node_id,node_type,node_type_order
H0002,herb,0
H0580,herb,0
H0581,herb,0
H0582,herb,0
H0583,herb,0
H0584,herb,0
H0585,herb,0
H0586,herb,0
H0587,herb,0
H0588,herb,0
H0589,herb,0
H0590,herb,0
H0591,herb,0
H0592,herb,0
H0593,herb,0
H0595,herb,0
H0597,herb,0
H0598,herb,0
H0599,herb,0
H0600,herb,0
H0601,herb,0
H0602,herb,0
H0603,herb,0
H0605,herb,0
H0606,herb,0
H0607,herb,0
H0608,herb,0
H0609,herb,0
H0611,herb,0
H0612,herb,0
H0614,herb,0
H0615,herb,0
H0616,herb,0
H0618,herb,0
H0619,herb,0
H0622,herb,0
H0624,herb,0
H0625,herb,0
H0627,herb,0
H0629,herb,0
H0631,herb,0
H0634,herb,0
H0635,herb,0
H0636,herb,0
H0637,herb,0
H0638,herb,0
H0640,herb,0
H0641,herb,0
H0645,herb,0
H0646,herb,0
H0647,herb,0
H0648,herb,0
H0649,herb,0
H0650,herb,0
H0651,herb,0
H0652,herb,0
H0653,herb,0
H0654,herb,0
H0657,herb,0
H0658,herb,0
H0659,herb,0
H0660,herb,0
H0662,herb,0
H0665,herb,0
H0666,herb,0
H0667,herb,0
H0668,herb,0
H0669,herb,0
H0671,herb,0
H0673,herb,0
H0674,herb,0
H0675,herb,0
H0676,herb,0
H0677,herb,0
H0678,herb,0
H0679,herb,0
H0680,herb,0
H0681,herb,0
H0682,herb,0
H0683,herb,0
H0685,herb,0
H0686,herb,0
H0687,herb,0
H0688,herb,0
H0689,herb,0
H0695,herb,0
H0696,herb,0
H0698,herb,0
H0700,herb,0
H0702,herb,0
H0703,herb,0
H0704,herb,0
H0705,herb,0
H0706,herb,0
H0707,herb,0
H0708,herb,0
H0709,herb,0
H0710,herb,0
H0711,herb,0
H0712,herb,0
H0713,herb,0
H0714,herb,0
H0715,herb,0
H0716,herb,0
H0717,herb,0
H0718,herb,0
H0719,herb,0
H0720,herb,0
H0721,herb,0
H0722,herb,0
H0723,herb,0
H0725,herb,0
H0726,herb,0
H0727,herb,0
H0728,herb,0
H0730,herb,0
H0731,herb,0
H0733,herb,0
H0734,herb,0
H0735,herb,0
H0736,herb,0
H0737,herb,0
H0738,herb,0
H0740,herb,0
H0741,herb,0
H0742,herb,0
H0743,herb,0
H0745,herb,0
H0746,herb,0
H0748,herb,0
H0750,herb,0
H0751,herb,0
H0752,herb,0
H0753,herb,0
H0754,herb,0
H0755,herb,0
H0756,herb,0
H0757,herb,0
H0758,herb,0
H0760,herb,0
H0764,herb,0
H0766,herb,0
H0767,herb,0
H0768,herb,0
H0769,herb,0
H0770,herb,0
H0771,herb,0
H0772,herb,0
H0773,herb,0
H0774,herb,0
H0775,herb,0
H0776,herb,0
H0777,herb,0
H0778,herb,0
H0779,herb,0
H0780,herb,0
H0781,herb,0
H0782,herb,0
H0783,herb,0
H0784,herb,0
H0785,herb,0
H0786,herb,0
H0787,herb,0
H0788,herb,0
H0789,herb,0
H0790,herb,0
H0796,herb,0
H0797,herb,0
H0798,herb,0
H0799,herb,0
H0800,herb,0
H0801,herb,0
H0802,herb,0
H0803,herb,0
H0804,herb,0
H0805,herb,0
H0806,herb,0
H0807,herb,0
H0808,herb,0
H0809,herb,0
H0810,herb,0
H0811,herb,0
H0813,herb,0
H0815,herb,0
H0816,herb,0
H0817,herb,0
H0818,herb,0
H0819,herb,0
H0821,herb,0
H0822,herb,0
H0824,herb,0
H0825,herb,0
H0827,herb,0
H0829,herb,0
H0830,herb,0
H0831,herb,0
H0832,herb,0
H0833,herb,0
H0834,herb,0
H0835,herb,0
H0836,herb,0
H0837,herb,0
H0839,herb,0
H0840,herb,0
H0841,herb,0
H0843,herb,0
H0844,herb,0
H0845,herb,0
H0846,herb,0
H0848,herb,0
H0849,herb,0
H0850,herb,0
H0852,herb,0
H0853,herb,0
H0854,herb,0
H0855,herb,0
H0856,herb,0
H0857,herb,0
H0858,herb,0
H0859,herb,0
H0860,herb,0
H0861,herb,0
H0862,herb,0
H0863,herb,0
H0864,herb,0
H0865,herb,0
H0866,herb,0
H0867,herb,0
H0868,herb,0
H0869,herb,0
H0870,herb,0
H0871,herb,0
H0872,herb,0
H0873,herb,0
H0878,herb,0
H0879,herb,0
H0880,herb,0
H0881,herb,0
H0882,herb,0
H0884,herb,0
H0886,herb,0
H0887,herb,0
H0888,herb,0
H0889,herb,0
H0890,herb,0
H0891,herb,0
H0892,herb,0
H0893,herb,0
H0896,herb,0
H0898,herb,0
H0899,herb,0
H0900,herb,0
H0902,herb,0
H0903,herb,0
H0904,herb,0
H0905,herb,0
H0906,herb,0
H0908,herb,0
H0909,herb,0
H0910,herb,0
H0911,herb,0
H0912,herb,0
H0913,herb,0
H0914,herb,0
H0916,herb,0
H0917,herb,0
H0918,herb,0
H0921,herb,0
H0923,herb,0
H0925,herb,0
H0926,herb,0
H0927,herb,0
H0928,herb,0
H0929,herb,0
H0930,herb,0
H0931,herb,0
H0933,herb,0
H0934,herb,0
H0935,herb,0
H0936,herb,0
H0938,herb,0
H0939,herb,0
H0943,herb,0
H0944,herb,0
H0945,herb,0
H0946,herb,0
H0947,herb,0
H0948,herb,0
H0949,herb,0
H0950,herb,0
H0951,herb,0
H0952,herb,0
H0953,herb,0
H0954,herb,0
H0955,herb,0
H0956,herb,0
H0958,herb,0
H0959,herb,0
H0960,herb,0
H0961,herb,0
H0962,herb,0
H0963,herb,0
H0964,herb,0
H0965,herb,0
H0967,herb,0
H0968,herb,0
H0969,herb,0
H0972,herb,0
H0973,herb,0
H0974,herb,0
H0975,herb,0
H0976,herb,0
H0977,herb,0
H0978,herb,0
H0979,herb,0
H0980,herb,0
H0981,herb,0
H0982,herb,0
H0983,herb,0
H0984,herb,0
H0985,herb,0
H0986,herb,0
H0987,herb,0
H0989,herb,0
H0990,herb,0
H0991,herb,0
H0993,herb,0
H0994,herb,0
H0996,herb,0
H0997,herb,0
H0998,herb,0
H0999,herb,0
H1000,herb,0
H1002,herb,0
H1003,herb,0
H1004,herb,0
H1005,herb,0
H1007,herb,0
H1009,herb,0
H1010,herb,0
H1011,herb,0
H1012,herb,0
H1013,herb,0
H1014,herb,0
H1015,herb,0
H1016,herb,0
H1017,herb,0
H1019,herb,0
H1020,herb,0
H1022,herb,0
H1023,herb,0
H1026,herb,0
H1027,herb,0
H1028,herb,0
H1029,herb,0
H1030,herb,0
H1031,herb,0
H1032,herb,0
H1033,herb,0
H1035,herb,0
H1037,herb,0
H1039,herb,0
H1040,herb,0
H1041,herb,0
H1042,herb,0
H1043,herb,0
H1045,herb,0
H1046,herb,0
H1047,herb,0
H1048,herb,0
H1049,herb,0
H1050,herb,0
H1051,herb,0
H1052,herb,0
H1053,herb,0
H1055,herb,0
H1057,herb,0
H1059,herb,0
H1061,herb,0
H1062,herb,0
H1063,herb,0
H1064,herb,0
H1065,herb,0
H1066,herb,0
H1067,herb,0
H1068,herb,0
H1069,herb,0
H1070,herb,0
H1071,herb,0
H1072,herb,0
H1073,herb,0
H1074,herb,0
H1075,herb,0
H1076,herb,0
H1077,herb,0
H1078,herb,0
H1079,herb,0
H1080,herb,0
H1081,herb,0
H1082,herb,0
H1083,herb,0
H1084,herb,0
H1085,herb,0
H1087,herb,0
H1088,herb,0
H1092,herb,0
H1093,herb,0
H1094,herb,0
H1095,herb,0
H1096,herb,0
H1097,herb,0
H1100,herb,0
H1101,herb,0
H1103,herb,0
H1104,herb,0
H1105,herb,0
H1106,herb,0
H1107,herb,0
H1108,herb,0
H1109,herb,0
H1110,herb,0
H1111,herb,0
H1112,herb,0
H1114,herb,0
H1115,herb,0
H1118,herb,0
H1119,herb,0
H1120,herb,0
H1121,herb,0
H1122,herb,0
H1124,herb,0
H1126,herb,0
H1127,herb,0
H1129,herb,0
H1130,herb,0
H1132,herb,0
H1133,herb,0
H1134,herb,0
H1135,herb,0
H1136,herb,0
H1137,herb,0
H1139,herb,0
H1140,herb,0
H1141,herb,0
H1142,herb,0
H1143,herb,0
H1144,herb,0
H1147,herb,0
H1148,herb,0
H1149,herb,0
H1150,herb,0
H1151,herb,0
H1152,herb,0
H1153,herb,0
H1155,herb,0
H1156,herb,0
H1157,herb,0
H1158,herb,0
H1159,herb,0
H1160,herb,0
H1163,herb,0
H1164,herb,0
H1167,herb,0
H1168,herb,0
H1169,herb,0
H1170,herb,0
H1171,herb,0
H1172,herb,0
H1173,herb,0
H1174,herb,0
H1175,herb,0
H1176,herb,0
H1177,herb,0
H1179,herb,0
H1180,herb,0
H1181,herb,0
H1182,herb,0
H1183,herb,0
H1185,herb,0
H1187,herb,0
H1190,herb,0
H1192,herb,0
H1193,herb,0
H1194,herb,0
H1195,herb,0
H1196,herb,0
H1198,herb,0
H1199,herb,0
H1200,herb,0
H1201,herb,0
H1202,herb,0
H1203,herb,0
H1204,herb,0
H1205,herb,0
H1206,herb,0
H1207,herb,0
H1208,herb,0
H1209,herb,0
H1210,herb,0
H1211,herb,0
H1212,herb,0
H1214,herb,0
H1216,herb,0
H1217,herb,0
H1218,herb,0
H1219,herb,0
H1220,herb,0
H1221,herb,0
H1222,herb,0
H1223,herb,0
H1224,herb,0
H1225,herb,0
H1226,herb,0
H1227,herb,0
H1228,herb,0
H1229,herb,0
H1230,herb,0
H1231,herb,0
H1232,herb,0
H1233,herb,0
H1236,herb,0
H1238,herb,0
H1239,herb,0
H1241,herb,0
H1242,herb,0
H1243,herb,0
H1245,herb,0
H1247,herb,0
H1248,herb,0
H1249,herb,0
H1250,herb,0
H1251,herb,0
H1252,herb,0
H1253,herb,0
H1254,herb,0
C0001,compound,1
C0002,compound,1
C0003,compound,1
C0004,compound,1
C0005,compound,1
C0006,compound,1
C0007,compound,1
C0008,compound,1
C0009,compound,1
C0010,compound,1
C0011,compound,1
C0012,compound,1
C0013,compound,1
C0014,compound,1
C0015,compound,1
C0016,compound,1
C0017,compound,1
C0019,compound,1
C0020,compound,1
C0022,compound,1
C0023,compound,1
C0024,compound,1
C0025,compound,1
C0026,compound,1
C0027,compound,1
C0028,compound,1
C0029,compound,1
C0030,compound,1
C0031,compound,1
C0033,compound,1
C0034,compound,1
C0035,compound,1
C0036,compound,1
C0037,compound,1
C0038,compound,1
C0039,compound,1
C0040,compound,1
C0041,compound,1
C0042,compound,1
C0043,compound,1
C0044,compound,1
C0045,compound,1
C0046,compound,1
C0047,compound,1
C0048,compound,1
C0049,compound,1
C0050,compound,1
C0051,compound,1
C0052,compound,1
C0053,compound,1
C0054,compound,1
C0055,compound,1
C0056,compound,1
C0057,compound,1
C0058,compound,1
C0059,compound,1
C0060,compound,1
C0061,compound,1
C0062,compound,1
C0063,compound,1
C0064,compound,1
C0065,compound,1
C0066,compound,1
C0067,compound,1
C0068,compound,1
C0069,compound,1
C0070,compound,1
C0071,compound,1
C0072,compound,1
C0073,compound,1
C0074,compound,1
C0075,compound,1
C0076,compound,1
C0077,compound,1
C0078,compound,1
C0079,compound,1
C0080,compound,1
C0081,compound,1
C0082,compound,1
C0083,compound,1
C0084,compound,1
C0085,compound,1
C0086,compound,1
C0087,compound,1
C0088,compound,1
C0089,compound,1
C0090,compound,1
C0091,compound,1
C0093,compound,1
C0094,compound,1
C0095,compound,1
C0096,compound,1
C0097,compound,1
C0098,compound,1
C0099,compound,1
C0100,compound,1
C0101,compound,1
C0102,compound,1
C0103,compound,1
C0104,compound,1
C0105,compound,1
C0106,compound,1
C0107,compound,1
C0108,compound,1
C0109,compound,1
C0110,compound,1
C0112,compound,1
C0113,compound,1
C0114,compound,1
C0115,compound,1
C0116,compound,1
C0118,compound,1
C0119,compound,1
C0122,compound,1
C0123,compound,1
C0124,compound,1
C0125,compound,1
C0126,compound,1
C0127,compound,1
C0128,compound,1
C0129,compound,1
C0130,compound,1
C0132,compound,1
C0133,compound,1
C0134,compound,1
C0135,compound,1
C0136,compound,1
C0137,compound,1
C0138,compound,1
C0139,compound,1
C0140,compound,1
C0141,compound,1
C0142,compound,1
C0143,compound,1
C0144,compound,1
C0145,compound,1
C0146,compound,1
C0147,compound,1
C0148,compound,1
C0149,compound,1
C0150,compound,1
C0151,compound,1
C0152,compound,1
C0153,compound,1
C0154,compound,1
C0155,compound,1
C0156,compound,1
C0157,compound,1
C0158,compound,1
C0159,compound,1
C0160,compound,1
C0161,compound,1
C0162,compound,1
C0163,compound,1
C0164,compound,1
C0166,compound,1
C0167,compound,1
C0168,compound,1
C0169,compound,1
C0170,compound,1
C0171,compound,1
C0172,compound,1
C0173,compound,1
C0174,compound,1
C0175,compound,1
C0176,compound,1
C0177,compound,1
C0178,compound,1
C0179,compound,1
C0180,compound,1
C0181,compound,1
C0182,compound,1
C0183,compound,1
C0184,compound,1
C0185,compound,1
C0186,compound,1
C0187,compound,1
C0188,compound,1
C0189,compound,1
C0190,compound,1
C0191,compound,1
C0192,compound,1
C0193,compound,1
C0194,compound,1
C0196,compound,1
C0197,compound,1
C0198,compound,1
C0199,compound,1
C0200,compound,1
C0201,compound,1
C0202,compound,1
C0203,compound,1
C0204,compound,1
C0205,compound,1
C0206,compound,1
C0207,compound,1
C0208,compound,1
C0209,compound,1
C0210,compound,1
C0211,compound,1
C0212,compound,1
C0213,compound,1
C0214,compound,1
C0215,compound,1
C0216,compound,1
C0218,compound,1
C0219,compound,1
C0220,compound,1
C0221,compound,1
C0222,compound,1
C0223,compound,1
C0224,compound,1
C0225,compound,1
C0226,compound,1
C0227,compound,1
C0228,compound,1
C0229,compound,1
C0230,compound,1
C0231,compound,1
C0232,compound,1
C0233,compound,1
C0235,compound,1
C0236,compound,1
C0237,compound,1
C0238,compound,1
C0239,compound,1
C0240,compound,1
C0241,compound,1
C0242,compound,1
C0243,compound,1
C0244,compound,1
C0245,compound,1
C0246,compound,1
C0247,compound,1
C0248,compound,1
C0249,compound,1
C0250,compound,1
C0251,compound,1
C0252,compound,1
C0253,compound,1
C0254,compound,1
C0255,compound,1
C0256,compound,1
C0257,compound,1
C0258,compound,1
C0259,compound,1
C0260,compound,1
C0261,compound,1
C0262,compound,1
C0263,compound,1
C0264,compound,1
C0265,compound,1
C0266,compound,1
C0267,compound,1
C0268,compound,1
C0269,compound,1
C0270,compound,1
C0271,compound,1
C0272,compound,1
C0273,compound,1
C0274,compound,1
C0275,compound,1
C0276,compound,1
C0277,compound,1
C0278,compound,1
C0279,compound,1
C0280,compound,1
C0281,compound,1
C0282,compound,1
C0283,compound,1
C0284,compound,1
C0285,compound,1
C0286,compound,1
C0287,compound,1
C0288,compound,1
C0289,compound,1
C0290,compound,1
C0291,compound,1
C0292,compound,1
C0293,compound,1
C0294,compound,1
C0295,compound,1
C0296,compound,1
C0297,compound,1
C0298,compound,1
C0299,compound,1
C0300,compound,1
C0301,compound,1
C0302,compound,1
C0303,compound,1
C0304,compound,1
C0305,compound,1
C0306,compound,1
C0307,compound,1
C0308,compound,1
C0309,compound,1
C0310,compound,1
C0311,compound,1
C0312,compound,1
C0314,compound,1
C0315,compound,1
C0316,compound,1
C0317,compound,1
C0318,compound,1
C0320,compound,1
C0321,compound,1
C0322,compound,1
C0323,compound,1
C0324,compound,1
C0325,compound,1
C0326,compound,1
C0327,compound,1
C0328,compound,1
C0329,compound,1
C0330,compound,1
C0331,compound,1
C0332,compound,1
C0333,compound,1
C0334,compound,1
C0335,compound,1
C0336,compound,1
C0337,compound,1
C0338,compound,1
C0339,compound,1
C0340,compound,1
C0342,compound,1
C0343,compound,1
C0344,compound,1
C0345,compound,1
C0346,compound,1
C0347,compound,1
C0348,compound,1
C0349,compound,1
C0350,compound,1
C0351,compound,1
C0352,compound,1
C0353,compound,1
C0354,compound,1
C0355,compound,1
C0356,compound,1
C0357,compound,1
C0358,compound,1
C0359,compound,1
C0361,compound,1
C0362,compound,1
C0363,compound,1
C0364,compound,1
C0365,compound,1
C0366,compound,1
C0368,compound,1
C0369,compound,1
C0370,compound,1
C0371,compound,1
C0372,compound,1
C0373,compound,1
C0374,compound,1
C0375,compound,1
C0376,compound,1
C0377,compound,1
C0378,compound,1
C0379,compound,1
C0380,compound,1
C0381,compound,1
C0382,compound,1
C0383,compound,1
C0384,compound,1
C0385,compound,1
C0386,compound,1
C0387,compound,1
C0388,compound,1
C0389,compound,1
C0390,compound,1
C0391,compound,1
C0392,compound,1
C0393,compound,1
C0394,compound,1
C0395,compound,1
C0396,compound,1
C0397,compound,1
C0398,compound,1
C0399,compound,1
C0400,compound,1
C0401,compound,1
C0402,compound,1
C0403,compound,1
C0404,compound,1
C0405,compound,1
C0406,compound,1
C0407,compound,1
C0408,compound,1
C0409,compound,1
C0410,compound,1
C0411,compound,1
C0412,compound,1
C0413,compound,1
C0414,compound,1
C0415,compound,1
C0416,compound,1
C0417,compound,1
C0418,compound,1
C0419,compound,1
C0420,compound,1
C0421,compound,1
C0422,compound,1
C0423,compound,1
C0424,compound,1
C0425,compound,1
C0426,compound,1
C0427,compound,1
C0428,compound,1
C0429,compound,1
C0430,compound,1
C0431,compound,1
C0432,compound,1
C0433,compound,1
C0434,compound,1
C0435,compound,1
C0436,compound,1
C0437,compound,1
C0438,compound,1
C0439,compound,1
C0440,compound,1
C0441,compound,1
C0442,compound,1
C0443,compound,1
C0444,compound,1
C0445,compound,1
C0446,compound,1
C0447,compound,1
C0448,compound,1
C0449,compound,1
C0450,compound,1
C0451,compound,1
C0452,compound,1
C0453,compound,1
C0454,compound,1
C0455,compound,1
C0456,compound,1
C0457,compound,1
C0458,compound,1
C0459,compound,1
C0460,compound,1
C0461,compound,1
C0462,compound,1
C0463,compound,1
C0464,compound,1
C0465,compound,1
C0466,compound,1
C0467,compound,1
C0469,compound,1
C0470,compound,1
C0471,compound,1
C0472,compound,1
C0473,compound,1
C0474,compound,1
C0475,compound,1
C0476,compound,1
C0477,compound,1
C0478,compound,1
C0479,compound,1
C0480,compound,1
C0481,compound,1
C0482,compound,1
C0483,compound,1
C0484,compound,1
C0485,compound,1
C0486,compound,1
C0487,compound,1
C0488,compound,1
C0489,compound,1
C0490,compound,1
C0491,compound,1
C0492,compound,1
C0493,compound,1
C0494,compound,1
C0495,compound,1
C0496,compound,1
C0497,compound,1
C0498,compound,1
C0499,compound,1
C0500,compound,1
C0501,compound,1
C0502,compound,1
C0503,compound,1
C0504,compound,1
C0505,compound,1
C0506,compound,1
C0507,compound,1
C0508,compound,1
C0509,compound,1
C0510,compound,1
C0511,compound,1
C0512,compound,1
C0513,compound,1
C0514,compound,1
C0515,compound,1
C0516,compound,1
C0517,compound,1
C0518,compound,1
C0519,compound,1
C0520,compound,1
C0521,compound,1
C0522,compound,1
C0523,compound,1
C0524,compound,1
C0525,compound,1
C0526,compound,1
C0527,compound,1
C0528,compound,1
C0529,compound,1
C0530,compound,1
C0531,compound,1
C0532,compound,1
C0533,compound,1
C0534,compound,1
C0535,compound,1
C0536,compound,1
C0537,compound,1
C0538,compound,1
C0539,compound,1
C0540,compound,1
C0541,compound,1
C0542,compound,1
C0544,compound,1
C0545,compound,1
C0546,compound,1
C0547,compound,1
C0548,compound,1
C0549,compound,1
C0550,compound,1
C0551,compound,1
C0552,compound,1
C0553,compound,1
C0554,compound,1
C0555,compound,1
C0556,compound,1
C0557,compound,1
C0558,compound,1
C0559,compound,1
C0560,compound,1
C0561,compound,1
C0562,compound,1
C0563,compound,1
C0564,compound,1
C0565,compound,1
C0566,compound,1
C0567,compound,1
C0568,compound,1
C0569,compound,1
C0570,compound,1
C0571,compound,1
C0572,compound,1
C0573,compound,1
C0574,compound,1
C0575,compound,1
C0577,compound,1
C0578,compound,1
C0579,compound,1
C0581,compound,1
C0582,compound,1
C0583,compound,1
C0584,compound,1
C0585,compound,1
C0586,compound,1
C0587,compound,1
C0588,compound,1
C0589,compound,1
C0590,compound,1
C0591,compound,1
C0593,compound,1
C0594,compound,1
C0595,compound,1
C0596,compound,1
C0597,compound,1
C0598,compound,1
C0599,compound,1
C0600,compound,1
C0601,compound,1
C0602,compound,1
C0603,compound,1
C0604,compound,1
C0605,compound,1
C0606,compound,1
C0607,compound,1
C0608,compound,1
C0609,compound,1
C0610,compound,1
C0611,compound,1
C0612,compound,1
C0613,compound,1
C0614,compound,1
C0615,compound,1
C0616,compound,1
C0617,compound,1
C0618,compound,1
C0619,compound,1
C0620,compound,1
C0621,compound,1
C0622,compound,1
C0623,compound,1
C0624,compound,1
C0625,compound,1
C0626,compound,1
C0627,compound,1
C0628,compound,1
C0629,compound,1
C0630,compound,1
C0631,compound,1
C0632,compound,1
C0633,compound,1
C0634,compound,1
C0635,compound,1
C0636,compound,1
C0637,compound,1
C0638,compound,1
C0639,compound,1
C0640,compound,1
C0641,compound,1
C0642,compound,1
C0643,compound,1
C0644,compound,1
C0645,compound,1
C0646,compound,1
C0647,compound,1
C0648,compound,1
C0649,compound,1
C0650,compound,1
C0651,compound,1
C0652,compound,1
C0653,compound,1
C0654,compound,1
C0655,compound,1
C0656,compound,1
C0657,compound,1
C0658,compound,1
C0659,compound,1
C0660,compound,1
C0661,compound,1
C0662,compound,1
C0663,compound,1
C0664,compound,1
C0665,compound,1
C0666,compound,1
C0667,compound,1
C0668,compound,1
C0669,compound,1
C0670,compound,1
C0671,compound,1
C0672,compound,1
C0673,compound,1
C0674,compound,1
C0675,compound,1
C0676,compound,1
C0677,compound,1
C0678,compound,1
C0679,compound,1
C0680,compound,1
C0681,compound,1
C0682,compound,1
C0683,compound,1
C0684,compound,1
C0685,compound,1
C0686,compound,1
C0687,compound,1
C0688,compound,1
C0689,compound,1
C0690,compound,1
C0691,compound,1
C0692,compound,1
C0693,compound,1
C0694,compound,1
C0695,compound,1
C0696,compound,1
C0697,compound,1
C0698,compound,1
C0699,compound,1
C0700,compound,1
C0701,compound,1
C0702,compound,1
C0703,compound,1
C0704,compound,1
C0705,compound,1
C0706,compound,1
C0707,compound,1
C0708,compound,1
C0709,compound,1
C0710,compound,1
C0711,compound,1
C0712,compound,1
C0713,compound,1
C0714,compound,1
C0715,compound,1
C0716,compound,1
C0717,compound,1
C0718,compound,1
C0719,compound,1
C0720,compound,1
C0721,compound,1
C0722,compound,1
C0723,compound,1
C0724,compound,1
C0725,compound,1
C0726,compound,1
C0727,compound,1
C0728,compound,1
C0729,compound,1
C0730,compound,1
C0731,compound,1
C0732,compound,1
C0733,compound,1
C0734,compound,1
C0735,compound,1
C0736,compound,1
C0737,compound,1
C0738,compound,1
C0739,compound,1
C0740,compound,1
C0741,compound,1
C0742,compound,1
C0743,compound,1
C0744,compound,1
C0745,compound,1
C0746,compound,1
C0747,compound,1
C0748,compound,1
C0749,compound,1
C0750,compound,1
C0751,compound,1
C0752,compound,1
C0753,compound,1
C0754,compound,1
C0755,compound,1
C0756,compound,1
C0757,compound,1
C0758,compound,1
C0759,compound,1
C0760,compound,1
C0761,compound,1
C0762,compound,1
C0763,compound,1
C0764,compound,1
C0765,compound,1
C0766,compound,1
C0768,compound,1
C0769,compound,1
C0771,compound,1
C0772,compound,1
C0773,compound,1
C0774,compound,1
C0775,compound,1
C0776,compound,1
C0777,compound,1
C0778,compound,1
C0779,compound,1
C0780,compound,1
C0781,compound,1
C0782,compound,1
C0783,compound,1
C0784,compound,1
C0785,compound,1
C0786,compound,1
C0787,compound,1
C0788,compound,1
C0789,compound,1
C0790,compound,1
C0791,compound,1
C0792,compound,1
C0793,compound,1
C0794,compound,1
C0795,compound,1
C0796,compound,1
C0797,compound,1
C0798,compound,1
C0799,compound,1
C0800,compound,1
C0801,compound,1
C0802,compound,1
C0803,compound,1
C0804,compound,1
C0805,compound,1
C0806,compound,1
C0807,compound,1
C0808,compound,1
C0809,compound,1
C0810,compound,1
C0811,compound,1
C0812,compound,1
C0813,compound,1
C0814,compound,1
C0815,compound,1
C0816,compound,1
C0817,compound,1
C0818,compound,1
C0819,compound,1
C0821,compound,1
C0822,compound,1
C0823,compound,1
C0824,compound,1
C0825,compound,1
C0826,compound,1
C0827,compound,1
C0828,compound,1
C0829,compound,1
C0830,compound,1
C0831,compound,1
C0832,compound,1
C0833,compound,1
C0834,compound,1
C0835,compound,1
C0836,compound,1
C0837,compound,1
C0838,compound,1
C0839,compound,1
C0840,compound,1
C0841,compound,1
C0842,compound,1
C0843,compound,1
C0844,compound,1
C0845,compound,1
C0846,compound,1
C0847,compound,1
C0848,compound,1
C0849,compound,1
C0850,compound,1
C0851,compound,1
C0852,compound,1
C0853,compound,1
C0854,compound,1
C0855,compound,1
C0856,compound,1
C0857,compound,1
C0858,compound,1
C0859,compound,1
C0860,compound,1
C0861,compound,1
C0862,compound,1
C0863,compound,1
C0864,compound,1
C0865,compound,1
C0866,compound,1
C0867,compound,1
C0868,compound,1
C0869,compound,1
C0870,compound,1
C0871,compound,1
C0872,compound,1
C0873,compound,1
C0874,compound,1
C0875,compound,1
C0876,compound,1
C0877,compound,1
C0878,compound,1
C0879,compound,1
C0880,compound,1
C0881,compound,1
C0882,compound,1
C0883,compound,1
C0884,compound,1
C0885,compound,1
C0886,compound,1
C0887,compound,1
C0888,compound,1
C0889,compound,1
C0890,compound,1
C0891,compound,1
C0892,compound,1
C0893,compound,1
C0894,compound,1
C0895,compound,1
C0896,compound,1
C0897,compound,1
C0898,compound,1
C0899,compound,1
C0900,compound,1
C0901,compound,1
C0902,compound,1
C0903,compound,1
C0904,compound,1
C0905,compound,1
C0906,compound,1
C0907,compound,1
C0908,compound,1
C0910,compound,1
C0911,compound,1
C0912,compound,1
C0913,compound,1
C0914,compound,1
C0915,compound,1
C0916,compound,1
C0917,compound,1
C0918,compound,1
C0919,compound,1
C0920,compound,1
C0921,compound,1
C0922,compound,1
C0923,compound,1
C0924,compound,1
C0925,compound,1
C0926,compound,1
C0927,compound,1
C0928,compound,1
C0929,compound,1
C0930,compound,1
C0931,compound,1
C0932,compound,1
C0933,compound,1
C0934,compound,1
C0935,compound,1
C0956,compound,1
C0987,compound,1
C1008,compound,1
C1019,compound,1
C1030,compound,1
C1051,compound,1
C1092,compound,1
C1103,compound,1
C1114,compound,1
C1125,compound,1
C1136,compound,1
C1162,compound,1
C1163,compound,1
C1164,compound,1
C1165,compound,1
C1166,compound,1
C1167,compound,1
C1168,compound,1
C1169,compound,1
C1170,compound,1
C1171,compound,1
C1172,compound,1
C1173,compound,1
C1174,compound,1
C1175,compound,1
C1176,compound,1
C1177,compound,1
C1178,compound,1
C1179,compound,1
C1180,compound,1
C1181,compound,1
C1182,compound,1
C1183,compound,1
C1184,compound,1
C1185,compound,1
C1186,compound,1
C1187,compound,1
C1188,compound,1
C1189,compound,1
C1190,compound,1
C1191,compound,1
C1192,compound,1
C1193,compound,1
C1194,compound,1
C1195,compound,1
C1196,compound,1
C1197,compound,1
C1198,compound,1
C1199,compound,1
C1200,compound,1
C1201,compound,1
C1202,compound,1
C1203,compound,1
C1204,compound,1
C1205,compound,1
C1206,compound,1
C1207,compound,1
C1208,compound,1
C1209,compound,1
C1210,compound,1
C1211,compound,1
C1212,compound,1
C1213,compound,1
C1214,compound,1
C1215,compound,1
C1216,compound,1
C1217,compound,1
C1218,compound,1
C1219,compound,1
C1220,compound,1
C1221,compound,1
C1222,compound,1
C1223,compound,1
C1224,compound,1
C1225,compound,1
C1226,compound,1
C1227,compound,1
C1228,compound,1
C1229,compound,1
C1230,compound,1
C1231,compound,1
C1232,compound,1
C1233,compound,1
C1234,compound,1
C1235,compound,1
C1236,compound,1
C1237,compound,1
C1238,compound,1
C1239,compound,1
C1240,compound,1
C1241,compound,1
C1242,compound,1
C1243,compound,1
C1244,compound,1
C1245,compound,1
C1246,compound,1
C1247,compound,1
C1248,compound,1
C1249,compound,1
C1250,compound,1
C1251,compound,1
C1252,compound,1
C1253,compound,1
C1254,compound,1
C1255,compound,1
C1256,compound,1
C1257,compound,1
C1258,compound,1
C1259,compound,1
C1260,compound,1
C1261,compound,1
C1262,compound,1
C1263,compound,1
C1264,compound,1
C1265,compound,1
C1266,compound,1
C1267,compound,1
C1268,compound,1
C1269,compound,1
C1270,compound,1
C1271,compound,1
C1272,compound,1
C1273,compound,1
C1274,compound,1
C1275,compound,1
C1276,compound,1
C1277,compound,1
C1278,compound,1
C1279,compound,1
C1280,compound,1
C1281,compound,1
C1282,compound,1
C1283,compound,1
C1284,compound,1
AAGAB,target,2
AATF,target,2
ABAT,target,2
ABCA1,target,2
ABCB1,target,2
ABCB11,target,2
ABCB4,target,2
ABCB6,target,2
ABCC1,target,2
ABCC2,target,2
ABCC3,target,2
ABCC4,target,2
ABCC5,target,2
ABCF3,target,2
ABCG1,target,2
ABCG2,target,2
ABCG5,target,2
ABCG8,target,2
ABHD12,target,2
ABHD15,target,2
ABHD6,target,2
ABL1,target,2
ABL2,target,2
ACACA,target,2
ACAD10,target,2
ACADM,target,2
ACAN,target,2
ACAT1,target,2
ACE,target,2
ACE2,target,2
ACHE,target,2
ACLY,target,2
ACOX1,target,2
ACP1,target,2
ACP5,target,2
ACTA2,target,2
ACVR1,target,2
ADA,target,2
ADAM10,target,2
ADAM17,target,2
ADAM9,target,2
ADAMTS4,target,2
ADAMTS5,target,2
ADCY8,target,2
ADCYAP1,target,2
ADH1C,target,2
ADH4,target,2
ADH5,target,2
ADIPOQ,target,2
ADIPOR1,target,2
ADIPOR2,target,2
ADK,target,2
ADM,target,2
ADORA1,target,2
ADORA2A,target,2
ADORA2B,target,2
ADORA3,target,2
ADRA1A,target,2
ADRA1B,target,2
ADRA1D,target,2
ADRA2A,target,2
ADRA2B,target,2
ADRA2C,target,2
ADRB1,target,2
ADRB2,target,2
ADRB3,target,2
AFP,target,2
AGER,target,2
AGL,target,2
AGRN,target,2
AGRP,target,2
AGT,target,2
AGTR1,target,2
AGTR2,target,2
AGTRAP,target,2
AHCY,target,2
AHCYL1,target,2
AHR,target,2
AHSG,target,2
AIFM1,target,2
AKAP12,target,2
AKR1A1,target,2
AKR1B1,target,2
AKR1B10,target,2
AKR1C1,target,2
AKR1C2,target,2
AKR1C3,target,2
AKR1C4,target,2
AKT1,target,2
AKT2,target,2
ALAS1,target,2
ALB,target,2
ALDH1A1,target,2
ALDH1A2,target,2
ALDH1A3,target,2
ALDH1B1,target,2
ALDH2,target,2
ALDH3A1,target,2
ALDH5A1,target,2
ALDH7A1,target,2
ALDOB,target,2
ALK,target,2
ALKBH1,target,2
ALKBH2,target,2
ALKBH3,target,2
ALKBH5,target,2
ALOX12,target,2
ALOX15,target,2
ALOX15B,target,2
ALOX5,target,2
ALOX5AP,target,2
ALPG,target,2
ALPI,target,2
ALPL,target,2
AMER1,target,2
AMH,target,2
AMY1A,target,2
AMY2A,target,2
ANGPT1,target,2
ANGPT2,target,2
ANGPTL4,target,2
ANO1,target,2
ANPEP,target,2
ANXA1,target,2
AOX1,target,2
APAF1,target,2
APC,target,2
APEX1,target,2
APLN,target,2
APOA1,target,2
APOA4,target,2
APOA5,target,2
APOB,target,2
APOBEC3A,target,2
APOBEC3B,target,2
APOBEC3G,target,2
APOD,target,2
APOE,target,2
APOF,target,2
APOM,target,2
APP,target,2
AQP1,target,2
AQP2,target,2
AQP3,target,2
AQP4,target,2
AQP5,target,2
AQP7,target,2
AQP8,target,2
AQP9,target,2
AR,target,2
ARC,target,2
ARF1,target,2
ARG1,target,2
ARG2,target,2
ARRB1,target,2
ASCL1,target,2
ASGR1,target,2
ASIC3,target,2
ASPH,target,2
ATAD2,target,2
ATF2,target,2
ATF3,target,2
ATF4,target,2
ATF6,target,2
ATG12,target,2
ATG4B,target,2
ATG5,target,2
ATG7,target,2
ATIC,target,2
ATM,target,2
ATP1A1,target,2
ATP2A1,target,2
ATP2A2,target,2
ATP2A3,target,2
ATP4A,target,2
ATP5F1B,target,2
ATP6AP2,target,2
ATP7A,target,2
ATR,target,2
AURKA,target,2
AURKB,target,2
AVP,target,2
AVPR1A,target,2
AVPR1B,target,2
AVPR2,target,2
AXIN1,target,2
AXIN2,target,2
AXL,target,2
AZIN2,target,2
B2M,target,2
BACE1,target,2
BACH1,target,2
BAD,target,2
BAK1,target,2
BAP1,target,2
BARD1,target,2
BAX,target,2
BBC3,target,2
BBOX1,target,2
BCHE,target,2
BCL11A,target,2
BCL2,target,2
BCL2A1,target,2
BCL2L1,target,2
BCL2L10,target,2
BCL2L11,target,2
BCL2L12,target,2
BCL2L2,target,2
BDKRB2,target,2
BDNF,target,2
BECN1,target,2
BGLAP,target,2
BHLHE40,target,2
BHMT,target,2
BID,target,2
BIK,target,2
BIRC2,target,2
BIRC3,target,2
BIRC5,target,2
BIRC7,target,2
BLK,target,2
BMAL1,target,2
BMF,target,2
BMI1,target,2
BMP2,target,2
BMP4,target,2
BMP5,target,2
BMPR2,target,2
BMX,target,2
BNIP3,target,2
BOK,target,2
BRAF,target,2
BRCA1,target,2
BRCA2,target,2
BRD4,target,2
BRF1,target,2
BRSK1,target,2
BSG,target,2
BTK,target,2
BTN3A1,target,2
BTRC,target,2
BUB1,target,2
C3,target,2
C5,target,2
C5AR1,target,2
CA1,target,2
CA12,target,2
CA13,target,2
CA14,target,2
CA2,target,2
CA3,target,2
CA4,target,2
CA5A,target,2
CA5B,target,2
CA6,target,2
CA7,target,2
CA9,target,2
CACNA1C,target,2
CACNA1D,target,2
CACNA1G,target,2
CACNA1H,target,2
CACNA1I,target,2
CACNA1S,target,2
CACNA2D1,target,2
CACUL1,target,2
CALB2,target,2
CALCA,target,2
CALCR,target,2
CALM1,target,2
CALR,target,2
CAMK2A,target,2
CAMK2B,target,2
CAMK2D,target,2
CAMK2G,target,2
CAMK4,target,2
CAMKK2,target,2
CAMP,target,2
CAPN1,target,2
CARM1,target,2
CARTPT,target,2
CASP1,target,2
CASP10,target,2
CASP12,target,2
CASP14,target,2
CASP2,target,2
CASP3,target,2
CASP6,target,2
CASP7,target,2
CASP8,target,2
CASP9,target,2
CASR,target,2
CAT,target,2
CATSPER1,target,2
CAV1,target,2
CAV3,target,2
CBR1,target,2
CBS,target,2
CCK,target,2
CCKAR,target,2
CCKBR,target,2
CCL11,target,2
CCL16,target,2
CCL2,target,2
CCL22,target,2
CCL24,target,2
CCL26,target,2
CCL3,target,2
CCL4,target,2
CCL5,target,2
CCN1,target,2
CCN2,target,2
CCN5,target,2
CCNA2,target,2
CCNB1,target,2
CCND1,target,2
CCND2,target,2
CCND3,target,2
CCNE1,target,2
CCNE2,target,2
CCNG1,target,2
CCR1,target,2
CCR2,target,2
CCR3,target,2
CCR4,target,2
CCR5,target,2
CCR6,target,2
CCR7,target,2
CD14,target,2
CD19,target,2
CD1A,target,2
CD1D,target,2
CD200,target,2
CD209,target,2
CD24,target,2
CD274,target,2
CD276,target,2
CD28,target,2
CD33,target,2
CD34,target,2
CD36,target,2
CD38,target,2
CD4,target,2
CD40,target,2
CD40LG,target,2
CD44,target,2
CD46,target,2
CD55,target,2
CD69,target,2
CD80,target,2
CD81,target,2
CD83,target,2
CD86,target,2
CD9,target,2
CDA,target,2
CDC20,target,2
CDC25A,target,2
CDC25B,target,2
CDC25C,target,2
CDC37,target,2
CDC42,target,2
CDC42BPA,target,2
CDC45,target,2
CDC7,target,2
CDH1,target,2
CDH11,target,2
CDH2,target,2
CDH5,target,2
CDH6,target,2
CDK1,target,2
CDK2,target,2
CDK4,target,2
CDK5,target,2
CDK6,target,2
CDK7,target,2
CDK8,target,2
CDK9,target,2
CDKN1A,target,2
CDKN1B,target,2
CDKN2A,target,2
CDKN2B,target,2
CDKN2C,target,2
CDR1,target,2
CDT1,target,2
CDX2,target,2
CEBPA,target,2
CEBPB,target,2
CEBPD,target,2
CEBPE,target,2
CELF1,target,2
CENPE,target,2
CERS6,target,2
CES1,target,2
CES2,target,2
CETP,target,2
CFL1,target,2
CFLAR,target,2
CFTR,target,2
CGAS,target,2
CHAT,target,2
CHEK2,target,2
CHGA,target,2
CHGB,target,2
CHRM1,target,2
CHRM2,target,2
CHRM3,target,2
CHRM4,target,2
CHRM5,target,2
CHRNA1,target,2
CHRNA3,target,2
CHRNA4,target,2
CHRNA5,target,2
CHRNA6,target,2
CHRNA7,target,2
CHRNA9,target,2
CHRNE,target,2
CHST10,target,2
CHUK,target,2
CIDEB,target,2
CIP2A,target,2
CISD1,target,2
CISD2,target,2
CIT,target,2
CKB,target,2
CLCN3,target,2
CLDN1,target,2
CLDN11,target,2
CLDN2,target,2
CLDN3,target,2
CLDN4,target,2
CLDN5,target,2
CLEC1B,target,2
CLEC2A,target,2
CLEC2B,target,2
CLEC7A,target,2
CLIC1,target,2
CLIP1,target,2
CLK1,target,2
CLK2,target,2
CLK3,target,2
CLK4,target,2
CLPB,target,2
CLU,target,2
CMA1,target,2
CMAHP,target,2
CNGA3,target,2
CNP,target,2
CNR1,target,2
CNR2,target,2
CNTF,target,2
COG2,target,2
COL10A1,target,2
COL18A1,target,2
COL1A1,target,2
COL1A2,target,2
COL2A1,target,2
COL3A1,target,2
COL4A4,target,2
COL7A1,target,2
COL9A1,target,2
COMT,target,2
COPS5,target,2
CORT,target,2
COX8A,target,2
CPD,target,2
CPM,target,2
CPT1A,target,2
CPT1B,target,2
CRBN,target,2
CRCP,target,2
CREB1,target,2
CREB3L3,target,2
CREBBP,target,2
CREM,target,2
CRH,target,2
CRHBP,target,2
CRHR1,target,2
CRHR2,target,2
CRISP2,target,2
CRISPLD2,target,2
CRK,target,2
CRMP1,target,2
CRP,target,2
CRTC1,target,2
CRTC2,target,2
CRYAB,target,2
CRYBA1,target,2
CRYZ,target,2
CS,target,2
CSF1,target,2
CSF2,target,2
CSF3R,target,2
CSN2,target,2
CSNK1D,target,2
CSNK1E,target,2
CSNK2A1,target,2
CSNK2A2,target,2
CSRP1,target,2
CSTB,target,2
CTBP2,target,2
CTDSP1,target,2
CTLA4,target,2
CTNNB1,target,2
CTRB1,target,2
CTRC,target,2
CTSB,target,2
CTSC,target,2
CTSD,target,2
CTSG,target,2
CTSK,target,2
CTSL,target,2
CTSS,target,2
CX3CL1,target,2
CX3CR1,target,2
CXADR,target,2
CXCL1,target,2
CXCL10,target,2
CXCL12,target,2
CXCL13,target,2
CXCL14,target,2
CXCL16,target,2
CXCL2,target,2
CXCL8,target,2
CXCR1,target,2
CXCR4,target,2
CXCR5,target,2
CYBA,target,2
CYBB,target,2
CYCS,target,2
CYP11A1,target,2
CYP11B2,target,2
CYP17A1,target,2
CYP19A1,target,2
CYP1A1,target,2
CYP1A2,target,2
CYP1B1,target,2
CYP21A2,target,2
CYP24A1,target,2
CYP26A1,target,2
CYP27A1,target,2
CYP27B1,target,2
CYP2A13,target,2
CYP2A6,target,2
CYP2B6,target,2
CYP2C19,target,2
CYP2C8,target,2
CYP2C9,target,2
CYP2D6,target,2
CYP2E1,target,2
CYP2J2,target,2
CYP3A4,target,2
CYP3A5,target,2
CYP3A7,target,2
CYP46A1,target,2
CYP4B1,target,2
CYP4F3,target,2
CYP51A1,target,2
CYP7A1,target,2
CYP8B1,target,2
CYSLTR1,target,2
CYSLTR2,target,2
DAG1,target,2
DAGLA,target,2
DAO,target,2
DAPK1,target,2
DAPK2,target,2
DAPK3,target,2
DAXX,target,2
DBH,target,2
DBI,target,2
DBP,target,2
DCK,target,2
DCLK3,target,2
DCT,target,2
DCTPP1,target,2
DDAH1,target,2
DDC,target,2
DDIT3,target,2
DDIT4,target,2
DDIT4L,target,2
DDX5,target,2
DECR1,target,2
DEPTOR,target,2
DFFA,target,2
DFFB,target,2
DGAT1,target,2
DHCR24,target,2
DHCR7,target,2
DHFR,target,2
DHODH,target,2
DIABLO,target,2
DIO1,target,2
DKK1,target,2
DLAT,target,2
DLC1,target,2
DLG4,target,2
DLK1,target,2
DMP1,target,2
DMPK,target,2
DNAH8,target,2
DNAJB4,target,2
DNAJC5,target,2
DNER,target,2
DNMT1,target,2
DNMT3A,target,2
DNMT3B,target,2
DNPEP,target,2
DNPH1,target,2
DNTT,target,2
DOT1L,target,2
DPP4,target,2
DPYD,target,2
DPYSL2,target,2
DRD1,target,2
DRD2,target,2
DRD3,target,2
DRD4,target,2
DRD5,target,2
DSPP,target,2
DUOX2,target,2
DUSP1,target,2
DUSP3,target,2
DYNC1LI1,target,2
DYRK1A,target,2
DYRK1B,target,2
DYRK2,target,2
DYRK3,target,2
DYRK4,target,2
DYSF,target,2
E2F1,target,2
E2F2,target,2
ECE1,target,2
ECI1,target,2
ECM1,target,2
EDN1,target,2
EDN2,target,2
EDN3,target,2
EDNRA,target,2
EDNRB,target,2
EED,target,2
EEF2,target,2
EFNB2,target,2
EGF,target,2
EGFR,target,2
EGLN1,target,2
EGLN3,target,2
EGR1,target,2
EGR2,target,2
EHHADH,target,2
EHMT1,target,2
EHMT2,target,2
EIF2AK2,target,2
EIF2AK3,target,2
EIF2S1,target,2
EIF4A1,target,2
EIF4B,target,2
EIF4E,target,2
EIF4EBP1,target,2
EIF5B,target,2
EIF6,target,2
ELANE,target,2
ELAVL1,target,2
ELAVL3,target,2
ELAVL4,target,2
ELK1,target,2
EMP2,target,2
ENDOG,target,2
ENG,target,2
ENO2,target,2
ENOX2,target,2
ENPEP,target,2
ENPP1,target,2
ENPP2,target,2
ENPP7,target,2
EP300,target,2
EPHA1,target,2
EPHA2,target,2
EPHA3,target,2
EPHA4,target,2
EPHA5,target,2
EPHA6,target,2
EPHA8,target,2
EPHB1,target,2
EPHB4,target,2
EPHB6,target,2
EPHX1,target,2
EPHX2,target,2
EPO,target,2
EPOR,target,2
ERAP1,target,2
ERBB2,target,2
ERBB3,target,2
ERBB4,target,2
ERCC1,target,2
ERG,target,2
ERN1,target,2
ERN2,target,2
ERRFI1,target,2
ESM1,target,2
ESR1,target,2
ESR2,target,2
ESRRA,target,2
ESRRB,target,2
ESRRG,target,2
ETF1,target,2
ETS1,target,2
EYA3,target,2
EZH1,target,2
EZH2,target,2
EZR,target,2
F11R,target,2
F12,target,2
F13A1,target,2
F2,target,2
F2R,target,2
F2RL1,target,2
F3,target,2
FAAH,target,2
FABP1,target,2
FABP2,target,2
FABP3,target,2
FABP4,target,2
FABP5,target,2
FABP6,target,2
FABP7,target,2
FAH,target,2
FANCD2,target,2
FAS,target,2
FASLG,target,2
FASN,target,2
FBLN1,target,2
FBLN2,target,2
FBP1,target,2
FBXO32,target,2
FBXW7,target,2
FCAMR,target,2
FCER1A,target,2
FCER2,target,2
FCGR1A,target,2
FDPS,target,2
FECH,target,2
FEN1,target,2
FFAR1,target,2
FFAR3,target,2
FFAR4,target,2
FGB,target,2
FGF1,target,2
FGF10,target,2
FGF19,target,2
FGF2,target,2
FGF21,target,2
FGF23,target,2
FGF7,target,2
FGFR1,target,2
FGFR2,target,2
FGFR4,target,2
FGR,target,2
FH,target,2
FKBP14,target,2
FKBP1A,target,2
FKBP4,target,2
FKBP5,target,2
FLG,target,2
FLT1,target,2
FLT3,target,2
FLT4,target,2
FN1,target,2
FNDC5,target,2
FOLH1,target,2
FOLR2,target,2
FOS,target,2
FOSB,target,2
FOSL1,target,2
FOSL2,target,2
FOXD3,target,2
FOXM1,target,2
FOXO1,target,2
FOXO3,target,2
FOXP3,target,2
FPR3,target,2
FRK,target,2
FSCN1,target,2
FSHB,target,2
FSHR,target,2
FTH1,target,2
FTO,target,2
FUCA1,target,2
FUNDC1,target,2
FURIN,target,2
FUS,target,2
FUT4,target,2
FUT5,target,2
FUT7,target,2
FUT9,target,2
FXN,target,2
FXR1,target,2
FXYD2,target,2
FYN,target,2
FZD1,target,2
FZD7,target,2
FZD8,target,2
G3BP1,target,2
G6PC1,target,2
G6PD,target,2
GAA,target,2
GABARAP,target,2
GABBR1,target,2
GABRA1,target,2
GABRA2,target,2
GABRA3,target,2
GABRA4,target,2
GABRA5,target,2
GABRB2,target,2
GABRB3,target,2
GABRG1,target,2
GABRG2,target,2
GABRR1,target,2
GABRR3,target,2
GAD1,target,2
GAD2,target,2
GADD45A,target,2
GADD45B,target,2
GAK,target,2
GALE,target,2
GALNT2,target,2
GAMT,target,2
GANAB,target,2
GAP43,target,2
GAPDH,target,2
GAST,target,2
GATA1,target,2
GATA2,target,2
GATA3,target,2
GBA1,target,2
GBA2,target,2
GBA3,target,2
GBF1,target,2
GC,target,2
GCG,target,2
GCK,target,2
GCLC,target,2
GCM1,target,2
GDA,target,2
GDE1,target,2
GDF15,target,2
GDF2,target,2
GDNF,target,2
GFAP,target,2
GFER,target,2
GGT1,target,2
GGT5,target,2
GH1,target,2
GHR,target,2
GHRL,target,2
GHSR,target,2
GJA1,target,2
GJB1,target,2
GJD4,target,2
GK,target,2
GLA,target,2
GLB1,target,2
GLI1,target,2
GLI2,target,2
GLIPR2,target,2
GLO1,target,2
GLP1R,target,2
GLRA1,target,2
GLRA2,target,2
GLS,target,2
GLUD1,target,2
GLUL,target,2
GMPPB,target,2
GNA12,target,2
GNAI1,target,2
GNB3,target,2
GNMT,target,2
GNRH1,target,2
GNRH2,target,2
GNRHR,target,2
GOT1,target,2
GP6,target,2
GPBAR1,target,2
GPCPD1,target,2
GPD1,target,2
GPD2,target,2
GPER1,target,2
GPI,target,2
GPR119,target,2
GPR137,target,2
GPR18,target,2
GPR183,target,2
GPR3,target,2
GPR35,target,2
GPR55,target,2
GPR65,target,2
GPR84,target,2
GPT,target,2
GPX1,target,2
GPX5,target,2
GRIA1,target,2
GRIA4,target,2
GRIN1,target,2
GRIN2A,target,2
GRIN2B,target,2
GRIN2C,target,2
GRIN2D,target,2
GRK2,target,2
GRK4,target,2
GRK5,target,2
GRK6,target,2
GRM1,target,2
GRM5,target,2
GSK3B,target,2
GSN,target,2
GSR,target,2
GSS,target,2
GSTA1,target,2
GSTA2,target,2
GSTK1,target,2
GSTM1,target,2
GSTM2,target,2
GSTM5,target,2
GSTO1,target,2
GSTP1,target,2
GUCA2A,target,2
GUCY1B1,target,2
GUCY2D,target,2
GUSB,target,2
GYPA,target,2
GYPB,target,2
GZMB,target,2
H1-0,target,2
H2AX,target,2
H6PD,target,2
HADHB,target,2
HAMP,target,2
HASPIN,target,2
HAT1,target,2
HAVCR1,target,2
HBB,target,2
HCAR1,target,2
HCAR2,target,2
HCAR3,target,2
HCK,target,2
HCN4,target,2
HCRT,target,2
HDAC1,target,2
HDAC11,target,2
HDAC2,target,2
HDAC3,target,2
HDAC4,target,2
HDAC6,target,2
HDAC8,target,2
HDAC9,target,2
HDC,target,2
HDGF,target,2
HES3,target,2
HEXA,target,2
HEXB,target,2
HFM1,target,2
HGF,target,2
HIF1A,target,2
HIF1AN,target,2
HINT1,target,2
HIPK4,target,2
HK1,target,2
HK2,target,2
HKDC1,target,2
HLA-G,target,2
HLF,target,2
HMGB1,target,2
HMGB3,target,2
HMGCR,target,2
HMGN1,target,2
HMGN3,target,2
HMGN5,target,2
HMOX1,target,2
HNF1A,target,2
HNF4A,target,2
HNMT,target,2
HNRNPA1,target,2
HNRNPA2B1,target,2
HOXA1,target,2
HOXA11,target,2
HOXB13,target,2
HOXC13,target,2
HOXD1,target,2
HP,target,2
HPCA,target,2
HPD,target,2
HPGDS,target,2
HPRT1,target,2
HPSE,target,2
HRAS,target,2
HRH1,target,2
HRH2,target,2
HRH3,target,2
HRH4,target,2
HSD11B1,target,2
HSD11B2,target,2
HSD17B1,target,2
HSD17B2,target,2
HSD17B3,target,2
HSD17B7,target,2
HSD3B1,target,2
HSD3B2,target,2
HSF1,target,2
HSP90AA1,target,2
HSP90AB1,target,2
HSP90B1,target,2
HSP90B2P,target,2
HSPA1A,target,2
HSPA4,target,2
HSPA5,target,2
HSPA8,target,2
HSPB1,target,2
HSPD1,target,2
HTR1A,target,2
HTR1B,target,2
HTR1D,target,2
HTR1E,target,2
HTR1F,target,2
HTR2A,target,2
HTR2B,target,2
HTR2C,target,2
HTR3A,target,2
HTR4,target,2
HTR5A,target,2
HTR6,target,2
HTR7,target,2
HVCN1,target,2
IAPP,target,2
IARS1,target,2
ICAM1,target,2
ICMT,target,2
ID1,target,2
IDE,target,2
IDH1,target,2
IDO1,target,2
IDO2,target,2
IER3,target,2
IER5,target,2
IFI27,target,2
IFIH1,target,2
IFNB1,target,2
IFNG,target,2
IGBP1,target,2
IGF1,target,2
IGF1R,target,2
IGF2,target,2
IGF2BP1,target,2
IGFBP1,target,2
IGFBP2,target,2
IGFBP3,target,2
IGFBP5,target,2
IGHE,target,2
IKBKB,target,2
IKBKG,target,2
IKZF1,target,2
IL10,target,2
IL11,target,2
IL12B,target,2
IL13,target,2
IL13RA2,target,2
IL16,target,2
IL17A,target,2
IL17B,target,2
IL18,target,2
IL1A,target,2
IL1B,target,2
IL2,target,2
IL21,target,2
IL22,target,2
IL2RA,target,2
IL33,target,2
IL4,target,2
IL5,target,2
IL6,target,2
IL6R,target,2
IL7R,target,2
ILK,target,2
IMPA1,target,2
IMPDH1,target,2
IMPDH2,target,2
ING4,target,2
INHA,target,2
INMT,target,2
INPPL1,target,2
INS,target,2
INSR,target,2
IP6K2,target,2
IPMK,target,2
IQGAP2,target,2
IRAK1,target,2
IRAK3,target,2
IRAK4,target,2
IREB2,target,2
IRF1,target,2
IRF3,target,2
IRF9,target,2
IRS1,target,2
ISG20,target,2
ISYNA1,target,2
ITGA2,target,2
ITGA3,target,2
ITGA4,target,2
ITGA5,target,2
ITGAL,target,2
ITGAM,target,2
ITGAV,target,2
ITGB1,target,2
ITGB2,target,2
ITGB3,target,2
ITIH4,target,2
ITK,target,2
ITPR1,target,2
IVL,target,2
JAG1,target,2
JAK1,target,2
JAK2,target,2
JAK3,target,2
JMJD6,target,2
JUN,target,2
JUNB,target,2
JUND,target,2
KAT2A,target,2
KAT2B,target,2
KAT5,target,2
KAT8,target,2
KCNA1,target,2
KCNA2,target,2
KCNA3,target,2
KCNA5,target,2
KCND3,target,2
KCNH1,target,2
KCNH2,target,2
KCNJ11,target,2
KCNJ2,target,2
KCNK10,target,2
KCNK18,target,2
KCNK2,target,2
KCNK3,target,2
KCNK9,target,2
KCNMA1,target,2
KCNMB1,target,2
KCNN2,target,2
KCNN3,target,2
KCNN4,target,2
KCNQ3,target,2
KDM1A,target,2
KDM2A,target,2
KDM3A,target,2
KDM4A,target,2
KDM4B,target,2
KDM4C,target,2
KDM4E,target,2
KDM5A,target,2
KDM5B,target,2
KDM6B,target,2
KDM7A,target,2
KDR,target,2
KEAP1,target,2
KHK,target,2
KIF11,target,2
KIF20A,target,2
KISS1,target,2
KIT,target,2
KITLG,target,2
KL,target,2
KLF1,target,2
KLF11,target,2
KLF15,target,2
KLF2,target,2
KLF4,target,2
KLF5,target,2
KLF7,target,2
KLK10,target,2
KLK3,target,2
KLK4,target,2
KLK5,target,2
KLRB1,target,2
KMT2A,target,2
KMT5C,target,2
KRAS,target,2
KRT1,target,2
KRT10,target,2
KRT14,target,2
KRT20,target,2
KRT5,target,2
KRT6A,target,2
L1CAM,target,2
L3MBTL1,target,2
L3MBTL3,target,2
LALBA,target,2
LAMP1,target,2
LAMP2,target,2
LARS1,target,2
LAT,target,2
LBP,target,2
LCK,target,2
LCN2,target,2
LCT,target,2
LDHA,target,2
LDHB,target,2
LDLR,target,2
LEF1,target,2
LEP,target,2
LEPR,target,2
LGALS3,target,2
LGSN,target,2
LHB,target,2
LIF,target,2
LIMK1,target,2
LIMK2,target,2
LIN28A,target,2
LIN28B,target,2
LIPE,target,2
LIPG,target,2
LMNB1,target,2
LMTK3,target,2
LORICRIN,target,2
LOX,target,2
LOXL2,target,2
LOXL3,target,2
LOXL4,target,2
LPIN1,target,2
LPL,target,2
LPO,target,2
LRIG1,target,2
LRP1,target,2
LRP5,target,2
LRP6,target,2
LRRK2,target,2
LTA4H,target,2
LTB4R,target,2
LTC4S,target,2
LTK,target,2
LY96,target,2
LYN,target,2
LYVE1,target,2
LYZ,target,2
MADCAM1,target,2
MADD,target,2
MAFA,target,2
MAFG,target,2
MAGEC3,target,2
MAOA,target,2
MAOB,target,2
MAP1B,target,2
MAP1LC3A,target,2
MAP1LC3B,target,2
MAP2,target,2
MAP2K1,target,2
MAP2K2,target,2
MAP2K4,target,2
MAP2K5,target,2
MAP2K6,target,2
MAP2K7,target,2
MAP3K1,target,2
MAP3K11,target,2
MAP3K19,target,2
MAP3K2,target,2
MAP3K20,target,2
MAP3K3,target,2
MAP3K5,target,2
MAP3K8,target,2
MAP4K4,target,2
MAP4K5,target,2
MAPK1,target,2
MAPK10,target,2
MAPK11,target,2
MAPK14,target,2
MAPK15,target,2
MAPK3,target,2
MAPK4,target,2
MAPK6,target,2
MAPK7,target,2
MAPK8,target,2
MAPK9,target,2
MAPKAP1,target,2
MAPKAPK2,target,2
MAPKAPK5,target,2
MAPT,target,2
MARCKS,target,2
MARK4,target,2
MAT1A,target,2
MAT2A,target,2
MAT2B,target,2
MB,target,2
MBD2,target,2
MBNL1,target,2
MBP,target,2
MBTD1,target,2
MBTPS1,target,2
MC1R,target,2
MC3R,target,2
MC4R,target,2
MC5R,target,2
MCIDAS,target,2
MCL1,target,2
MCM2,target,2
MCM3,target,2
MCM4,target,2
MCM5,target,2
MCM6,target,2
MCM7,target,2
MCU,target,2
MDC1,target,2
MDH2,target,2
MDK,target,2
MDM2,target,2
MDM4,target,2
ME1,target,2
MECP2,target,2
MEF2A,target,2
MEF2D,target,2
MELK,target,2
MEN1,target,2
MERTK,target,2
MET,target,2
METTL3,target,2
MFN2,target,2
MGAM,target,2
MGAT1,target,2
MGLL,target,2
MGMT,target,2
MGP,target,2
MGST1,target,2
MICAL1,target,2
MIF,target,2
MINK1,target,2
MIOX,target,2
MIP,target,2
MITF,target,2
MKI67,target,2
MKNK1,target,2
MKNK2,target,2
MLC1,target,2
MLNR,target,2
MLXIPL,target,2
MME,target,2
MMP1,target,2
MMP10,target,2
MMP11,target,2
MMP12,target,2
MMP13,target,2
MMP14,target,2
MMP2,target,2
MMP3,target,2
MMP7,target,2
MMP8,target,2
MMP9,target,2
MPDZ,target,2
MPEG1,target,2
MPG,target,2
MPI,target,2
MPL,target,2
MPO,target,2
MPP1,target,2
MPST,target,2
MPZ,target,2
MRC1,target,2
MRGPRX2,target,2
MRGPRX3,target,2
MSH2,target,2
MSH6,target,2
MSI1,target,2
MSR1,target,2
MST1,target,2
MSTN,target,2
MSX2,target,2
MT-CO2,target,2
MT-ND1,target,2
MT-ND2,target,2
MT-ND4,target,2
MT-ND6,target,2
MT1A,target,2
MT2A,target,2
MT3,target,2
MTA1,target,2
MTDH,target,2
MTNR1A,target,2
MTNR1B,target,2
MTOR,target,2
MTR,target,2
MTTP,target,2
MUC1,target,2
MUC2,target,2
MUC4,target,2
MUC5AC,target,2
MUSK,target,2
MVP,target,2
MYB,target,2
MYC,target,2
MYD88,target,2
MYH11,target,2
MYH2,target,2
MYH7,target,2
MYL9,target,2
MYLIP,target,2
MYLK,target,2
MYLK2,target,2
MYLK3,target,2
MYOC,target,2
MYOD1,target,2
NAAA,target,2
NADK,target,2
NAE1,target,2
NAMPT,target,2
NANOG,target,2
NAPEPLD,target,2
NAPRT,target,2
NAT1,target,2
NCCRP1,target,2
NCF1,target,2
NCF2,target,2
NCOA1,target,2
NCOR1,target,2
NDRG2,target,2
NDUFV2,target,2
NEDD4L,target,2
NEIL2,target,2
NEK11,target,2
NEK2,target,2
NEK6,target,2
NEK7,target,2
NES,target,2
NEU1,target,2
NEU2,target,2
NEUROG2,target,2
NF2,target,2
NFATC1,target,2
NFATC4,target,2
NFE2L2,target,2
NFKB1,target,2
NFKBIA,target,2
NGB,target,2
NGF,target,2
NGFR,target,2
NISCH,target,2
NKX2-5,target,2
NKX3-1,target,2
NLK,target,2
NLRC4,target,2
NLRP3,target,2
NME1,target,2
NME4,target,2
NMUR2,target,2
NNMT,target,2
NOD1,target,2
NOD2,target,2
NOS1,target,2
NOS2,target,2
NOS3,target,2
NOTCH1,target,2
NOTCH2,target,2
NOTUM,target,2
NOX1,target,2
NOX3,target,2
NOX4,target,2
NOX5,target,2
NPC1,target,2
NPC1L1,target,2
NPEPPS,target,2
NPHS1,target,2
NPHS2,target,2
NPM1,target,2
NPPA,target,2
NPPB,target,2
NPPC,target,2
NPR2,target,2
NPR3,target,2
NPS,target,2
NPSR1,target,2
NPVF,target,2
NPY,target,2
NPY1R,target,2
NQO1,target,2
NQO2,target,2
NR0B1,target,2
NR0B2,target,2
NR1H2,target,2
NR1H3,target,2
NR1H4,target,2
NR1I2,target,2
NR1I3,target,2
NR2C2,target,2
NR2E1,target,2
NR2F2,target,2
NR3C1,target,2
NR3C2,target,2
NR4A1,target,2
NR4A2,target,2
NR5A1,target,2
NR5A2,target,2
NRF1,target,2
NRG1,target,2
NRG3,target,2
NRP1,target,2
NSD1,target,2
NSD2,target,2
NSFL1C,target,2
NT5E,target,2
NTF3,target,2
NTN1,target,2
NTRK1,target,2
NTRK2,target,2
NTSR1,target,2
NUAK1,target,2
NUAK2,target,2
NUCB2,target,2
NUCLEOLIN,target,2
NUDT1,target,2
NUP62,target,2
NUS1,target,2
OAS3,target,2
OCLN,target,2
ODC1,target,2
OGG1,target,2
OLIG2,target,2
OLR1,target,2
OPCML,target,2
OPN3,target,2
OPN4,target,2
OPRD1,target,2
OPRK1,target,2
OPRM1,target,2
OR51E1,target,2
OR51E2,target,2
ORAI1,target,2
OSBP,target,2
OSBP2,target,2
OSR2,target,2
OTX2,target,2
OXER1,target,2
OXT,target,2
OXTR,target,2
P2RX1,target,2
P2RX2,target,2
P2RX3,target,2
P2RX4,target,2
P2RX7,target,2
P2RY1,target,2
P2RY12,target,2
P2RY14,target,2
P2RY2,target,2
P2RY4,target,2
P2RY6,target,2
P4HA2,target,2
P4HB,target,2
PAEP,target,2
PAK1,target,2
PAK4,target,2
PAM,target,2
PARG,target,2
PARK7,target,2
PARP1,target,2
PARP2,target,2
PAWR,target,2
PAX6,target,2
PAX8,target,2
PBK,target,2
PBRM1,target,2
PCGF1,target,2
PCK1,target,2
PCK2,target,2
PCLAF,target,2
PCMT1,target,2
PCNA,target,2
PCSK1,target,2
PCSK2,target,2
PCSK7,target,2
PCSK9,target,2
PDCD1LG2,target,2
PDCD4,target,2
PDE10A,target,2
PDE1A,target,2
PDE2A,target,2
PDE3A,target,2
PDE3B,target,2
PDE4A,target,2
PDE4B,target,2
PDE4D,target,2
PDE5A,target,2
PDE9A,target,2
PDGFB,target,2
PDGFRB,target,2
PDIA3,target,2
PDIA4,target,2
PDK1,target,2
PDK4,target,2
PDLIM1,target,2
PDPK1,target,2
PDX1,target,2
PDYN,target,2
PEA15,target,2
PECAM1,target,2
PEG10,target,2
PEMT,target,2
PENK,target,2
PER1,target,2
PFKFB3,target,2
PFKM,target,2
PFN1,target,2
PGAM1,target,2
PGD,target,2
PGF,target,2
PGP,target,2
PGR,target,2
PGRMC1,target,2
PHB1,target,2
PHF8,target,2
PHKG1,target,2
PHKG2,target,2
PHLPP2,target,2
PHPT1,target,2
PIAS3,target,2
PIGK,target,2
PIK3CA,target,2
PIK3CB,target,2
PIK3CD,target,2
PIK3CG,target,2
PIK3R1,target,2
PIM1,target,2
PIM2,target,2
PIM3,target,2
PIN1,target,2
PINK1,target,2
PIP4K2C,target,2
PKD2,target,2
PKLR,target,2
PKM,target,2
PKMYT1,target,2
PKN1,target,2
PLA2G1B,target,2
PLA2G2A,target,2
PLA2G4A,target,2
PLA2G7,target,2
PLAGL1,target,2
PLAT,target,2
PLAU,target,2
PLAUR,target,2
PLCG1,target,2
PLD1,target,2
PLEC,target,2
PLEK,target,2
PLG,target,2
PLIN1,target,2
PLK1,target,2
PLK3,target,2
PLK4,target,2
PLP1,target,2
PLSCR1,target,2
PLXNA2,target,2
PMAIP1,target,2
PML,target,2
PMM2,target,2
PMP22,target,2
PNLIP,target,2
PNMT,target,2
PNO1,target,2
PNP,target,2
PNPLA2,target,2
PNPO,target,2
PODXL,target,2
POLA1,target,2
POLB,target,2
POLG,target,2
POLH,target,2
POLI,target,2
POLL,target,2
POMC,target,2
POMK,target,2
PON1,target,2
PON3,target,2
POR,target,2
POU2F1,target,2
POU5F1,target,2
PPARA,target,2
PPARD,target,2
PPARG,target,2
PPARGC1A,target,2
PPID,target,2
PPIP5K1,target,2
PPM1A,target,2
PPP1R12A,target,2
PPP1R1B,target,2
PPP3CA,target,2
PPP5C,target,2
PRC1,target,2
PRDM13,target,2
PRDM2,target,2
PRDX1,target,2
PRDX2,target,2
PRDX5,target,2
PRDX6,target,2
PREP,target,2
PRF1,target,2
PRKAA1,target,2
PRKAA2,target,2
PRKACA,target,2
PRKAG2,target,2
PRKAR1A,target,2
PRKCA,target,2
PRKCB,target,2
PRKCD,target,2
PRKCE,target,2
PRKCG,target,2
PRKCH,target,2
PRKCI,target,2
PRKCQ,target,2
PRKCZ,target,2
PRKD1,target,2
PRKD2,target,2
PRKD3,target,2
PRKDC,target,2
PRKG1,target,2
PRL,target,2
PRMT1,target,2
PRMT3,target,2
PRMT5,target,2
PRMT6,target,2
PRMT7,target,2
PRMT8,target,2
PRNP,target,2
PROCR,target,2
PROM1,target,2
PRRT2,target,2
PRSS1,target,2
PRSS50,target,2
PRSS8,target,2
PSEN1,target,2
PSG1,target,2
PSIP1,target,2
PSMB1,target,2
PSMB2,target,2
PSMB5,target,2
PSMD14,target,2
PSME1,target,2
PTAFR,target,2
PTCH1,target,2
PTEN,target,2
PTGDS,target,2
PTGER2,target,2
PTGER4,target,2
PTGES,target,2
PTGES2,target,2
PTGES3,target,2
PTGFR,target,2
PTGIR,target,2
PTGR1,target,2
PTGS1,target,2
PTGS2,target,2
PTH,target,2
PTHLH,target,2
PTK2,target,2
PTK2B,target,2
PTK6,target,2
PTN,target,2
PTP4A1,target,2
PTP4A3,target,2
PTPA,target,2
PTPN1,target,2
PTPN11,target,2
PTPN13,target,2
PTPN2,target,2
PTPN22,target,2
PTPN6,target,2
PTPN7,target,2
PTPN9,target,2
PTPRC,target,2
PTPRCAP,target,2
PTPRF,target,2
PTPRH,target,2
PTPRS,target,2
PTTG1,target,2
PTX3,target,2
PVALB,target,2
PYGL,target,2
PYGM,target,2
QPCT,target,2
QPCTL,target,2
RAB7A,target,2
RAB9A,target,2
RAC1,target,2
RACK1,target,2
RAD51,target,2
RAD52,target,2
RAF1,target,2
RALA,target,2
RAP1B,target,2
RAPGEF3,target,2
RAPGEF4,target,2
RARA,target,2
RARB,target,2
RARG,target,2
RARRES2,target,2
RASAL2,target,2
RASGRF1,target,2
RASGRP3,target,2
RASSF1,target,2
RB1,target,2
RBP1,target,2
RBP2,target,2
RBP4,target,2
RCAN2,target,2
RECK,target,2
REG1A,target,2
REG3A,target,2
RELA,target,2
REN,target,2
REST,target,2
RET,target,2
RETN,target,2
RFX5,target,2
RGN,target,2
RGS17,target,2
RHEB,target,2
RHO,target,2
RHOA,target,2
RHOB,target,2
RHOC,target,2
RIPK2,target,2
RIPK3,target,2
RIT1,target,2
RNASE3,target,2
RNASEL,target,2
RNF8,target,2
ROCK1,target,2
ROCK2,target,2
RORA,target,2
RORB,target,2
RORC,target,2
ROS1,target,2
RPA1,target,2
RPS6KA1,target,2
RPS6KA2,target,2
RPS6KA3,target,2
RPS6KA4,target,2
RPS6KB1,target,2
RPS9,target,2
RPSA,target,2
RPTOR,target,2
RSAD2,target,2
RTL10,target,2
RTN4,target,2
RUNX2,target,2
RXRA,target,2
RXRB,target,2
RXRG,target,2
RYR1,target,2
RYR2,target,2
S100A1,target,2
S100A10,target,2
S100A8,target,2
S100A9,target,2
S100B,target,2
S100G,target,2
S1PR1,target,2
SAE1,target,2
SALL3,target,2
SAMHD1,target,2
SARM1,target,2
SBK1,target,2
SCAP,target,2
SCARB1,target,2
SCD,target,2
SCN11A,target,2
SCN1A,target,2
SCN2A,target,2
SCN3A,target,2
SCN4A,target,2
SCN5A,target,2
SCN7A,target,2
SCN8A,target,2
SCN9A,target,2
SCNN1A,target,2
SCNN1G,target,2
SCP2,target,2
SDC3,target,2
SDHB,target,2
SELE,target,2
SELENOK,target,2
SELENOS,target,2
SELENOW,target,2
SELL,target,2
SELP,target,2
SEMA3A,target,2
SENP1,target,2
SERPINA1,target,2
SERPINA6,target,2
SERPINB3,target,2
SERPINC1,target,2
SERPINE1,target,2
SERPINF1,target,2
SERPINF2,target,2
SERPINH1,target,2
SERPINI1,target,2
SERTAD1,target,2
SETD7,target,2
SETDB1,target,2
SFN,target,2
SFRP1,target,2
SFRP2,target,2
SFTPA1,target,2
SFTPB,target,2
SGCB,target,2
SGK1,target,2
SGK2,target,2
SGMS2,target,2
SH3GL1,target,2
SH3GL2,target,2
SHBG,target,2
SHC1,target,2
SHH,target,2
SHMT2,target,2
SI,target,2
SIAH1,target,2
SIAH2,target,2
SIGMAR1,target,2
SIK2,target,2
SIRT1,target,2
SIRT2,target,2
SIRT3,target,2
SIRT4,target,2
SIRT5,target,2
SIRT6,target,2
SIX6,target,2
SKI,target,2
SKIL,target,2
SKP2,target,2
SLC10A1,target,2
SLC10A2,target,2
SLC12A2,target,2
SLC12A3,target,2
SLC12A5,target,2
SLC15A1,target,2
SLC15A2,target,2
SLC16A1,target,2
SLC16A2,target,2
SLC16A3,target,2
SLC16A7,target,2
SLC17A5,target,2
SLC17A7,target,2
SLC18A2,target,2
SLC19A2,target,2
SLC19A3,target,2
SLC1A1,target,2
SLC1A2,target,2
SLC1A3,target,2
SLC1A6,target,2
SLC20A2,target,2
SLC22A1,target,2
SLC22A12,target,2
SLC22A2,target,2
SLC22A3,target,2
SLC22A4,target,2
SLC22A6,target,2
SLC22A7,target,2
SLC22A8,target,2
SLC23A1,target,2
SLC23A2,target,2
SLC25A21,target,2
SLC25A5,target,2
SLC26A3,target,2
SLC26A4,target,2
SLC26A6,target,2
SLC28A1,target,2
SLC28A2,target,2
SLC28A3,target,2
SLC29A1,target,2
SLC2A1,target,2
SLC2A2,target,2
SLC2A3,target,2
SLC2A4,target,2
SLC2A9,target,2
SLC32A1,target,2
SLC36A1,target,2
SLC47A1,target,2
SLC47A2,target,2
SLC4A4,target,2
SLC52A1,target,2
SLC5A1,target,2
SLC5A2,target,2
SLC5A4,target,2
SLC5A5,target,2
SLC5A6,target,2
SLC5A7,target,2
SLC60A2,target,2
SLC6A1,target,2
SLC6A11,target,2
SLC6A12,target,2
SLC6A13,target,2
SLC6A15,target,2
SLC6A2,target,2
SLC6A3,target,2
SLC6A4,target,2
SLC6A6,target,2
SLC7A11,target,2
SLC7A5,target,2
SLC9A1,target,2
SLC9A2,target,2
SLC9A3,target,2
SLC9A8,target,2
SLC9B2,target,2
SLC9C1,target,2
SLCO1A2,target,2
SLCO1B1,target,2
SLCO1B3,target,2
SLCO2A1,target,2
SLCO2B1,target,2
SLCO4C1,target,2
SLK,target,2
SLPI,target,2
SMAD1,target,2
SMAD2,target,2
SMAD3,target,2
SMAD4,target,2
SMAD5,target,2
SMAD6,target,2
SMAD7,target,2
SMO,target,2
SMOX,target,2
SMPD1,target,2
SMPD2,target,2
SMYD2,target,2
SMYD3,target,2
SNAI1,target,2
SNAI2,target,2
SNCA,target,2
SNCAIP,target,2
SNX8,target,2
SOAT1,target,2
SOAT2,target,2
SOCS1,target,2
SOCS3,target,2
SOD1,target,2
SOD2,target,2
SOD3,target,2
SORD,target,2
SOST,target,2
SOX2,target,2
SP1,target,2
SP3,target,2
SP6,target,2
SPAG5,target,2
SPARC,target,2
SPHK1,target,2
SPHK2,target,2
SPI1,target,2
SPP1,target,2
SPRY1,target,2
SPTLC2,target,2
SPTSSB,target,2
SRC,target,2
SRD5A1,target,2
SRD5A2,target,2
SREBF1,target,2
SREBF2,target,2
SRR,target,2
SRSF3,target,2
SSTR1,target,2
SSTR2,target,2
SSTR3,target,2
SSTR4,target,2
SSTR5,target,2
ST3GAL1,target,2
ST6GAL2,target,2
ST8SIA2,target,2
STAR,target,2
STARD3,target,2
STARD5,target,2
STARD6,target,2
STAT1,target,2
STAT3,target,2
STAT4,target,2
STAT5A,target,2
STAT5B,target,2
STIM1,target,2
STING1,target,2
STK10,target,2
STK11,target,2
STK17A,target,2
STK17B,target,2
STK36,target,2
STS,target,2
STXBP1,target,2
SUCNR1,target,2
SULT1A1,target,2
SULT1C2,target,2
SULT1E1,target,2
SULT2A1,target,2
SUV39H1,target,2
SUV39H2,target,2
SYK,target,2
SYN1,target,2
SYN2,target,2
SYNJ1,target,2
SYNJ2,target,2
SYP,target,2
TAAR1,target,2
TAAR5,target,2
TAC1,target,2
TACR1,target,2
TACR2,target,2
TACR3,target,2
TACSTD2,target,2
TARDBP,target,2
TAS2R10,target,2
TAS2R14,target,2
TAS2R31,target,2
TAS2R39,target,2
TAS2R46,target,2
TAS2R5,target,2
TAT,target,2
TBK1,target,2
TBXA2R,target,2
TBXAS1,target,2
TCF21,target,2
TCF4,target,2
TCF7L2,target,2
TCIRG1,target,2
TDO2,target,2
TDP1,target,2
TEK,target,2
TEP1,target,2
TERT,target,2
TET1,target,2
TET2,target,2
TF,target,2
TFAM,target,2
TFAP2A,target,2
TFEB,target,2
TFF1,target,2
TFRC,target,2
TG,target,2
TGFA,target,2
TGFB1,target,2
TGFB2,target,2
TGFB3,target,2
TGFBR1,target,2
TGFBR2,target,2
TGM1,target,2
TGM2,target,2
TH,target,2
THBD,target,2
THBS1,target,2
THBS4,target,2
THEM4,target,2
THRA,target,2
THRB,target,2
TICAM2,target,2
TIGAR,target,2
TIMP1,target,2
TIMP2,target,2
TIMP3,target,2
TIMP4,target,2
TIPARP,target,2
TJP1,target,2
TKT,target,2
TLR2,target,2
TLR3,target,2
TLR4,target,2
TLR5,target,2
TLR7,target,2
TLR8,target,2
TLR9,target,2
TMED2,target,2
TMEM97,target,2
TMPRSS11D,target,2
TMPRSS2,target,2
TNF,target,2
TNFAIP3,target,2
TNFRSF10A,target,2
TNFRSF10B,target,2
TNFRSF11A,target,2
TNFRSF11B,target,2
TNFRSF12A,target,2
TNFRSF13B,target,2
TNFRSF1A,target,2
TNFRSF1B,target,2
TNFRSF4,target,2
TNFRSF9,target,2
TNFSF10,target,2
TNFSF11,target,2
TNFSF13B,target,2
TNFSF9,target,2
TNIK,target,2
TNK2,target,2
TNKS,target,2
TNKS2,target,2
TNNI3,target,2
TNNT2,target,2
TOB1,target,2
TOP1,target,2
TOP2A,target,2
TP53,target,2
TPH1,target,2
TPH2,target,2
TPMT,target,2
TPO,target,2
TPP2,target,2
TPT1,target,2
TRAF2,target,2
TRAF6,target,2
TRDMT1,target,2
TREH,target,2
TRIB3,target,2
TRIM24,target,2
TRIM33,target,2
TRIM63,target,2
TRPA1,target,2
TRPC3,target,2
TRPC5,target,2
TRPC6,target,2
TRPM3,target,2
TRPM7,target,2
TRPM8,target,2
TRPV1,target,2
TRPV2,target,2
TRPV3,target,2
TRPV4,target,2
TRPV6,target,2
TSC2,target,2
TSHB,target,2
TSNAX,target,2
TSPO,target,2
TST,target,2
TTK,target,2
TTPA,target,2
TTR,target,2
TUBA1B,target,2
TUBB,target,2
TUBB3,target,2
TWIST1,target,2
TXK,target,2
TXN,target,2
TXN2,target,2
TXNDC17,target,2
TXNIP,target,2
TXNRD1,target,2
TYMS,target,2
TYR,target,2
TYRP1,target,2
UBE2N,target,2
UBE3A,target,2
UBIAD1,target,2
UCHL1,target,2
UCHL3,target,2
UCP1,target,2
UCP2,target,2
UCP3,target,2
UGCG,target,2
UGP2,target,2
UGT1A1,target,2
UGT1A3,target,2
UGT1A4,target,2
UGT1A6,target,2
UGT1A9,target,2
UGT2B10,target,2
UGT2B28,target,2
UGT2B4,target,2
UGT2B7,target,2
UHRF1,target,2
UNC13A,target,2
UNG,target,2
UQCRC1,target,2
URAD,target,2
USP10,target,2
USP47,target,2
USP5,target,2
USP7,target,2
VAMP2,target,2
VASH1,target,2
VASP,target,2
VAV1,target,2
VCAM1,target,2
VCP,target,2
VDR,target,2
VEGFA,target,2
VEGFC,target,2
VIM,target,2
VIP,target,2
VLDLR,target,2
VRK1,target,2
VWF,target,2
WARS2,target,2
WNT1,target,2
WNT3A,target,2
WNT5A,target,2
WT1,target,2
WWOX,target,2
XBP1,target,2
XDH,target,2
XIAP,target,2
XPO1,target,2
XRCC3,target,2
XRCC6,target,2
YAP1,target,2
YARS1,target,2
YBX1,target,2
YES1,target,2
YIF1B,target,2
YWHAZ,target,2
YY1,target,2
ZBTB16,target,2
ZBTB7A,target,2
ZEB1,target,2
ZFHX3,target,2
ZHX2,target,2
